rank_normalised,rank_footfalls,title,year,release_date,is_dubbed,original_language,confidence,nett_cr,nett_source,footfalls_cr,footfalls_method,footfalls_source,footfalls_low_cr,footfalls_high_cr,footfalls_alt_cr,footfalls_alt_source,footfalls_consensus_cr,atp_year_nett,atp_method,population,footfalls_per_1000,cpi_index,nett_cpi_2025_cr,normalised_boxoffice_2025_cr,rel_year_median,year_films_with_nett,rank_per_capita,rank_cpi,rank_rel_year,rank_nominal,tie_flag,verdict
1,1,Sholay,1975,,false,,C,15.0,keepalive_decade,12.5,derived_nett_over_atp,,9.375,15.625,,,16.5,1.2,anchor,611309536.0,204.48,10.163,328.4,2277.5,3.529,6,3,31,10,638,false,All Time Blockbuster
2,2,Mughal-e-Azam,1960,,false,,C,5.5,keepalive_decade,10.0,derived_nett_over_atp,,6.0,14.0,,,10.0,0.55,anchor,435990342.0,229.36,3.188,383.8,1822.0,,4,2,19,,1072,false,All Time Blockbuster
3,3,Mother India,1957,,false,,C,4.0,keepalive_decade,10.0,derived_nett_over_atp,,6.0,14.0,,,10.0,0.4,anchor,406253895.0,246.15,2.82,315.6,1822.0,,4,1,32,,1223,true,All Time Blockbuster
4,4,Hum Aapke Hain Koun,1994,5 Aug 1994,false,,A,72.47,boi_year_page,7.396,sourced,boi_year_page,6.657,8.136,7.396,hungama_footfalls,7.396,11.05,boi_header,941163772.0,78.59,42.277,381.4,1347.6,10.124,49,35,20,1,169,true,All Time Blockbuster
5,5,Gunga Jumna,1961,,false,,C,3.5,keepalive_decade,6.041,derived_nett_over_atp,,3.625,8.458,,,5.25,0.58,anchor_interpolated,446564731.0,135.28,3.263,238.6,1100.7,,3,6,59,,1276,true,Blockbuster
6,6,Sangam,1964,,false,,C,4.0,keepalive_decade,5.907,derived_nett_over_atp,,3.544,8.269,,,5.0,0.68,anchor_interpolated,479229599.0,123.25,3.803,234.0,1076.2,2.286,6,7,64,30,1224,false,Blockbuster
7,7,Naya Daur,1957,,false,,C,2.25,keepalive_decade,5.625,derived_nett_over_atp,,3.375,7.875,,,4.0,0.4,anchor,406253895.0,138.46,2.82,177.5,1024.9,,4,4,115,,1451,false,Blockbuster
8,8,Shree 420,1955,,false,,C,2.0,keepalive_decade,5.284,derived_nett_over_atp,,3.171,7.398,,,4.0,0.38,anchor_interpolated,387700892.0,136.3,2.374,187.4,962.8,,4,5,105,,1475,false,Blockbuster
9,9,Bobby,1973,,false,,C,5.5,keepalive_decade,5.086,derived_nett_over_atp,,3.051,7.12,,,4.25,1.08,anchor_interpolated,583465599.0,87.16,7.606,160.9,926.6,1.913,7,24,138,39,1070,true,Blockbuster
10,10,Gadar,2001,15 Jun 2001,false,,A,76.88,boi_year_page,5.057,sourced,boi_year_page,4.552,5.563,5.057,hungama_footfalls,5.057,26.66,boi_header,1077898579.0,46.92,62.017,275.8,921.5,4.069,50,122,48,8,157,true,All Time Blockbuster
11,11,Muqaddar Ka Sikandar,1978,,false,,C,8.5,keepalive_decade,4.989,derived_nett_over_atp,,3.742,6.236,,,5.25,1.7,anchor_interpolated,655728226.0,76.08,10.693,176.9,909.0,,3,38,116,,867,true,Blockbuster
12,12,Dilwale Dulhania Le Jayenge,1995,20 Oct 1995,false,,A,53.31,boi_year_page,4.797,sourced,boi_year_page,4.317,5.277,4.797,hungama_footfalls,4.797,14.37,boi_header,960301046.0,49.95,46.391,255.7,874.0,4.245,50,113,55,6,235,true,All Time Blockbuster
13,13,Amar Akbar Anthony,1977,,false,,C,7.25,keepalive_decade,4.783,derived_nett_over_atp,,3.587,5.978,,,5.0,1.52,anchor_interpolated,640801106.0,74.63,10.717,150.5,871.4,1.813,5,42,156,46,928,true,Blockbuster
14,14,Mere Mehboob,1963,,false,,C,3.0,keepalive_decade,4.667,derived_nett_over_atp,,2.8,6.533,,,4.0,0.64,anchor_interpolated,468138576.0,99.68,3.445,193.7,850.3,,4,17,94,,1349,false,Blockbuster
15,15,Roti Kapada Aur Makaan,1974,,false,,C,5.25,keepalive_decade,4.609,derived_nett_over_atp,,2.765,6.452,,,3.75,1.14,anchor_interpolated,597041391.0,77.19,9.78,119.4,839.7,,4,36,220,,1097,false,Blockbuster
16,16,Madhumati,1958,,false,,C,2.0,keepalive_decade,4.496,derived_nett_over_atp,,2.698,6.295,,,3.25,0.44,anchor_interpolated,415777436.0,108.15,2.879,154.6,819.3,,2,11,148,,1472,false,Blockbuster
17,17,Dharam Veer,1977,,false,,C,6.75,keepalive_decade,4.453,derived_nett_over_atp,,3.34,5.566,,,4.75,1.52,anchor_interpolated,640801106.0,69.49,10.717,140.1,811.3,1.688,5,53,170,55,968,false,Blockbuster
18,18,Upkar,1967,,false,,C,3.5,keepalive_decade,4.422,derived_nett_over_atp,,2.653,6.19,,,3.75,0.79,anchor_interpolated,511606377.0,86.43,5.299,146.9,805.7,1.75,8,25,160,53,1283,false,Blockbuster
19,19,Johny Mera Naam,1970,,false,,C,4.0,keepalive_decade,4.323,derived_nett_over_atp,,2.594,6.053,,,3.5,0.93,anchor_interpolated,545864271.0,79.2,5.721,155.6,787.7,1.684,5,33,147,56,1221,false,Blockbuster
20,20,Aan,1952,,false,,C,1.5,keepalive_decade,4.306,derived_nett_over_atp,,2.584,6.028,,,,0.35,anchor_interpolated,361874906.0,118.99,2.76,120.9,784.6,,4,8,217,,1519,false,Super Hit
21,21,Waqt,1965,,false,,C,3.0,keepalive_decade,4.206,derived_nett_over_atp,,2.523,5.888,,,3.5,0.71,anchor_interpolated,490140142.0,85.8,4.113,162.3,766.3,1.6,7,26,133,66,1351,false,Blockbuster
22,22,Jai Santoshi Maa,1975,,false,,C,5.0,keepalive_decade,4.167,derived_nett_over_atp,,3.125,5.208,,,4.0,1.2,anchor,611309536.0,68.16,10.163,109.5,759.2,1.176,6,56,257,156,1121,false,All Time Blockbuster
23,23,Kranti,1981,,false,,C,10.0,keepalive_decade,4.134,derived_nett_over_atp,,3.1,5.167,,,5.0,2.42,anchor_interpolated,703696251.0,58.74,16.092,138.3,753.2,1.905,9,84,175,40,800,true,Blockbuster
24,24,Raja Hindustani,1996,11 Nov 1996,false,,A,43.15,boi_year_page,4.098,sourced,boi_year_page,3.688,4.507,4.098,hungama_footfalls,4.01,15.7,boi_header,979678460.0,41.82,48.462,198.1,746.6,3.061,50,136,91,14,282,true,All Time Blockbuster
25,25,Nagin,1954,,false,,C,1.5,keepalive_decade,4.074,derived_nett_over_atp,,2.445,5.704,,,,0.37,anchor_interpolated,378687141.0,107.59,2.584,129.2,742.4,,3,12,191,,1527,true,Blockbuster
26,26,Dhurandhar 2,2026,19 March 2026,false,,A,1108.09,wiki_domnet_original,4.0,sourced,boi_article,3.6,4.4,4.0,hungama_footfalls,4.0,182.2,carry_forward,1477511422.0,27.07,222.489,1108.1,728.8,,4,192,1,,1,true,
27,27,Aradhana,1969,,false,,C,3.5,keepalive_decade,3.985,derived_nett_over_atp,,2.391,5.579,,,3.5,0.88,anchor_interpolated,533880545.0,74.64,5.389,144.5,726.1,1.75,6,41,163,52,1272,true,Blockbuster
28,28,Azaad,1955,,false,,C,1.5,keepalive_decade,3.963,derived_nett_over_atp,,2.378,5.548,,,,0.38,anchor_interpolated,387700892.0,102.22,2.374,140.6,722.1,,4,14,168,,1522,false,Super Hit
29,29,Ankhen,1968,,false,,C,3.25,keepalive_decade,3.898,derived_nett_over_atp,,2.339,5.457,,,3.25,0.83,anchor_interpolated,522716893.0,74.57,5.279,137.0,710.2,,4,43,179,,1300,false,Blockbuster
30,30,Jab Jab Phool Khile,1965,,false,,C,2.75,keepalive_decade,3.855,derived_nett_over_atp,,2.313,5.397,,,,0.71,anchor_interpolated,490140142.0,78.65,4.113,148.8,702.4,1.467,7,34,158,85,1376,false,Blockbuster
31,31,Sanyasi,1975,,false,,C,4.5,keepalive_decade,3.75,derived_nett_over_atp,,2.813,4.688,,,3.25,1.2,anchor,611309536.0,61.34,10.163,98.5,683.3,1.059,6,77,317,189,1175,false,Blockbuster
32,32,Pyaasa,1957,,false,,C,1.5,keepalive_decade,3.75,derived_nett_over_atp,,2.25,5.25,,,,0.4,anchor,406253895.0,92.31,2.82,118.4,683.3,,4,21,225,,1529,true,Super Hit
33,33,Border,1997,13 Jun 1997,false,,A,39.46,boi_year_page,3.708,sourced,boi_year_page,3.337,4.079,3.708,hungama_footfalls,3.708,17.92,boi_header,999133764.0,37.12,50.681,173.2,675.7,2.164,51,156,118,32,305,true,All Time Blockbuster
34,34,Do Raaste,1969,,false,,C,3.25,keepalive_decade,3.7,derived_nett_over_atp,,2.22,5.18,,,,0.88,anchor_interpolated,533880545.0,69.31,5.389,134.2,674.2,1.625,6,55,183,60,1302,true,Blockbuster
35,35,Dangal,2016,23 Dec 2016,false,,A,374.53,boi_year_page,3.7,sourced,boi_year_page,3.33,4.07,3.7,hungama_footfalls,3.7,131.57,boi_header,1343944296.0,27.53,147.346,565.5,674.1,3.466,48,190,6,11,9,true,All Time Blockbuster
36,36,Awaara,1951,,false,,C,1.25,keepalive_decade,3.689,derived_nett_over_atp,,2.213,5.164,,,,0.34,anchor_interpolated,353870058.0,104.24,2.78,100.0,672.1,1.471,5,13,310,84,1547,true,Blockbuster
37,37,Kismet,1943,,false,,C,1.0,keepalive_decade,3.682,derived_nett_over_atp,,2.209,5.154,,,3.75,0.27,anchor_interpolated,324632361.0,113.41,1.724,129.0,670.8,1.818,5,9,192,44,1575,false,All Time Blockbuster
38,38,Phool Aur Patthar,1966,,false,,C,2.75,keepalive_decade,3.66,derived_nett_over_atp,,2.196,5.124,,,,0.75,anchor_interpolated,500740250.0,73.09,4.607,132.8,666.8,1.447,6,45,185,86,1377,false,Blockbuster
39,39,Haathi Mere Saathi,1971,,false,,C,3.5,keepalive_decade,3.591,derived_nett_over_atp,,2.155,5.028,,,,0.97,anchor_interpolated,558096385.0,64.35,6.006,129.7,654.3,1.556,6,70,189,71,1277,false,Blockbuster
40,40,Baiju Bawra,1952,,false,,C,1.25,keepalive_decade,3.588,derived_nett_over_atp,,2.153,5.024,,,,0.35,anchor_interpolated,361874906.0,99.16,2.76,100.8,653.8,,4,18,304,,1548,false,Blockbuster
41,41,Ratan,1944,,false,,C,1.0,keepalive_decade,3.581,derived_nett_over_atp,,2.149,5.014,,,3.6,0.28,anchor_interpolated,327639824.0,109.3,2.034,109.4,652.5,,2,10,259,,1576,true,All Time Blockbuster
42,42,Kuch Kuch Hota Hai,1998,16 Oct 1998,false,,A,46.87,boi_year_page,3.566,sourced,boi_year_page,3.209,3.922,3.566,hungama_footfalls,3.566,19.66,boi_header,1018665080.0,35.0,53.627,194.4,649.7,3.266,50,167,93,12,260,true,All Time Blockbuster
43,43,Dhurandhar,2025,5 December 2025,false,,A,895.96,wiki_domnet_original,3.55,sourced,boi_article,3.195,3.905,3.0,hungama_footfalls,3.55,182.2,ormax_nett,1464245393.0,24.24,222.489,896.0,646.8,3.993,6,201,2,9,2,false,
44,44,Bajrangi Bhaijaan,2015,17 Jul 2015,false,,A,315.49,boi_year_page,3.542,sourced,boi_year_page,3.188,3.896,3.542,hungama_footfalls,3.542,125.97,boi_header,1328024494.0,26.67,140.363,500.1,645.3,2.647,50,196,11,19,15,true,All Time Blockbuster
45,45,Deewaar,1975,,false,,C,4.25,keepalive_decade,3.542,derived_nett_over_atp,,2.656,4.427,,,,1.2,anchor,611309536.0,57.94,10.163,93.0,645.3,0.944,6,86,341,230,1190,true,Super Hit
46,46,PK,2014,19 Dec 2014,false,,A,337.73,boi_year_page,3.506,sourced,boi_year_page,3.155,3.857,3.506,hungama_footfalls,3.506,117.89,boi_header,1312277184.0,26.72,133.849,561.4,638.8,3.004,50,195,7,15,13,true,All Time Blockbuster
47,47,Anarkali,1953,,false,,C,1.25,keepalive_decade,3.49,derived_nett_over_atp,,2.094,4.887,,,,0.36,anchor_interpolated,370104570.0,94.31,2.74,101.5,636.0,,1,19,299,,1546,true,Super Hit
48,48,Ram Aur Shyam,1967,,false,,C,2.75,keepalive_decade,3.474,derived_nett_over_atp,,2.085,4.864,,,,0.79,anchor_interpolated,511606377.0,67.91,5.299,115.5,633.0,1.375,8,58,235,101,1378,false,Super Hit
49,49,Barsaat,1949,,false,,C,1.1,keepalive_decade,3.431,derived_nett_over_atp,,2.058,4.803,,,,0.32,anchor_interpolated,343100264.0,99.99,2.715,90.1,625.1,,4,16,356,,1562,true,Blockbuster
50,50,Gadar 2,2023,11 Aug 2023,false,,A,515.14,boi_year_page,3.4,sourced,boi_article,3.06,3.74,3.4,hungama_footfalls,3.4,166.1,ormax_nett,1438069597.0,23.64,207.414,552.6,619.5,2.333,29,204,8,27,6,true,
51,51,Nastik,1954,,false,,C,1.25,keepalive_decade,3.395,derived_nett_over_atp,,2.037,4.753,,,,0.37,anchor_interpolated,378687141.0,89.66,2.584,107.6,618.6,,3,23,274,,1557,true,Super Hit
52,52,Anmol Ghadi,1946,,false,,C,1.0,keepalive_decade,3.389,derived_nett_over_atp,,2.033,4.744,,,3.25,0.3,anchor_interpolated,333738594.0,101.53,2.475,89.9,617.4,,2,15,359,,1571,false,Blockbuster
53,53,Dus Numbri,1976,,false,,C,4.5,keepalive_decade,3.336,derived_nett_over_atp,,2.502,4.171,,,,1.35,anchor_interpolated,625861887.0,53.31,9.963,100.5,607.9,1.385,5,100,306,99,1170,false,Blockbuster
54,54,Suraj,1966,,false,,C,2.5,keepalive_decade,3.327,derived_nett_over_atp,,1.996,4.658,,,,0.75,anchor_interpolated,500740250.0,66.44,4.607,120.7,606.2,1.316,6,64,218,119,1416,false,Super Hit
55,55,Ayee Milan Ki Bela,1964,,false,,C,2.25,keepalive_decade,3.323,derived_nett_over_atp,,1.994,4.652,,,,0.68,anchor_interpolated,479229599.0,69.33,3.803,131.6,605.4,1.286,6,54,186,122,1444,false,Super Hit
56,56,Jhanak Jhanak Payal Baje,1955,,false,,C,1.25,keepalive_decade,3.303,derived_nett_over_atp,,1.982,4.624,,,,0.38,anchor_interpolated,387700892.0,85.19,2.374,117.1,601.8,,4,28,228,,1556,false,Super Hit
57,57,Jugnu,1973,,false,,C,3.5,keepalive_decade,3.236,derived_nett_over_atp,,1.942,4.531,,,,1.08,anchor_interpolated,583465599.0,55.47,7.606,102.4,589.7,1.217,7,92,292,147,1278,false,Super Hit
58,58,Trishul,1978,,false,,C,5.5,keepalive_decade,3.228,derived_nett_over_atp,,2.421,4.035,,,3.5,1.7,anchor_interpolated,655728226.0,49.23,10.693,114.4,588.2,,3,117,240,,1073,false,Super Hit
59,59,C.I.D,1956,,false,,C,1.25,keepalive_decade,3.213,derived_nett_over_atp,,1.928,4.498,,,,0.39,anchor_interpolated,396988905.0,80.92,2.663,104.4,585.3,,2,30,283,,1549,true,Super Hit
60,60,Sultan,2016,6 Jul 2016,false,,A,300.67,boi_year_page,3.209,sourced,boi_year_page,2.888,3.529,3.209,hungama_footfalls,,131.57,boi_header,1343944296.0,23.87,147.346,454.0,584.6,2.782,48,202,16,17,17,true,Blockbuster
61,61,Stree 2,2024,15 August 2024,false,,A,627.02,wiki_domnet_original,3.2,sourced,boi_article,2.88,3.52,3.2,hungama_footfalls,,173.97,interpolated,1451098474.0,22.05,217.735,640.7,583.1,3.135,17,212,3,13,3,true,
62,62,Barsaat Ki Raat,1960,,false,,C,1.75,keepalive_decade,3.182,derived_nett_over_atp,,1.909,4.455,,,,0.55,anchor,435990342.0,72.98,3.188,122.1,579.7,,4,46,209,,1498,true,Super Hit
63,63,3 Idiots,2009,24 Dec 2009,false,,A,201.37,boi_year_page,3.179,sourced,boi_year_page,2.861,3.496,3.179,hungama_footfalls,,78.63,boi_header,1225524764.0,25.94,91.27,490.9,579.1,4.276,50,197,13,5,38,true,All Time Blockbuster
64,64,Seeta Aur Geeta,1972,,false,,C,3.25,keepalive_decade,3.166,derived_nett_over_atp,,1.899,4.432,,,3.38,1.03,anchor_interpolated,570482138.0,55.49,6.534,110.7,576.8,1.444,6,91,253,88,1303,true,Super Hit
65,65,Farz,1967,,false,,C,2.5,keepalive_decade,3.158,derived_nett_over_atp,,1.895,4.422,,,,0.79,anchor_interpolated,511606377.0,61.73,5.299,105.0,575.5,1.25,8,75,280,137,1413,false,Super Hit
66,66,Himalay Ki God Mein,1965,,false,,C,2.25,keepalive_decade,3.154,derived_nett_over_atp,,1.892,4.416,,,,0.71,anchor_interpolated,490140142.0,64.35,4.113,121.7,574.7,1.2,7,69,212,149,1447,false,Super Hit
67,67,Laila Majnu,1976,,false,,C,4.25,keepalive_decade,3.151,derived_nett_over_atp,,2.363,3.939,,,3.27,1.35,anchor_interpolated,625861887.0,50.35,9.963,94.9,574.1,1.308,5,111,334,120,1194,false,Blockbuster
68,68,Do Ankhen Barah Haath,1957,,false,,C,1.25,keepalive_decade,3.125,derived_nett_over_atp,,1.875,4.375,,,,0.4,anchor,406253895.0,76.92,2.82,98.6,569.4,,4,37,316,,1552,false,Super Hit
69,69,Andaz,1949,,false,,C,1.0,keepalive_decade,3.119,derived_nett_over_atp,,1.871,4.366,,,,0.32,anchor_interpolated,343100264.0,90.9,2.715,81.9,568.3,,4,22,417,,1570,true,Blockbuster
70,70,Kabhi Khushi Kabhie Gham,2001,14 Dec 2001,false,,A,55.65,boi_year_page,3.117,sourced,boi_year_page,2.806,3.429,3.117,hungama_footfalls,,26.66,boi_header,1077898579.0,28.92,62.017,199.6,568.0,2.945,50,186,87,16,228,true,Blockbuster
71,71,Jawan,2023,7 Sep 2023,false,,A,554.3,boi_year_page,3.1,sourced,boi_article,2.79,3.41,3.92,hungama_footfalls,3.5,166.1,ormax_nett,1438069597.0,21.56,207.414,594.6,564.8,2.51,29,217,5,23,5,false,
72,72,Tiger Zinda Hai,2017,22 Dec 2017,false,,A,339.0,boi_year_page,3.089,sourced,boi_year_page,2.78,3.398,3.089,hungama_footfalls,,134.38,boi_header,1359657398.0,22.72,152.254,495.4,562.8,2.632,50,209,12,20,11,true,Blockbuster
73,73,Mera Gaon Mera Desh,1971,,false,,C,3.0,keepalive_decade,3.078,derived_nett_over_atp,,1.847,4.309,,,,0.97,anchor_interpolated,558096385.0,55.15,6.006,111.1,560.9,1.333,6,93,251,115,1348,true,Super Hit
74,74,Kaho Naa Pyaar Hai,2000,14 Jan 2000,false,,A,44.28,boi_year_page,3.066,sourced,boi_year_page,2.76,3.373,3.066,hungama_footfalls,,24.07,boi_header,1057922731.0,28.98,58.975,167.0,558.7,2.592,50,185,126,22,276,true,Super Blockbuster
75,75,Anari,1959,,false,,C,1.5,keepalive_decade,3.033,derived_nett_over_atp,,1.82,4.246,,,,0.49,anchor_interpolated,425780669.0,71.23,2.996,111.4,552.6,,3,49,249,,1521,true,Super Hit
76,76,Basant,1942,,false,,C,0.8,keepalive_decade,3.028,derived_nett_over_atp,,1.817,4.239,,,,0.26,anchor_interpolated,321652504.0,94.13,1.461,121.8,551.7,,4,20,211,,1586,false,Blockbuster
77,77,Junglee,1961,,false,,C,1.75,keepalive_decade,3.021,derived_nett_over_atp,,1.812,4.229,,,,0.58,anchor_interpolated,446564731.0,67.64,3.263,119.3,550.4,,3,59,221,,1501,false,Super Hit
78,78,Daag,1973,,false,,C,3.25,keepalive_decade,3.005,derived_nett_over_atp,,1.803,4.207,,,,1.08,anchor_interpolated,583465599.0,51.51,7.606,95.1,547.6,1.13,7,105,332,168,1301,true,Super Hit
79,79,Chhaava,2025,14 February 2025,false,,A,600.1,wiki_domnet_original,3.0,sourced,boi_article,2.7,3.3,,,,182.2,ormax_nett,1464245393.0,20.49,222.489,600.1,546.6,2.674,6,222,4,18,4,true,
80,80,Naseeb,1981,,false,,C,7.25,keepalive_decade,2.997,derived_nett_over_atp,,2.248,3.746,,,3.75,2.42,anchor_interpolated,703696251.0,42.59,16.092,100.2,546.1,1.381,9,135,308,100,930,true,Hit
81,81,Mera Saaya,1966,,false,,C,2.25,keepalive_decade,2.994,derived_nett_over_atp,,1.797,4.192,,,,0.75,anchor_interpolated,500740250.0,59.8,4.607,108.7,545.6,1.184,6,82,267,152,1450,true,Super Hit
82,82,Karan Arjun,1995,13 Jan 1995,false,,A,25.29,boi_year_page,2.991,sourced,boi_year_page,2.692,3.29,2.991,hungama_footfalls,,14.37,boi_header,960301046.0,31.15,46.391,121.3,545.0,2.014,50,179,214,36,440,true,Super Blockbuster
83,83,Dhoom 3,2013,20 Dec 2013,false,,A,260.63,boi_year_page,2.979,sourced,boi_year_page,2.681,3.277,2.979,hungama_footfalls,,109.75,boi_header,1295829507.0,22.99,125.531,461.9,542.8,2.387,50,206,15,26,25,true,All Time Blockbuster
84,84,Sachha Jhutha,1970,,false,,C,2.75,keepalive_decade,2.972,derived_nett_over_atp,,1.783,4.161,,,,0.93,anchor_interpolated,545864271.0,54.45,5.721,106.9,541.6,1.158,5,96,276,159,1379,true,Super Hit
85,85,Dosti,1964,,false,,C,2.0,keepalive_decade,2.953,derived_nett_over_atp,,1.772,4.135,,,,0.68,anchor_interpolated,479229599.0,61.63,3.803,117.0,538.1,1.143,6,76,229,165,1470,true,Super Hit
86,86,Dil To Pagal Hai,1997,31 Oct 1997,false,,A,34.97,boi_year_page,2.951,sourced,boi_year_page,2.656,3.246,2.951,hungama_footfalls,,17.92,boi_header,999133764.0,29.54,50.681,153.5,537.7,1.918,51,184,149,38,335,true,Blockbuster
87,87,Baazi,1951,,false,,C,1.0,keepalive_decade,2.951,derived_nett_over_atp,,1.771,4.132,,,,0.34,anchor_interpolated,353870058.0,83.39,2.78,80.0,537.7,1.176,5,29,433,157,1572,true,Super Hit
88,88,Coolie,1983,,false,,C,9.0,keepalive_decade,2.945,derived_nett_over_atp,,2.209,3.681,,,7.0,3.06,anchor_interpolated,737372683.0,39.94,17.526,114.3,536.6,1.895,7,145,241,42,841,false,Super Hit
89,89,Vidhaata,1982,,false,,C,8.0,keepalive_decade,2.942,derived_nett_over_atp,,2.207,3.678,,,4.0,2.72,anchor_interpolated,720313473.0,40.85,16.41,108.5,536.1,1.778,11,141,269,48,894,false,Blockbuster
90,90,Pakeezah,1972,,false,,C,3.0,keepalive_decade,2.922,derived_nett_over_atp,,1.753,4.091,,,,1.03,anchor_interpolated,570482138.0,51.22,6.534,102.1,532.4,1.333,6,106,295,116,1350,false,Super Hit
91,91,Pratigya,1975,,false,,C,3.5,keepalive_decade,2.917,derived_nett_over_atp,,2.188,3.646,,,,1.2,anchor,611309536.0,47.71,10.163,76.6,531.4,0.778,6,120,461,327,1282,false,Super Hit
92,92,Udan Khatola,1955,,false,,C,1.1,keepalive_decade,2.906,derived_nett_over_atp,,1.744,4.069,,,,0.38,anchor_interpolated,387700892.0,74.96,2.374,103.1,529.5,,4,40,289,,1563,false,Hit
93,93,Jaal,1952,,false,,C,1.0,keepalive_decade,2.871,derived_nett_over_atp,,1.722,4.019,,,,0.35,anchor_interpolated,361874906.0,79.33,2.76,80.6,523.0,,4,32,430,,1574,true,Super Hit
94,94,Hum Saath Saath Hain,1999,5 Nov 1999,false,,A,39.17,boi_year_page,2.852,sourced,boi_year_page,2.567,3.137,2.852,hungama_footfalls,,21.51,boi_header,1038225822.0,27.47,55.515,157.0,519.6,2.088,51,191,144,33,307,true,Blockbuster
95,95,Ek Phool Do Mali,1969,,false,,C,2.5,keepalive_decade,2.846,derived_nett_over_atp,,1.708,3.985,,,,0.88,anchor_interpolated,533880545.0,53.31,5.389,103.2,518.6,1.25,6,99,287,136,1412,true,Super Hit
96,96,Hamraaz,1967,,false,,C,2.25,keepalive_decade,2.843,derived_nett_over_atp,,1.706,3.98,,,,0.79,anchor_interpolated,511606377.0,55.56,5.299,94.5,517.9,1.125,8,90,336,170,1446,false,Super Hit
97,97,Paigham,1959,,false,,C,1.4,keepalive_decade,2.831,derived_nett_over_atp,,1.698,3.963,,,,0.49,anchor_interpolated,425780669.0,66.48,2.996,104.0,515.7,,3,63,285,,1540,false,Super Hit
98,98,Dushman,1971,,false,,C,2.75,keepalive_decade,2.822,derived_nett_over_atp,,1.693,3.95,,,,0.97,anchor_interpolated,558096385.0,50.56,6.006,101.9,514.1,1.222,6,109,297,145,1375,false,Super Hit
99,99,Chalti Ka Naam Gaadi,1958,,false,,C,1.25,keepalive_decade,2.81,derived_nett_over_atp,,1.686,3.934,,,,0.44,anchor_interpolated,415777436.0,67.59,2.879,96.6,512.0,,2,60,327,,1550,true,Super Hit
100,100,Sanju,2018,29 Jun 2018,false,,A,334.58,boi_year_page,2.806,sourced,boi_year_page,2.526,3.087,2.8,hungama_footfalls,,118.2,derived_boi_matched_n47,1374659067.0,20.42,158.226,470.5,511.3,2.081,50,224,14,34,14,true,Super Blockbuster
101,101,Arzoo,1965,,false,,C,2.0,keepalive_decade,2.804,derived_nett_over_atp,,1.682,3.925,,,,0.71,anchor_interpolated,490140142.0,57.2,4.113,108.2,510.8,1.0,7,87,271,209,1468,true,Super Hit
102,102,Hum Kisi Se Kum Naheen,1977,,false,,C,4.25,keepalive_decade,2.804,derived_nett_over_atp,,2.103,3.504,,,,1.52,anchor_interpolated,640801106.0,43.75,10.717,88.2,510.8,0.81,5,129,373,299,1191,true,Super Hit
103,103,Pathaan,2023,25 Jan 2023,false,,A,512.76,boi_year_page,2.8,sourced,boi_article,2.52,3.08,3.49,hungama_footfalls,,166.1,ormax_nett,1438069597.0,19.47,207.414,550.0,510.2,2.322,29,231,9,29,7,true,
104,104,Qurbani,1980,,false,,C,6.0,keepalive_decade,2.788,derived_nett_over_atp,,2.091,3.485,,,3.25,2.15,anchor_interpolated,687354029.0,40.56,14.339,93.1,507.9,1.412,8,142,339,95,1030,true,Super Hit
105,105,Zanjeer,1973,,false,,C,3.0,keepalive_decade,2.774,derived_nett_over_atp,,1.664,3.884,,,,1.08,anchor_interpolated,583465599.0,47.54,7.606,87.8,505.4,1.0,7,121,377,207,1352,false,Super Hit
106,106,Kohinoor,1960,,false,,C,1.5,keepalive_decade,2.727,derived_nett_over_atp,,1.636,3.818,,,,0.55,anchor,435990342.0,62.55,3.188,104.7,496.9,,4,73,282,,1526,false,Hit
107,107,Khazanchi,1941,,false,,C,0.7,keepalive_decade,2.724,derived_nett_over_atp,,1.634,3.813,,,,0.26,anchor_interpolated,318700000.0,85.46,1.239,125.7,496.3,,4,27,202,,1597,false,Blockbuster
108,108,Taj Mahal,1963,,false,,C,1.75,keepalive_decade,2.722,derived_nett_over_atp,,1.633,3.811,,,,0.64,anchor_interpolated,468138576.0,58.15,3.445,113.0,496.0,,4,85,244,,1503,false,Super Hit
109,109,Taxi Driver,1954,,false,,C,1.0,keepalive_decade,2.716,derived_nett_over_atp,,1.63,3.803,,,,0.37,anchor_interpolated,378687141.0,71.73,2.584,86.1,494.9,,3,48,389,,1577,false,Hit
110,110,Aan Milo Sajna,1970,,false,,C,2.5,keepalive_decade,2.702,derived_nett_over_atp,,1.621,3.783,,,,0.93,anchor_interpolated,545864271.0,49.5,5.721,97.2,492.3,1.0,5,115,321,208,1409,true,Super Hit
111,111,Animal,2023,1 Dec 2023,false,,A,500.51,boi_year_page,2.7,sourced,boi_article,2.43,2.97,3.0,hungama_footfalls,,166.1,ormax_nett,1438069597.0,18.78,207.414,536.9,491.9,2.266,29,239,10,31,8,true,
112,112,Meri Awaaz Suno,1981,,false,,C,6.5,keepalive_decade,2.687,derived_nett_over_atp,,2.015,3.359,,,3.25,2.42,anchor_interpolated,703696251.0,38.18,16.092,89.9,489.6,1.238,9,154,360,142,983,true,Super Hit
113,113,Mohabbatein,2000,27 Oct 2000,false,,A,41.88,boi_year_page,2.672,sourced,boi_year_page,2.405,2.94,2.672,hungama_footfalls,,24.07,boi_header,1057922731.0,25.26,58.975,158.0,486.9,2.452,50,199,142,24,291,true,Blockbuster
114,114,Albela,1951,,false,,C,0.9,keepalive_decade,2.656,derived_nett_over_atp,,1.594,3.718,,,,0.34,anchor_interpolated,353870058.0,75.06,2.78,72.0,483.9,1.0,5,39,503,210,1583,true,Super Hit
115,115,Chor Machaye Shor,1974,,false,,C,3.0,keepalive_decade,2.633,derived_nett_over_atp,,1.58,3.687,,,,1.14,anchor_interpolated,597041391.0,44.11,9.78,68.2,479.8,,4,128,524,,1346,false,Super Hit
116,116,Suhaag,1979,,false,,C,5.0,keepalive_decade,2.611,derived_nett_over_atp,,1.958,3.264,,,,1.91,anchor_interpolated,671155746.0,38.9,11.939,93.2,475.7,,3,150,338,,1123,false,Hit
117,117,Nagin,1976,,false,,C,3.5,keepalive_decade,2.595,derived_nett_over_atp,,1.946,3.244,,,,1.35,anchor_interpolated,625861887.0,41.46,9.963,78.2,472.8,0.966,5,138,445,224,1281,false,Super Hit
118,118,Ziddi,1964,,false,,C,1.75,keepalive_decade,2.584,derived_nett_over_atp,,1.551,3.618,,,,0.68,anchor_interpolated,479229599.0,53.92,3.803,102.4,470.8,0.875,6,97,293,258,1504,false,Super Hit
119,119,Tansen,1943,,false,,C,0.7,keepalive_decade,2.577,derived_nett_over_atp,,1.546,3.608,,,,0.27,anchor_interpolated,324632361.0,79.39,1.724,90.3,469.6,1.273,5,31,355,128,1598,false,Blockbuster
120,120,Ek Hi Rasta,1956,,false,,C,1.0,keepalive_decade,2.57,derived_nett_over_atp,,1.542,3.598,,,,0.39,anchor_interpolated,396988905.0,64.74,2.663,83.5,468.3,,2,67,408,,1573,false,Hit
121,121,Yaadon Ki Baarat,1973,,false,,C,2.75,keepalive_decade,2.543,derived_nett_over_atp,,1.526,3.56,,,,1.08,anchor_interpolated,583465599.0,43.58,7.606,80.4,463.3,0.88,7,130,431,257,1380,false,Hit
122,122,Teesri Manzil,1966,,false,,C,1.9,keepalive_decade,2.529,derived_nett_over_atp,,1.517,3.54,,,,0.75,anchor_interpolated,500740250.0,50.5,4.607,91.7,460.7,0.844,6,110,345,276,1480,false,Hit
123,123,Navrang,1959,,false,,C,1.25,keepalive_decade,2.527,derived_nett_over_atp,,1.516,3.538,,,,0.49,anchor_interpolated,425780669.0,59.36,2.996,92.8,460.5,,3,83,342,,1558,false,Super Hit
124,124,Shagird,1967,,false,,C,2.0,keepalive_decade,2.527,derived_nett_over_atp,,1.516,3.537,,,,0.79,anchor_interpolated,511606377.0,49.39,5.299,84.0,460.4,0.889,8,116,403,252,1474,true,Super Hit
125,125,Chennai Express,2013,8 Aug 2013,false,,A,207.69,boi_year_page,2.523,sourced,boi_year_page,2.27,2.775,2.523,hungama_footfalls,,109.75,boi_header,1295829507.0,19.47,125.531,368.1,459.6,1.902,50,232,22,41,35,true,Blockbuster
126,126,Dabangg,2010,10 Sep 2010,false,,A,141.25,boi_year_page,2.509,sourced,boi_year_page,2.258,2.759,2.509,hungama_footfalls,,88.6,boi_header,1243481565.0,20.17,100.0,314.3,457.1,2.332,50,227,34,28,65,true,Blockbuster
127,127,Mahal,1949,,false,,C,0.8,keepalive_decade,2.495,derived_nett_over_atp,,1.497,3.493,,,,0.32,anchor_interpolated,343100264.0,72.72,2.715,65.6,454.6,,4,47,549,,1589,true,Super Hit
128,128,Laawaris,1981,,false,,C,6.0,keepalive_decade,2.48,derived_nett_over_atp,,1.86,3.1,,,,2.42,anchor_interpolated,703696251.0,35.25,16.092,83.0,451.9,1.143,9,165,412,164,1028,true,Super Hit
129,129,Ek Tha Tiger,2012,15 Aug 2012,false,,A,186.15,boi_year_page,2.474,sourced,boi_year_page,2.227,2.721,2.474,hungama_footfalls,,101.74,boi_header,1278674501.0,19.35,118.092,350.7,450.8,1.763,50,233,26,50,46,true,Blockbuster
130,130,Parvarish,1977,,false,,C,3.75,keepalive_decade,2.474,derived_nett_over_atp,,1.855,3.092,,,,1.52,anchor_interpolated,640801106.0,38.6,10.717,77.8,450.7,0.682,5,151,449,402,1254,true,Hit
131,131,Ram Teri Ganga Maili,1985,,false,,C,9.5,keepalive_decade,2.461,derived_nett_over_atp,,1.846,3.076,,,4.0,3.86,anchor_interpolated,772647800.0,31.85,19.616,107.8,448.4,,3,177,273,,818,false,All Time Blockbuster
132,132,Bees Saal Baad,1962,,false,,C,1.5,keepalive_decade,2.458,derived_nett_over_atp,,1.475,3.441,,,,0.61,anchor_interpolated,457283091.0,53.75,3.295,101.3,447.8,,2,98,300,,1523,false,Super Hit
133,133,Guide,1965,,false,,C,1.75,keepalive_decade,2.453,derived_nett_over_atp,,1.472,3.435,,,,0.71,anchor_interpolated,490140142.0,50.05,4.113,94.7,447.0,0.824,7,112,335,288,1499,false,Hit
134,134,Zeenat,1945,,false,,C,0.7,keepalive_decade,2.438,derived_nett_over_atp,,1.463,3.414,,,,0.29,anchor_interpolated,330675149.0,73.74,2.4,64.9,444.3,,2,44,554,,1599,false,Blockbuster
135,135,Raja Jani,1972,,false,,C,2.5,keepalive_decade,2.435,derived_nett_over_atp,,1.461,3.409,,,,1.03,anchor_interpolated,570482138.0,42.69,6.534,85.1,443.7,1.111,6,133,394,173,1415,false,Hit
136,136,Purab Aur Pachhim,1970,,false,,C,2.25,keepalive_decade,2.432,derived_nett_over_atp,,1.459,3.405,,,,0.93,anchor_interpolated,545864271.0,44.55,5.721,87.5,443.1,0.857,5,127,380,268,1453,true,Hit
137,137,Kick,2014,25 Jul 2014,false,,A,211.63,boi_year_page,2.419,sourced,boi_year_page,2.177,2.661,2.419,hungama_footfalls,,117.89,boi_header,1312277184.0,18.44,133.849,351.8,440.8,1.882,50,242,25,43,34,true,Blockbuster
138,138,Shaheed,1948,,false,,C,0.75,keepalive_decade,2.405,derived_nett_over_atp,,1.443,3.367,,,,0.31,anchor_interpolated,339950887.0,70.74,2.633,63.4,438.1,,4,50,576,,1593,true,Super Hit
139,139,Ghajini,2008,25 Dec 2008,false,,A,114.1,boi_year_page,2.401,sourced,boi_year_page,2.161,2.642,2.401,hungama_footfalls,,69.76,boi_header,1207930960.0,19.88,89.379,284.0,437.5,2.051,50,230,43,35,90,true,Blockbuster
140,140,Do Kaliyan,1968,,false,,C,2.0,keepalive_decade,2.399,derived_nett_over_atp,,1.439,3.358,,,,0.83,anchor_interpolated,522716893.0,45.89,5.279,84.3,437.0,,4,125,401,,1469,true,Super Hit
141,141,Prem Rog,1982,,false,,C,6.5,keepalive_decade,2.391,derived_nett_over_atp,,1.793,2.988,,,,2.72,anchor_interpolated,720313473.0,33.19,16.41,88.1,435.6,1.444,11,173,374,87,984,false,Super Hit
142,142,Love Story,1981,,false,,C,5.75,keepalive_decade,2.377,derived_nett_over_atp,,1.783,2.971,,,,2.42,anchor_interpolated,703696251.0,33.78,16.092,79.5,433.1,1.07,9,172,437,184,1050,false,Blockbuster
143,143,Deedar,1951,,false,,C,0.8,keepalive_decade,2.361,derived_nett_over_atp,,1.417,3.305,,,,0.34,anchor_interpolated,353870058.0,66.72,2.78,64.0,430.2,0.842,5,62,566,277,1588,false,Hit
144,144,Jaani Dushman,1979,,false,,C,4.5,keepalive_decade,2.35,derived_nett_over_atp,,1.762,2.937,,,,1.91,anchor_interpolated,671155746.0,35.01,11.939,83.9,428.2,,3,166,405,,1171,true,Super Hit
145,145,Padmaavat,2018,25 Jan 2018,false,,A,282.28,boi_year_page,2.344,sourced,boi_year_page,2.11,2.579,2.344,hungama_footfalls,,118.2,derived_boi_matched_n47,1374659067.0,17.05,158.226,396.9,427.1,1.756,50,262,17,51,20,true,Blockbuster
146,146,Phir Wohi Dil Laya Hoon,1963,,false,,C,1.5,keepalive_decade,2.333,derived_nett_over_atp,,1.4,3.267,,,,0.64,anchor_interpolated,468138576.0,49.84,3.445,96.9,425.1,,4,114,325,,1528,true,Super Hit
147,147,Love In Tokyo,1966,,false,,C,1.75,keepalive_decade,2.329,derived_nett_over_atp,,1.397,3.26,,,,0.75,anchor_interpolated,500740250.0,46.51,4.607,84.5,424.3,0.778,6,123,398,329,1502,false,Hit
148,148,Aasha,1980,,false,,C,5.0,keepalive_decade,2.323,derived_nett_over_atp,,1.742,2.904,,,,2.15,anchor_interpolated,687354029.0,33.8,14.339,77.6,423.3,1.176,8,171,452,155,1117,true,Blockbuster
149,149,Kabir Singh,2019,21 Jun 2019,false,,A,276.34,boi_year_page,2.316,sourced,boi_year_page,2.084,2.548,2.6,hungama_footfalls,,133.83,derived_boi_matched_n48,1389030307.0,16.67,164.163,374.5,422.0,1.407,50,269,21,97,22,true,Super Blockbuster
150,150,Kahani Kismat Ki,1973,,false,,C,2.5,keepalive_decade,2.312,derived_nett_over_atp,,1.387,3.236,,,,1.08,anchor_interpolated,583465599.0,39.62,7.606,73.1,421.2,0.8,7,147,496,309,1414,true,Hit
151,151,Chacha Bhatija,1977,,false,,C,3.5,keepalive_decade,2.309,derived_nett_over_atp,,1.732,2.886,,,,1.52,anchor_interpolated,640801106.0,36.03,10.717,72.7,420.7,0.636,5,161,500,431,1273,false,Hit
152,152,Maryada,1971,,false,,C,2.25,keepalive_decade,2.309,derived_nett_over_atp,,1.385,3.232,,,,0.97,anchor_interpolated,558096385.0,41.37,6.006,83.4,420.6,0.818,6,139,409,290,1449,false,Hit
153,153,Daag,1952,,false,,C,0.8,keepalive_decade,2.296,derived_nett_over_atp,,1.378,3.215,,,,0.35,anchor_interpolated,361874906.0,63.46,2.76,64.5,418.4,,4,71,562,,1587,false,Hit
154,154,Prince,1969,,false,,C,2.0,keepalive_decade,2.277,derived_nett_over_atp,,1.366,3.188,,,,0.88,anchor_interpolated,533880545.0,42.65,5.389,82.6,414.9,0.8,6,134,414,310,1473,true,Hit
155,155,Prem Ratan Dhan Payo,2015,12 Nov 2015,false,,A,194.31,boi_year_page,2.276,sourced,boi_year_page,2.049,2.504,2.276,hungama_footfalls,,125.97,boi_header,1328024494.0,17.14,140.363,308.0,414.7,1.63,50,261,36,59,44,true,Hit
156,156,Samadhi,1950,,false,,C,0.75,keepalive_decade,2.275,derived_nett_over_atp,,1.365,3.186,,,,0.33,anchor_interpolated,346278818.0,65.71,2.8,59.6,414.6,,2,66,611,,1592,true,Hit
157,157,Chaudhvin Ka Chand,1960,,false,,C,1.25,keepalive_decade,2.273,derived_nett_over_atp,,1.364,3.182,,,,0.55,anchor,435990342.0,52.13,3.188,87.2,414.1,,4,103,382,,1551,false,Hit
158,158,Maine Pyar Kiya,1989,,false,,C,14.0,keepalive_decade,2.272,derived_nett_over_atp,,1.704,2.841,,,7.97,6.16,anchor_interpolated,846039528.0,26.86,25.697,121.2,414.1,,3,193,215,,663,false,All Time Blockbuster
159,159,Khandan,1942,,false,,C,0.6,keepalive_decade,2.271,derived_nett_over_atp,,1.363,3.179,,,,0.26,anchor_interpolated,321652504.0,70.6,1.461,91.3,413.8,,4,51,348,,1605,false,Super Hit
160,160,Chandralekha,1948,,false,,C,0.7,keepalive_decade,2.244,derived_nett_over_atp,,1.347,3.142,,,,0.31,anchor_interpolated,339950887.0,66.02,2.633,59.2,408.9,,4,65,616,,1596,false,Hit
161,161,Hera Pheri,1976,,false,,C,3.0,keepalive_decade,2.224,derived_nett_over_atp,,1.668,2.78,,,,1.35,anchor_interpolated,625861887.0,35.54,9.963,67.0,405.3,0.774,5,164,535,331,1347,false,Hit
162,162,Rajkumar,1964,,false,,C,1.5,keepalive_decade,2.215,derived_nett_over_atp,,1.329,3.101,,,,0.68,anchor_interpolated,479229599.0,46.22,3.803,87.7,403.6,0.75,6,124,378,347,1530,true,Hit
163,163,Bodyguard,2011,31 Aug 2011,false,,A,144.78,boi_year_page,2.215,sourced,boi_year_page,1.993,2.436,2.215,hungama_footfalls,,95.48,boi_header,1261224956.0,17.56,109.803,293.4,403.5,1.609,50,250,40,64,64,true,Blockbuster
164,164,Jadoo,1951,,false,,C,0.75,keepalive_decade,2.213,derived_nett_over_atp,,1.328,3.099,,,,0.34,anchor_interpolated,353870058.0,62.55,2.78,60.0,403.3,0.789,5,74,608,318,1591,true,Hit
165,165,Jewel Thief,1967,,false,,C,1.75,keepalive_decade,2.211,derived_nett_over_atp,,1.327,3.095,,,,0.79,anchor_interpolated,511606377.0,43.21,5.299,73.5,402.8,0.778,8,131,493,328,1500,false,Hit
166,166,Ram Rajya,1943,,false,,C,0.6,keepalive_decade,2.209,derived_nett_over_atp,,1.325,3.093,,,,0.27,anchor_interpolated,324632361.0,68.05,1.724,77.4,402.5,1.0,5,57,453,211,1607,false,Super Hit
167,167,Betaab,1983,,false,,C,6.75,keepalive_decade,2.209,derived_nett_over_atp,,1.657,2.761,,,,3.06,anchor_interpolated,737372683.0,29.95,17.526,85.7,402.4,1.421,7,183,391,91,967,false,Super Hit
168,168,Ram Balram,1980,,false,,C,4.75,keepalive_decade,2.207,derived_nett_over_atp,,1.655,2.759,,,,2.15,anchor_interpolated,687354029.0,32.11,14.339,73.7,402.1,1.118,8,176,490,171,1151,false,Semi Hit
169,169,Namak Halaal,1982,,false,,C,6.0,keepalive_decade,2.207,derived_nett_over_atp,,1.655,2.758,,,,2.72,anchor_interpolated,720313473.0,30.64,16.41,81.4,402.1,1.333,11,181,421,114,1029,false,Super Hit
170,170,Zindagi,1940,,false,,C,0.55,keepalive_decade,2.2,derived_nett_over_atp,,1.32,3.08,,,,0.25,anchor,315774597.0,69.67,1.05,116.5,400.8,,3,52,231,,1615,false,Super Hit
171,171,Dost,1974,,false,,C,2.5,keepalive_decade,2.195,derived_nett_over_atp,,1.317,3.072,,,,1.14,anchor_interpolated,597041391.0,36.76,9.78,56.9,399.9,,4,159,636,,1411,false,Hit
172,172,Beimaan,1972,,false,,C,2.25,keepalive_decade,2.192,derived_nett_over_atp,,1.315,3.068,,,,1.03,anchor_interpolated,570482138.0,38.42,6.534,76.6,399.3,0.9,6,152,462,246,1445,true,Hit
173,173,Krrish 3,2013,1 Nov 2013,false,,A,175.84,boi_year_page,2.182,sourced,boi_year_page,1.964,2.4,2.182,hungama_footfalls,,109.75,boi_header,1295829507.0,16.84,125.531,311.6,397.5,1.61,50,264,35,62,52,true,Blockbuster
174,174,Jeevan Mrityu,1970,,false,,C,2.0,keepalive_decade,2.162,derived_nett_over_atp,,1.297,3.026,,,,0.93,anchor_interpolated,545864271.0,39.6,5.721,77.8,393.9,0.762,5,148,450,340,1471,true,Hit
175,175,Neel Kamal,1968,,false,,C,1.8,keepalive_decade,2.159,derived_nett_over_atp,,1.295,3.022,,,,0.83,anchor_interpolated,522716893.0,41.3,5.279,75.9,393.3,,4,140,467,,1493,false,Hit
176,176,Gharana,1961,,false,,C,1.25,keepalive_decade,2.158,derived_nett_over_atp,,1.295,3.021,,,,0.58,anchor_interpolated,446564731.0,48.31,3.263,85.2,393.1,,3,119,393,,1554,true,Hit
177,177,Dhoom 2,2006,24 Nov 2006,false,,A,81.01,boi_year_page,2.156,sourced,boi_year_page,1.94,2.371,2.156,hungama_footfalls,,53.91,boi_header,1172878888.0,18.38,78.334,230.1,392.8,1.609,50,243,68,65,142,true,Blockbuster
178,178,Mohra,1994,1 Jul 1994,false,,A,12.01,boi_year_page,2.151,sourced,boi_year_page,1.936,2.366,2.151,hungama_footfalls,,11.05,boi_header,941163772.0,22.85,42.277,63.2,391.9,1.678,49,208,578,57,717,true,Blockbuster
179,179,Gora Aur Kala,1972,,false,,C,2.2,keepalive_decade,2.143,derived_nett_over_atp,,1.286,3.0,,,,1.03,anchor_interpolated,570482138.0,37.56,6.534,74.9,390.4,0.88,6,155,478,256,1455,true,Hit
180,180,Chitralekha,1941,,false,,C,0.55,keepalive_decade,2.14,derived_nett_over_atp,,1.284,2.996,,,,0.26,anchor_interpolated,318700000.0,67.15,1.239,98.8,389.9,,4,61,315,,1612,true,Super Hit
181,181,Raja,1995,2 Jun 1995,false,,A,20.34,boi_year_page,2.133,sourced,boi_year_page,1.919,2.346,2.133,hungama_footfalls,,14.37,boi_header,960301046.0,22.21,46.391,97.5,388.6,1.619,50,210,320,61,522,true,Blockbuster
182,182,Babul,1950,,false,,C,0.7,keepalive_decade,2.124,derived_nett_over_atp,,1.274,2.973,,,,0.33,anchor_interpolated,346278818.0,61.33,2.8,55.6,386.9,,2,78,650,,1595,true,Hit
183,183,Tanhaji - The Unsung Warrior,2020,10 Jan 2020,false,,A,269.77,boi_year_page,2.121,sourced,boi_year_page,1.908,2.333,2.27,hungama_footfalls,,133.16,derived_boi_matched_n41,1402617694.0,15.12,175.025,342.9,386.4,4.654,44,284,27,4,23,true,Blockbuster
184,184,Janwar,1965,,false,,C,1.5,keepalive_decade,2.103,derived_nett_over_atp,,1.262,2.944,,,,0.71,anchor_interpolated,490140142.0,42.9,4.113,81.1,383.1,0.706,7,132,423,381,1525,true,Hit
185,185,Tanhaji,2020,10 January 2020,false,,B,279.55,wiki_domnet_original,2.099,derived_nett_over_atp,,1.784,2.414,,,,133.16,derived_boi_matched_n41,1402617694.0,14.97,175.025,355.4,382.5,4.823,44,288,24,3,21,true,
186,186,Dostana,1980,,false,,C,4.5,keepalive_decade,2.091,derived_nett_over_atp,,1.568,2.613,,,,2.15,anchor_interpolated,687354029.0,30.42,14.339,69.8,380.9,1.059,8,182,515,188,1169,true,Hit
187,187,Ishq,1997,28 Nov 1997,false,,A,24.93,boi_year_page,2.09,sourced,boi_year_page,1.881,2.299,2.09,hungama_footfalls,,17.92,boi_header,999133764.0,20.92,50.681,109.5,380.8,1.368,51,218,258,102,444,true,Super Hit
188,188,Sargam,1979,,false,,C,4.0,keepalive_decade,2.089,derived_nett_over_atp,,1.567,2.611,,,,1.91,anchor_interpolated,671155746.0,31.12,11.939,74.5,380.6,,3,180,483,,1225,true,Super Hit
189,189,Dharmatma,1975,,false,,C,2.5,keepalive_decade,2.083,derived_nett_over_atp,,1.563,2.604,,,,1.2,anchor,611309536.0,34.08,10.163,54.7,379.6,0.556,6,170,658,502,1410,false,Hit
190,190,Bhakt Surdas,1942,,false,,C,0.55,keepalive_decade,2.082,derived_nett_over_atp,,1.249,2.914,,,,0.26,anchor_interpolated,321652504.0,64.72,1.461,83.7,379.3,,4,68,407,,1611,false,Super Hit
191,191,Loafer,1973,,false,,C,2.25,keepalive_decade,2.081,derived_nett_over_atp,,1.248,2.913,,,,1.08,anchor_interpolated,583465599.0,35.66,7.606,65.8,379.1,0.72,7,163,545,371,1448,false,Hit
192,192,Mard,1985,,false,,C,8.0,keepalive_decade,2.072,derived_nett_over_atp,,1.554,2.59,,,,3.86,anchor_interpolated,772647800.0,26.82,19.616,90.7,377.6,,3,194,353,,892,true,Super Hit
193,193,Devdas,2002,12 Jul 2002,false,,A,41.66,boi_year_page,2.055,sourced,boi_year_page,1.85,2.261,2.055,hungama_footfalls,,29.98,boi_header,1097600380.0,18.73,63.552,145.8,374.5,2.601,50,240,162,21,293,true,Hit
194,194,Don,1978,,false,,C,3.5,keepalive_decade,2.054,derived_nett_over_atp,,1.541,2.568,,,,1.7,anchor_interpolated,655728226.0,31.33,10.693,72.8,374.3,,3,178,498,,1274,true,Hit
195,195,Dabangg 2,2012,21 Dec 2012,false,,A,149.52,boi_year_page,2.053,sourced,boi_year_page,1.848,2.258,2.053,hungama_footfalls,,101.74,boi_header,1278674501.0,16.05,118.092,281.7,374.0,1.416,50,274,44,93,57,true,Blockbuster
196,196,Andaz,1971,,false,,C,2.0,keepalive_decade,2.052,derived_nett_over_atp,,1.231,2.873,,,,0.97,anchor_interpolated,558096385.0,36.77,6.006,74.1,373.9,0.727,6,158,485,363,1467,true,Hit
197,197,Intaqam,1969,,false,,C,1.8,keepalive_decade,2.049,derived_nett_over_atp,,1.23,2.869,,,,0.88,anchor_interpolated,533880545.0,38.39,5.389,74.3,373.4,0.72,6,153,484,372,1492,false,Hit
198,198,Ek Musafir Ek Hasina,1962,,false,,C,1.25,keepalive_decade,2.048,derived_nett_over_atp,,1.229,2.867,,,,0.61,anchor_interpolated,457283091.0,44.79,3.295,84.4,373.2,,2,126,399,,1553,true,Hit
199,199,Pardes,1997,8 Aug 1997,false,,A,22.83,boi_year_page,2.047,sourced,boi_year_page,1.843,2.252,2.048,hungama_footfalls,,17.92,boi_header,999133764.0,20.49,50.681,100.2,373.1,1.252,51,221,309,135,477,true,Super Hit
200,200,Apna Desh,1972,,false,,C,2.1,keepalive_decade,2.046,derived_nett_over_atp,,1.227,2.864,,,,1.03,anchor_interpolated,570482138.0,35.86,6.534,71.5,372.7,0.84,6,162,507,281,1461,true,Hit
201,201,Hero,1983,,false,,C,6.25,keepalive_decade,2.045,derived_nett_over_atp,,1.534,2.556,,,,3.06,anchor_interpolated,737372683.0,27.74,17.526,79.3,372.6,1.316,7,189,439,118,1004,true,Super Hit
202,202,War,2019,2 Oct 2019,false,,A,292.71,boi_year_page,2.039,sourced,boi_year_page,1.835,2.243,2.25,hungama_footfalls,,133.83,derived_boi_matched_n48,1389030307.0,14.68,164.163,396.7,371.6,1.491,50,290,18,81,18,true,Blockbuster
203,203,Charas,1976,,false,,C,2.75,keepalive_decade,2.039,derived_nett_over_atp,,1.529,2.549,,,,1.35,anchor_interpolated,625861887.0,32.58,9.963,61.4,371.5,0.71,5,175,594,377,1374,true,Hit
204,204,Shahjehan,1946,,false,,C,0.6,keepalive_decade,2.033,derived_nett_over_atp,,1.22,2.846,,,,0.3,anchor_interpolated,333738594.0,60.92,2.475,53.9,370.4,,2,80,665,,1608,true,Super Hit
205,205,Yeh Jawaani Hai Deewani,2013,31 May 2013,false,,A,177.99,boi_year_page,2.026,sourced,boi_year_page,1.824,2.229,2.026,hungama_footfalls,,109.75,boi_header,1295829507.0,15.64,125.531,315.5,369.2,1.63,50,279,33,58,51,true,Blockbuster
206,206,Milan,1967,,false,,C,1.6,keepalive_decade,2.021,derived_nett_over_atp,,1.213,2.83,,,,0.79,anchor_interpolated,511606377.0,39.51,5.299,67.2,368.3,0.711,8,149,534,376,1515,true,Hit
207,207,Rowdy Rathore,2012,1 Jun 2012,false,,A,131.22,boi_year_page,2.01,sourced,boi_year_page,1.809,2.21,2.01,hungama_footfalls,,101.74,boi_header,1278674501.0,15.72,118.092,247.2,366.1,1.243,50,278,56,140,76,true,Blockbuster
208,208,Bandhan,1940,,false,,C,0.5,keepalive_decade,2.0,derived_nett_over_atp,,1.2,2.8,,,,0.25,anchor,315774597.0,63.34,1.05,105.9,364.4,,3,72,279,,1619,true,Super Hit
209,209,Do Badan,1966,,false,,C,1.5,keepalive_decade,1.996,derived_nett_over_atp,,1.198,2.795,,,,0.75,anchor_interpolated,500740250.0,39.86,4.607,72.4,363.7,0.667,6,146,502,407,1524,true,Hit
210,210,Darr,1993,24-Dec-1993,false,,A,10.75,keepalive_decade,1.991,sourced,hungama_footfalls,1.792,2.19,,,,9.83,anchor_interpolated,922118380.0,21.59,38.294,62.5,362.8,,3,216,586,,759,true,Super Hit
211,211,Barsaat,1995,6 Oct 1995,false,,A,19.18,boi_year_page,1.985,sourced,boi_year_page,1.787,2.184,1.985,hungama_footfalls,,14.37,boi_header,960301046.0,20.67,46.391,92.0,361.7,1.528,50,219,344,74,550,false,Super Hit
212,212,Golmaal Again,2017,20 Oct 2017,false,,A,205.5,boi_year_page,1.985,sourced,boi_year_page,1.786,2.183,1.985,hungama_footfalls,,134.38,boi_header,1359657398.0,14.6,152.254,300.3,361.6,1.596,50,293,38,67,37,true,Blockbuster
213,213,Prem Nagar,1974,,false,,C,2.25,keepalive_decade,1.975,derived_nett_over_atp,,1.185,2.765,,,,1.14,anchor_interpolated,597041391.0,33.08,9.78,51.2,359.9,,4,174,690,,1452,true,Hit
214,214,Shaan,1980,,false,,C,4.25,keepalive_decade,1.975,derived_nett_over_atp,,1.481,2.468,,,,2.15,anchor_interpolated,687354029.0,28.73,14.339,65.9,359.8,0.944,8,187,543,231,1199,true,Below Average
215,215,Biwi No.1,1999,28 May 1999,false,,A,25.58,boi_year_page,1.974,sourced,boi_year_page,1.777,2.172,,,,21.51,boi_header,1038225822.0,19.02,55.515,102.5,359.7,1.363,51,236,291,103,433,true,Super Hit
216,216,Biwi No. 1,1999,28-May-1999,false,,A,24.0,keepalive_decade,1.974,sourced,hungama_footfalls,1.777,2.171,,,,21.51,boi_header,1038225822.0,19.01,55.515,96.2,359.7,1.279,51,237,328,126,455,false,Hit
217,217,Happy New Year,2014,24 Oct 2014,false,,A,178.41,boi_year_page,1.973,sourced,boi_year_page,1.776,2.17,1.973,hungama_footfalls,,117.89,boi_header,1312277184.0,15.03,133.849,296.6,359.5,1.587,50,287,39,70,50,true,Super Hit
218,218,Dost,1944,,false,,C,0.55,keepalive_decade,1.97,derived_nett_over_atp,,1.182,2.758,,,,0.28,anchor_interpolated,327639824.0,60.12,2.034,60.2,358.9,,2,81,606,,1613,true,Super Hit
219,219,Agni Sakshi,1996,29 Mar 1996,false,,A,19.52,boi_year_page,1.967,sourced,boi_year_page,1.77,2.164,1.967,hungama_footfalls,,15.7,boi_header,979678460.0,20.08,48.462,89.6,358.4,1.385,50,228,364,98,540,true,Blockbuster
220,220,Ek Duuje Ke Liye,1981,,false,,C,4.75,keepalive_decade,1.964,derived_nett_over_atp,,1.473,2.454,,,,2.42,anchor_interpolated,703696251.0,27.9,16.092,65.7,357.8,0.809,9,188,548,302,1149,true,Blockbuster
221,221,Khandan,1965,,false,,C,1.4,keepalive_decade,1.963,derived_nett_over_atp,,1.178,2.748,,,,0.71,anchor_interpolated,490140142.0,40.04,4.113,75.7,357.6,0.659,7,144,468,411,1539,true,Hit
222,222,Krrish,2006,23 Jun 2006,false,,A,72.16,boi_year_page,1.962,sourced,boi_year_page,1.766,2.158,1.962,hungama_footfalls,,53.91,boi_header,1172878888.0,16.73,78.334,204.9,357.4,1.433,50,267,82,89,172,true,Blockbuster
223,223,Border 2,2026,23 January 2026,false,,B,356.2,wiki_domnet_original,1.955,derived_nett_over_atp,,1.662,2.248,,,,182.2,carry_forward,1477511422.0,13.23,222.489,356.2,356.2,,4,311,23,,10,true,
224,224,Kati Patang,1971,,false,,C,1.9,keepalive_decade,1.95,derived_nett_over_atp,,1.17,2.729,,,,0.97,anchor_interpolated,558096385.0,34.93,6.006,70.4,355.2,0.691,6,168,510,397,1479,true,Hit
225,225,Sikandar,1941,,false,,C,0.5,keepalive_decade,1.945,derived_nett_over_atp,,1.167,2.724,,,,0.26,anchor_interpolated,318700000.0,61.04,1.239,89.8,354.5,,4,79,361,,1623,false,Hit
226,226,Gumrah,1963,,false,,C,1.25,keepalive_decade,1.944,derived_nett_over_atp,,1.167,2.722,,,,0.64,anchor_interpolated,468138576.0,41.53,3.445,80.7,354.3,,4,137,428,,1555,true,Hit
227,227,Koi Mil Gaya,2003,8 Aug 2003,false,,A,47.2,boi_year_page,1.943,sourced,boi_year_page,1.749,2.138,1.943,hungama_footfalls,,35.77,boi_header,1116803000.0,17.4,66.935,156.9,354.1,2.428,50,255,145,25,257,true,Super Hit
228,228,Lagaan,2001,15 Jun 2001,false,,A,34.31,boi_year_page,1.939,sourced,boi_year_page,1.745,2.133,,,,26.66,boi_header,1077898579.0,17.99,62.017,123.1,353.4,1.816,50,244,207,45,340,false,Hit
229,229,Lagaan: Once Upon a Time in India,2001,15-Jun-2001,false,,A,,,1.939,sourced,hungama_footfalls,1.745,2.133,,,,26.66,boi_header,1077898579.0,17.99,62.017,,353.3,,50,245,,,,true,
230,230,Pyar Ki Jeet,1948,,false,,C,0.6,keepalive_decade,1.924,derived_nett_over_atp,,1.154,2.693,,,,0.31,anchor_interpolated,339950887.0,56.59,2.633,50.7,350.5,,4,89,696,,1606,true,Super Hit
231,231,Kashmir Ki Kali,1964,,false,,C,1.3,keepalive_decade,1.92,derived_nett_over_atp,,1.152,2.688,,,,0.68,anchor_interpolated,479229599.0,40.06,3.803,76.0,349.8,0.65,6,143,466,418,1543,false,Hit
232,232,Kanyadan,1968,,false,,C,1.6,keepalive_decade,1.919,derived_nett_over_atp,,1.151,2.686,,,,0.83,anchor_interpolated,522716893.0,36.71,5.279,67.4,349.6,,4,160,532,,1514,true,Hit
233,233,Simmba,2018,28 Dec 2018,false,,A,239.85,boi_year_page,1.913,sourced,boi_year_page,1.722,2.105,1.913,hungama_footfalls,,118.2,derived_boi_matched_n47,1374659067.0,13.92,158.226,337.3,348.6,1.492,50,305,29,80,29,true,Blockbuster
234,234,An Evening In Paris,1967,,false,,C,1.5,keepalive_decade,1.895,derived_nett_over_atp,,1.137,2.653,,,,0.79,anchor_interpolated,511606377.0,37.04,5.299,63.0,345.3,0.667,8,157,579,406,1520,true,Hit
235,235,Bajirao Mastani,2015,18 Dec 2015,false,,A,183.75,boi_year_page,1.875,sourced,boi_year_page,1.688,2.063,1.875,hungama_footfalls,,125.97,boi_header,1328024494.0,14.12,140.363,291.3,341.6,1.542,50,299,41,72,48,true,Hit
236,236,Dillagi,1949,,false,,C,0.6,keepalive_decade,1.871,derived_nett_over_atp,,1.123,2.62,,,,0.32,anchor_interpolated,343100264.0,54.54,2.715,49.2,341.0,,4,95,721,,1604,true,Hit
237,237,Ziddi,1997,11 Apr 1997,false,,A,18.39,boi_year_page,1.857,sourced,boi_year_page,1.671,2.043,1.857,hungama_footfalls,,17.92,boi_header,999133764.0,18.59,50.681,80.7,338.4,1.009,51,241,429,204,564,true,Super Hit
238,238,Saiyaara,2025,18 July 2025,false,,B,337.78,wiki_domnet_original,1.854,derived_nett_over_atp,,1.576,2.132,,,,182.2,ormax_nett,1464245393.0,12.66,222.489,337.8,337.8,1.505,6,320,28,77,12,false,
239,239,Ready,2011,3 Jun 2011,false,,A,120.72,boi_year_page,1.845,sourced,boi_year_page,1.661,2.03,1.845,hungama_footfalls,,95.48,boi_header,1261224956.0,14.63,109.803,244.6,336.2,1.342,50,292,57,108,85,true,Blockbuster
240,240,Nadaan,1943,,false,,C,0.5,keepalive_decade,1.841,derived_nett_over_atp,,1.104,2.577,,,,0.27,anchor_interpolated,324632361.0,56.7,1.724,64.5,335.4,0.769,5,88,561,336,1622,true,Super Hit
241,241,Khuddaar,1982,,false,,C,5.0,keepalive_decade,1.839,derived_nett_over_atp,,1.379,2.299,,,,2.72,anchor_interpolated,720313473.0,25.53,16.41,67.8,335.1,1.111,11,198,528,172,1122,true,Hit
242,242,Rangeela,1995,8 Sep 1995,false,,A,20.22,boi_year_page,1.836,sourced,boi_year_page,1.652,2.019,1.836,hungama_footfalls,,14.37,boi_header,960301046.0,19.12,46.391,97.0,334.5,1.61,50,235,324,63,528,true,Blockbuster
243,243,Jeene Ki Raah,1969,,false,,C,1.6,keepalive_decade,1.822,derived_nett_over_atp,,1.093,2.55,,,,0.88,anchor_interpolated,533880545.0,34.12,5.389,66.1,331.9,0.64,6,169,540,425,1513,true,Hit
244,244,Uri - The Surgical Strike,2019,11 Jan 2019,false,,A,244.01,boi_year_page,1.812,sourced,boi_year_page,1.631,1.994,1.76,hungama_footfalls,,133.83,derived_boi_matched_n48,1389030307.0,13.05,164.163,330.7,330.2,1.243,50,315,30,141,28,true,Super Blockbuster
245,245,Om Shanti Om,2007,9 Nov 2007,false,,A,78.17,boi_year_page,1.797,sourced,boi_year_page,1.618,1.977,1.797,hungama_footfalls,,60.73,boi_header,1190676028.0,15.1,82.242,211.5,327.5,1.592,50,285,76,69,153,false,Blockbuster
246,246,Hum Dil De Chuke Sanam,1999,18 Jun 1999,false,,A,24.76,boi_year_page,1.785,sourced,boi_year_page,1.607,1.964,1.785,hungama_footfalls,,21.51,boi_header,1038225822.0,17.2,55.515,99.2,325.3,1.319,51,259,312,117,448,false,Hit
247,247,Soldier,1998,20 Nov 1998,false,,A,21.37,boi_year_page,1.777,sourced,boi_year_page,1.599,1.955,1.777,hungama_footfalls,,19.66,boi_header,1018665080.0,17.45,53.627,88.7,323.8,1.489,50,252,368,82,506,false,Super Hit
248,248,Golmaal 3,2010,5 Nov 2010,false,,A,108.06,boi_year_page,1.771,sourced,boi_year_page,1.594,1.948,1.771,hungama_footfalls,,88.6,boi_header,1243481565.0,14.24,100.0,240.4,322.7,1.784,50,297,58,47,99,false,Blockbuster
249,249,Lage Raho Munnabhai,2006,1 Sep 2006,false,,A,74.88,boi_year_page,1.764,sourced,boi_year_page,1.587,1.94,1.764,hungama_footfalls,,53.91,boi_header,1172878888.0,15.04,78.334,212.7,321.3,1.487,50,286,75,83,162,true,Blockbuster
250,250,Mela,1948,,false,,C,0.55,keepalive_decade,1.763,derived_nett_over_atp,,1.058,2.469,,,,0.31,anchor_interpolated,339950887.0,51.87,2.633,46.5,321.3,,4,104,753,,1614,true,Hit
251,251,Jhoola,1941,,false,,C,0.45,keepalive_decade,1.751,derived_nett_over_atp,,1.051,2.451,,,,0.26,anchor_interpolated,318700000.0,54.94,1.239,80.8,319.0,,4,94,426,,1630,true,Hit
252,252,Gupt,1997,4 Jul 1997,false,,A,18.23,boi_year_page,1.749,sourced,boi_year_page,1.574,1.923,1.749,hungama_footfalls,,17.92,boi_header,999133764.0,17.5,50.681,80.0,318.6,0.992,51,251,434,214,568,true,Hit
253,253,Farz Aur Kanoon,1982,,false,,C,4.75,keepalive_decade,1.747,derived_nett_over_atp,,1.31,2.184,,,,2.72,anchor_interpolated,720313473.0,24.25,16.41,64.4,318.3,1.056,11,200,565,190,1150,true,Super Hit
254,254,Hero No.1,1997,21-Feb-1997,false,,A,16.0,keepalive_decade,1.743,sourced,hungama_footfalls,1.569,1.917,,,,17.92,boi_header,999133764.0,17.45,50.681,70.2,317.6,0.87,51,253,511,260,612,true,Hit
255,255,Hero No. 1,1997,21 Feb 1997,false,,A,17.08,boi_year_page,1.743,sourced,boi_year_page,1.569,1.917,,,,17.92,boi_header,999133764.0,17.44,50.681,75.0,317.5,0.929,51,254,475,237,591,true,Super Hit
256,256,Gaon Ki Gori,1945,,false,,C,0.5,keepalive_decade,1.742,derived_nett_over_atp,,1.045,2.438,,,,0.29,anchor_interpolated,330675149.0,52.67,2.4,46.4,317.4,,2,102,756,,1620,true,Hit
257,257,Jeet,1996,23 Aug 1996,false,,A,16.13,boi_year_page,1.733,sourced,boi_year_page,1.559,1.906,1.733,hungama_footfalls,,15.7,boi_header,979678460.0,17.69,48.462,74.1,315.7,1.144,50,248,486,163,608,true,Super Hit
258,258,Pyaar To Hona Hi Tha,1998,24 Jul 1998,false,,A,21.51,boi_year_page,1.732,sourced,boi_year_page,1.559,1.905,1.732,hungama_footfalls,,19.66,boi_header,1018665080.0,17.0,53.627,89.2,315.5,1.499,50,263,365,79,503,false,Super Hit
259,259,Rab Ne Bana Di Jodi,2008,12 Dec 2008,false,,A,84.68,boi_year_page,1.724,sourced,boi_year_page,1.552,1.897,1.724,hungama_footfalls,,69.76,boi_header,1207930960.0,14.27,89.379,210.8,314.2,1.522,50,296,77,76,135,true,Blockbuster
260,260,Jawab,1942,,false,,C,0.45,keepalive_decade,1.703,derived_nett_over_atp,,1.022,2.384,,,,0.26,anchor_interpolated,321652504.0,52.95,1.461,68.5,310.3,,4,101,522,,1629,true,Hit
261,261,Singham Returns,2014,15 Aug 2014,false,,A,140.15,boi_year_page,1.693,sourced,boi_year_page,1.523,1.862,1.693,hungama_footfalls,,117.89,boi_header,1312277184.0,12.9,133.849,233.0,308.4,1.246,50,317,66,139,67,true,Super Hit
262,262,Agneepath,2012,26 Jan 2012,false,,A,119.98,boi_year_page,1.69,sourced,boi_year_page,1.521,1.859,1.69,hungama_footfalls,,101.74,boi_header,1278674501.0,13.22,118.092,226.1,307.9,1.137,50,313,69,167,86,false,Super Hit
263,263,Welcome,2007,21 Dec 2007,false,,A,70.15,boi_year_page,1.669,sourced,boi_year_page,1.502,1.836,1.669,hungama_footfalls,,60.73,boi_header,1190676028.0,14.01,82.242,189.8,304.0,1.429,50,300,99,90,176,true,Super Hit
264,264,Naukar,1943,,false,,C,0.45,keepalive_decade,1.657,derived_nett_over_atp,,0.994,2.319,,,,0.27,anchor_interpolated,324632361.0,51.03,1.724,58.1,301.9,0.692,5,107,621,396,1631,true,Hit
265,265,Nikaah,1982,,false,,C,4.5,keepalive_decade,1.655,derived_nett_over_atp,,1.241,2.069,,,,2.72,anchor_interpolated,720313473.0,22.98,16.41,61.0,301.6,0.947,11,207,600,229,1173,true,Blockbuster
266,266,Hanuman Ansh,2026,7 August 2026,false,,B,301.41,wiki_domnet_original,1.654,derived_nett_over_atp,,1.406,1.902,,,,182.2,carry_forward,1477511422.0,11.2,222.489,301.4,301.4,,4,358,37,,16,true,
267,267,Katilon Ka Katil,1981,,false,,C,4.0,keepalive_decade,1.653,derived_nett_over_atp,,1.24,2.067,,,,2.42,anchor_interpolated,703696251.0,23.5,16.092,55.3,301.3,0.681,9,205,655,403,1222,true,Hit
268,268,Jugnu,1947,,false,,C,0.5,wiki_domnet_by_year,1.648,derived_nett_over_atp,,0.989,2.307,,,,0.3,anchor_interpolated,336830419.0,48.93,2.553,43.6,300.3,,1,118,785,,1621,false,
269,269,Himmatwala,1983,,false,,C,5.0,keepalive_decade,1.636,derived_nett_over_atp,,1.227,2.045,,,,3.06,anchor_interpolated,737372683.0,22.19,17.526,63.5,298.1,0.93,7,211,574,236,1119,true,Hit
270,270,Bade Miyan Chote Miyan,1998,16 Oct 1998,false,,A,19.19,boi_year_page,1.632,sourced,boi_year_page,1.469,1.795,1.632,hungama_footfalls,,19.66,boi_header,1018665080.0,16.02,53.627,79.6,297.3,1.338,50,275,436,112,549,true,Hit
271,271,Bhool Bhulaiyaa 3,2024,1 November 2024,false,,B,283.8,wiki_domnet_original,1.631,derived_nett_over_atp,,1.387,1.876,,,,173.97,interpolated,1451098474.0,11.24,217.735,290.0,297.2,1.419,17,357,42,92,19,true,
272,272,Jyoti Bane Jwala,1980,,false,,C,3.5,keepalive_decade,1.626,derived_nett_over_atp,,1.22,2.033,,,,2.15,anchor_interpolated,687354029.0,23.66,14.339,54.3,296.3,0.778,8,203,661,326,1279,true,Hit
273,273,Ra.One,2011,26 Oct 2011,false,,A,113.95,boi_year_page,1.615,sourced,boi_year_page,1.454,1.777,1.615,hungama_footfalls,,95.48,boi_header,1261224956.0,12.81,109.803,230.9,294.3,1.267,50,318,67,130,91,true,Hit
274,274,Krantiveer,1994,22 Jul 1994,false,,A,9.35,boi_year_page,1.615,sourced,boi_year_page,1.453,1.776,,,,11.05,boi_header,941163772.0,17.15,42.277,49.2,294.2,1.307,49,260,716,121,823,true,Blockbuster
275,275,Karma,1986,,false,,C,7.0,keepalive_decade,1.613,derived_nett_over_atp,,1.21,2.017,,,,4.34,anchor_interpolated,790689977.0,20.4,20.699,75.2,293.9,,2,225,472,,946,true,Super Hit
276,276,Bharat,2019,5 Jun 2019,false,,A,197.35,boi_year_page,1.607,sourced,boi_year_page,1.446,1.767,1.607,hungama_footfalls,,133.83,derived_boi_matched_n48,1389030307.0,11.57,164.163,267.5,292.8,1.005,50,344,50,206,41,true,Semi Hit
277,277,Indian,2001,26 Oct 2001,false,,A,24.22,boi_year_page,1.604,sourced,boi_year_page,1.444,1.765,1.604,hungama_footfalls,,26.66,boi_header,1077898579.0,14.88,62.017,86.9,292.3,1.282,50,289,386,124,454,false,Hit
278,278,Khiladiyon Ka Khiladi,1996,14 Jun 1996,false,,A,14.39,boi_year_page,1.604,sourced,boi_year_page,1.444,1.765,1.604,hungama_footfalls,,15.7,boi_header,979678460.0,16.37,48.462,66.0,292.3,1.021,50,271,541,201,651,true,Super Hit
279,279,Achhut,1940,,false,,C,0.4,keepalive_decade,1.6,derived_nett_over_atp,,0.96,2.24,,,,0.25,anchor,315774597.0,50.67,1.05,84.8,291.5,,3,108,397,,1634,true,Hit
280,280,Singham,2011,22 Jul 2011,false,,A,98.38,boi_year_page,1.596,sourced,boi_year_page,1.436,1.756,1.596,hungama_footfalls,,95.48,boi_header,1261224956.0,12.66,109.803,199.3,290.8,1.094,50,321,88,179,113,true,Super Hit
281,281,Ghatak,1996,8 Nov 1996,false,,A,15.24,boi_year_page,1.584,sourced,boi_year_page,1.425,1.742,1.584,hungama_footfalls,,15.7,boi_header,979678460.0,16.16,48.462,69.9,288.5,1.081,50,273,513,182,632,false,Super Hit
282,282,Housefull 4,2019,25 Oct 2019,false,,A,205.61,boi_year_page,1.582,sourced,boi_year_page,1.424,1.741,1.58,hungama_footfalls,,133.83,derived_boi_matched_n48,1389030307.0,11.39,164.163,278.7,288.3,1.047,50,352,47,192,36,false,Super Hit
283,283,Race 3,2018,15 Jun 2018,false,,A,166.15,boi_year_page,1.582,sourced,boi_year_page,1.424,1.74,1.582,hungama_footfalls,,118.2,derived_boi_matched_n47,1374659067.0,11.51,158.226,233.6,288.2,1.034,50,347,65,196,53,false,Average
284,284,Housefull 2,2012,6 Apr 2012,false,,A,111.79,boi_year_page,1.576,sourced,boi_year_page,1.419,1.734,1.576,hungama_footfalls,,101.74,boi_header,1278674501.0,12.33,118.092,210.6,287.2,1.059,50,328,78,187,94,false,Super Hit
285,285,Raja Babu,1994,21 Jan 1994,false,,A,8.24,boi_year_page,1.575,sourced,boi_year_page,1.418,1.733,1.575,hungama_footfalls,,11.05,boi_header,941163772.0,16.74,42.277,43.3,287.0,1.151,49,266,787,161,881,false,Super Hit
286,286,Baaghi 2,2018,30 Mar 2018,false,,A,160.75,boi_year_page,1.575,sourced,boi_year_page,1.417,1.732,1.735,hungama_footfalls,,118.2,derived_boi_matched_n47,1374659067.0,11.45,158.226,226.0,286.9,0.967,50,350,70,222,54,false,Blockbuster
287,287,The Kerala Story,2023,5 May 2023,false,,A,220.84,boi_year_page,1.57,sourced,hungama_footfalls,1.413,1.727,,,,166.1,ormax_nett,1438069597.0,10.92,207.414,236.9,286.1,0.848,29,372,60,274,32,true,
288,288,Satte Pe Satta,1982,,false,,C,4.25,keepalive_decade,1.563,derived_nett_over_atp,,1.172,1.954,,,,2.72,anchor_interpolated,720313473.0,21.7,16.41,57.6,284.8,0.895,11,215,627,249,1198,true,Semi Hit
289,289,Pyaar Kiya To Darna Kya,1998,27 Mar 1998,false,,A,18.07,boi_year_page,1.562,sourced,boi_year_page,1.406,1.718,1.562,hungama_footfalls,,19.66,boi_header,1018665080.0,15.33,53.627,74.9,284.6,1.259,50,283,476,133,569,true,Super Hit
290,290,Saajan Chale Sasural,1996,12 Apr 1996,false,,A,13.82,boi_year_page,1.558,sourced,boi_year_page,1.402,1.714,1.558,hungama_footfalls,,15.7,boi_header,979678460.0,15.9,48.462,63.4,283.8,0.961,50,276,575,226,668,true,Super Hit
291,291,Kaalia,1981,,false,,C,3.75,keepalive_decade,1.55,derived_nett_over_atp,,1.163,1.938,,,,2.42,anchor_interpolated,703696251.0,22.03,16.092,51.8,282.4,0.638,9,213,683,429,1253,true,Above Average
292,292,The Kashmir Files,2022,18 Mar 2022,false,,A,246.91,boi_year_page,1.55,sourced,hungama_footfalls,1.395,1.705,,,,158.47,ormax_nett,1425423209.0,10.87,196.317,279.8,282.4,1.359,47,373,45,104,27,true,Super Blockbuster
293,293,Singham Again,2024,1 November 2024,false,,B,268.35,wiki_domnet_original,1.543,derived_nett_over_atp,,1.311,1.774,,,,173.97,interpolated,1451098474.0,10.63,217.735,274.2,281.1,1.342,17,382,49,109,24,false,
294,294,Dilwale,2015,18 Dec 2015,false,,A,139.98,boi_year_page,1.538,sourced,boi_year_page,1.384,1.692,1.538,hungama_footfalls,,125.97,boi_header,1328024494.0,11.58,140.363,221.9,280.2,1.174,50,343,71,158,68,false,Semi Hit
295,295,Raajneeti,2010,4 Jun 2010,false,,A,92.38,boi_year_page,1.536,sourced,boi_year_page,1.382,1.689,1.536,hungama_footfalls,,88.6,boi_header,1243481565.0,12.35,100.0,205.5,279.8,1.525,50,327,81,75,119,false,Super Hit
296,296,Brahmastra: Part One - Shiva,2022,9 Sep 2022,false,,A,230.23,boi_year_page,1.52,sourced,hungama_footfalls,1.368,1.672,,,,158.47,ormax_nett,1425423209.0,10.66,196.317,260.9,276.9,1.267,47,379,54,129,31,false,
297,297,Bang Bang,2014,2 Oct 2014,false,,A,141.07,boi_year_page,1.514,sourced,boi_year_page,1.363,1.666,1.514,hungama_footfalls,,117.89,boi_header,1312277184.0,11.54,133.849,234.5,275.9,1.255,50,346,63,134,66,true,Semi Hit
298,298,The Burning Train,1980,,false,,C,3.25,keepalive_decade,1.51,derived_nett_over_atp,,1.132,1.887,,,,2.15,anchor_interpolated,687354029.0,21.97,14.339,50.4,275.1,0.722,8,214,699,369,1304,true,Below Average
299,299,Tanu Weds Manu Returns,2015,22 May 2015,false,,A,148.85,boi_year_page,1.505,sourced,boi_year_page,1.355,1.656,1.505,hungama_footfalls,,125.97,boi_header,1328024494.0,11.33,140.363,235.9,274.2,1.249,50,353,62,138,58,true,Blockbuster
300,300,Tiger 3,2023,12 Nov 2023,false,,A,260.33,boi_year_page,1.5,sourced,hungama_footfalls,1.35,1.65,,,,166.1,ormax_nett,1438069597.0,10.43,207.414,279.2,273.3,1.179,29,391,46,154,26,false,
301,301,Drishyam 2,2022,18 Nov 2022,false,,A,233.53,boi_year_page,1.5,sourced,hungama_footfalls,1.35,1.65,,,,158.47,ormax_nett,1425423209.0,10.52,196.317,264.7,273.3,1.286,47,389,52,123,30,false,
302,302,Mission Kashmir,2000,27 Oct 2000,false,,A,22.99,boi_year_page,1.498,sourced,boi_year_page,1.348,1.648,1.498,hungama_footfalls,,24.07,boi_header,1057922731.0,14.16,58.975,86.7,273.0,1.346,50,298,387,107,472,false,Average
303,303,Don 2,2011,23 Dec 2011,false,,A,106.44,boi_year_page,1.493,sourced,boi_year_page,1.343,1.642,1.493,hungama_footfalls,,95.48,boi_header,1261224956.0,11.84,109.803,215.7,272.0,1.183,50,333,73,153,102,true,Hit
304,304,Beta,1992,,false,,C,13.0,keepalive_decade,1.486,derived_nett_over_atp,,1.115,1.858,,,3.5,8.75,anchor_interpolated,902957075.0,16.46,35.536,81.4,270.8,,1,270,420,,685,true,Blockbuster
305,305,Coolie No. 1,1995,30 Jun 1995,false,,A,12.56,boi_year_page,1.486,sourced,boi_year_page,1.337,1.634,1.486,hungama_footfalls,,14.37,boi_header,960301046.0,15.47,46.391,60.2,270.7,0.655,50,280,604,415,702,true,Super Hit
306,306,Andhaa Kaanoon,1983,,false,,C,4.5,keepalive_decade,1.473,derived_nett_over_atp,,1.104,1.841,,,,3.06,anchor_interpolated,737372683.0,19.97,17.526,57.1,268.3,0.8,7,229,632,308,1168,true,Hit
307,307,Shakti,1982,,false,,C,4.0,keepalive_decade,1.471,derived_nett_over_atp,,1.103,1.839,,,,2.72,anchor_interpolated,720313473.0,20.42,16.41,54.2,268.0,0.842,11,223,662,278,1226,true,Average
308,308,Koyla,1997,18 Apr 1997,false,,A,14.88,boi_year_page,1.462,sourced,boi_year_page,1.316,1.608,1.462,hungama_footfalls,,17.92,boi_header,999133764.0,14.63,50.681,65.3,266.3,0.809,51,291,551,300,640,true,Average
309,309,Ram Lakhan,1989,,false,,C,9.0,keepalive_decade,1.461,derived_nett_over_atp,,1.096,1.826,,,,6.16,anchor_interpolated,846039528.0,17.27,25.697,77.9,266.2,,3,258,448,,842,true,Super Hit
310,310,Tezaab,1988,,false,,C,8.0,keepalive_decade,1.46,derived_nett_over_atp,,1.095,1.824,,,,5.48,anchor_interpolated,827342994.0,17.64,24.078,73.9,265.9,,3,249,488,,893,true,Blockbuster
311,311,Partner,2009,20-Jul-2009,false,,A,,,1.448,sourced,hungama_footfalls,1.303,1.593,,,,78.63,boi_header,1225524764.0,11.82,91.27,,263.8,,50,334,,,,true,
312,312,Partner,2007,20 Jul 2007,false,,A,60.05,boi_year_page,1.448,sourced,boi_year_page,1.303,1.593,,,,60.73,boi_header,1190676028.0,12.16,82.242,162.4,263.8,1.223,50,330,132,144,214,true,Super Hit
313,313,Yaarana,1981,,false,,C,3.5,keepalive_decade,1.447,derived_nett_over_atp,,1.085,1.809,,,,2.42,anchor_interpolated,703696251.0,20.56,16.092,48.4,263.6,0.596,9,220,728,467,1284,true,Above Average
314,314,Taal,1999,13 Aug 1999,false,,A,21.5,boi_year_page,1.445,sourced,boi_year_page,1.301,1.59,1.445,hungama_footfalls,,21.51,boi_header,1038225822.0,13.92,55.515,86.1,263.3,1.145,51,304,388,162,504,true,Semi Hit
315,315,Dil,1990,,false,,C,10.0,keepalive_decade,1.444,derived_nett_over_atp,,1.083,1.805,,,,6.92,anchor_interpolated,864972221.0,16.7,28.025,79.4,263.1,,2,268,438,,799,true,Super Hit
316,316,Jai Ho,2014,24 Jan 2014,false,,A,109.36,boi_year_page,1.44,sourced,boi_year_page,1.296,1.584,1.44,hungama_footfalls,,117.89,boi_header,1312277184.0,10.97,133.849,181.8,262.3,0.78,50,369,112,324,96,true,Semi Hit
317,317,Bol Bachchan,2012,6 Jul 2012,false,,A,100.05,boi_year_page,1.438,sourced,boi_year_page,1.294,1.582,1.438,hungama_footfalls,,101.74,boi_header,1278674501.0,11.24,118.092,188.5,262.0,0.895,50,356,102,248,112,true,Hit
318,318,Aankhen,1993,,false,,C,14.0,keepalive_decade,1.424,derived_nett_over_atp,,1.068,1.78,,,,9.83,anchor_interpolated,922118380.0,15.44,38.294,81.3,259.5,,3,281,422,,662,true,All Time Blockbuster
319,319,Singh Is Kinng,2008,8 Aug 2008,false,,A,67.91,boi_year_page,1.403,sourced,boi_year_page,1.263,1.543,1.403,hungama_footfalls,,69.76,boi_header,1207930960.0,11.61,89.379,169.0,255.6,1.221,50,342,122,146,184,true,Super Hit
320,320,Judaai,1997,28 Feb 1997,false,,A,14.1,boi_year_page,1.398,sourced,boi_year_page,1.259,1.538,1.398,hungama_footfalls,,17.92,boi_header,999133764.0,14.0,50.681,61.9,254.8,0.767,51,301,590,337,659,false,Super Hit
321,321,Chak De India,2007,10 Aug 2007,false,,A,66.54,boi_year_page,1.398,sourced,boi_year_page,1.258,1.538,1.398,hungama_footfalls,,60.73,boi_header,1190676028.0,11.74,82.242,180.0,254.8,1.355,50,338,113,105,187,false,Super Hit
322,322,Holiday - A Soldier Is Never Off Duty,2014,6 Jun 2014,false,,A,112.44,boi_year_page,1.398,sourced,boi_year_page,1.258,1.538,1.398,hungama_footfalls,,117.89,boi_header,1312277184.0,10.65,133.849,186.9,254.7,0.802,50,380,106,306,93,false,Hit
323,323,Fanaa,2006,26 May 2006,false,,A,51.87,boi_year_page,1.395,sourced,boi_year_page,1.255,1.534,1.395,hungama_footfalls,,53.91,boi_header,1172878888.0,11.89,78.334,147.3,254.1,1.03,50,332,159,197,241,true,Super Hit
324,324,Alibaba Aur 40 Chor,1980,,false,,C,3.0,keepalive_decade,1.394,derived_nett_over_atp,,1.045,1.742,,,,2.15,anchor_interpolated,687354029.0,20.28,14.339,46.6,254.0,0.667,8,226,751,405,1345,true,Semi Hit
325,325,Mawaali,1983,,false,,C,4.25,keepalive_decade,1.391,derived_nett_over_atp,,1.043,1.738,,,,3.06,anchor_interpolated,737372683.0,18.86,17.526,54.0,253.4,0.756,7,238,663,344,1195,false,Hit
326,326,Tridev,1989,,false,,C,8.5,keepalive_decade,1.38,derived_nett_over_atp,,1.035,1.725,,,,6.16,anchor_interpolated,846039528.0,16.31,25.697,73.6,251.4,,3,272,492,,868,false,Super Hit
327,327,Rajput,1982,,false,,C,3.75,keepalive_decade,1.379,derived_nett_over_atp,,1.034,1.724,,,,2.72,anchor_interpolated,720313473.0,19.15,16.41,50.8,251.3,0.789,11,234,694,317,1255,true,Average
328,328,Raees,2017,25 Jan 2017,false,,A,128.78,boi_year_page,1.378,sourced,boi_year_page,1.24,1.516,1.378,hungama_footfalls,,134.38,boi_header,1359657398.0,10.14,152.254,188.2,251.1,0.975,50,397,103,220,77,true,Semi Hit
329,329,Kal Ho Naa Ho,2003,27 Nov 2003,false,,A,38.55,boi_year_page,1.373,sourced,boi_year_page,1.236,1.511,1.373,hungama_footfalls,,35.77,boi_header,1116803000.0,12.3,66.935,128.1,250.2,1.983,50,329,193,37,312,false,Hit
330,330,Goliyon Ki Raasleela Ram - Leela,2013,15 Nov 2013,false,,A,112.98,boi_year_page,1.373,sourced,boi_year_page,1.235,1.51,1.373,hungama_footfalls,,109.75,boi_header,1295829507.0,10.59,125.531,200.2,250.1,1.035,50,385,85,195,92,true,Hit
331,331,Ghayal,1990,,false,,C,9.5,keepalive_decade,1.372,derived_nett_over_atp,,1.029,1.715,,,,6.92,anchor_interpolated,864972221.0,15.86,28.025,75.4,250.0,,2,277,470,,817,true,Super Hit
332,332,Sarfarosh,1999,30 Apr 1999,false,,A,18.77,boi_year_page,1.366,sourced,boi_year_page,1.229,1.502,1.366,hungama_footfalls,,21.51,boi_header,1038225822.0,13.16,55.515,75.2,248.9,0.873,51,314,473,259,558,true,Hit
333,333,Mission Mangal,2019,15 Aug 2019,false,,A,192.67,boi_year_page,1.366,sourced,boi_year_page,1.229,1.502,1.366,hungama_footfalls,,133.83,derived_boi_matched_n48,1389030307.0,9.83,164.163,261.1,248.8,0.976,50,407,53,219,45,false,Super Hit
334,334,Judwaa,1997,7 Feb 1997,false,,A,13.14,boi_year_page,1.363,sourced,boi_year_page,1.227,1.5,1.363,hungama_footfalls,,17.92,boi_header,999133764.0,13.65,50.681,57.7,248.4,0.718,51,308,625,373,680,false,Hit
335,335,Bandit Queen,1996,26 Jan 1996,false,,A,14.1,boi_year_page,1.357,sourced,boi_year_page,1.222,1.493,,,,15.7,boi_header,979678460.0,13.86,48.462,64.7,247.3,0.98,50,306,556,217,658,false,Super Hit
336,336,Bandit Queen,1994,17-Sep-1994,false,,A,,,1.357,sourced,hungama_footfalls,1.221,1.493,,,,11.05,boi_header,941163772.0,14.42,42.277,,247.3,,49,295,,,,false,
337,337,Hum Aapke Dil Mein Rehte Hain,1999,22 Jan 1999,false,,A,17.03,boi_year_page,1.349,sourced,boi_year_page,1.214,1.484,1.349,hungama_footfalls,,21.51,boi_header,1038225822.0,12.99,55.515,68.3,245.7,0.792,51,316,523,314,594,false,Super Hit
338,338,Veer Zaara,2004,12 Nov 2004,false,,A,41.86,boi_year_page,1.335,sourced,boi_year_page,1.202,1.469,1.335,hungama_footfalls,,42.14,boi_header,1135991509.0,11.75,70.817,131.5,243.3,1.777,50,337,187,49,292,false,Super Hit
339,339,Dulhan Hum Le Jayenge,2000,24 Mar 2000,false,,A,18.85,boi_year_page,1.332,sourced,boi_year_page,1.199,1.465,1.332,hungama_footfalls,,24.07,boi_header,1057922731.0,12.59,58.975,71.1,242.6,1.104,50,323,509,174,556,false,Hit
340,340,No Entry,2005,26 Aug 2005,false,,A,44.72,boi_year_page,1.324,sourced,boi_year_page,1.191,1.456,1.324,hungama_footfalls,,49.16,boi_header,1154676321.0,11.46,73.99,134.5,241.1,1.741,50,349,182,54,273,false,Super Hit
341,341,Wanted,2009,18 Sep 2009,false,,A,60.24,boi_year_page,1.322,sourced,boi_year_page,1.189,1.454,1.322,hungama_footfalls,,78.63,boi_header,1225524764.0,10.78,91.27,146.8,240.8,1.279,50,374,161,125,213,false,Hit
342,342,Toilet Ek Prem Katha,2017,11 Aug 2017,false,,A,132.07,boi_year_page,1.314,sourced,boi_year_page,1.182,1.445,1.314,hungama_footfalls,,134.38,boi_header,1359657398.0,9.66,152.254,193.0,239.3,1.026,50,410,97,199,75,false,Super Hit
343,343,Laadla,1994,25 Mar 1994,false,,A,7.16,boi_year_page,1.313,sourced,boi_year_page,1.182,1.444,1.313,hungama_footfalls,,11.05,boi_header,941163772.0,13.95,42.277,37.7,239.2,0.908,49,302,859,244,935,true,Hit
344,344,Tohfa,1984,,false,,C,4.5,keepalive_decade,1.31,derived_nett_over_atp,,0.983,1.638,,,,3.43,anchor_interpolated,754875449.0,17.36,18.745,53.4,238.7,,2,257,668,,1176,true,Hit
345,345,Kachche Dhaage,1999,19 Feb 1999,false,,A,16.19,boi_year_page,1.31,sourced,boi_year_page,1.179,1.44,1.31,hungama_footfalls,,21.51,boi_header,1038225822.0,12.61,55.515,64.9,238.6,0.753,51,322,555,345,607,true,Hit
346,346,Jaani dost,1983,,false,,C,4.0,keepalive_decade,1.309,derived_nett_over_atp,,0.982,1.636,,,,3.06,anchor_interpolated,737372683.0,17.75,17.526,50.8,238.5,0.711,7,247,695,375,1220,true,Above Average
347,347,Rang De Basanti,2006,26 Jan 2006,false,,A,53.08,boi_year_page,1.301,sourced,boi_year_page,1.171,1.432,1.301,hungama_footfalls,,53.91,boi_header,1172878888.0,11.1,78.334,150.8,237.1,1.054,50,364,155,191,237,true,Hit
348,348,Judwaa 2,2017,29 Sep 2017,false,,A,132.39,boi_year_page,1.297,sourced,boi_year_page,1.168,1.427,1.297,hungama_footfalls,,134.38,boi_header,1359657398.0,9.54,152.254,193.5,236.4,1.028,50,416,96,198,74,true,Super Hit
349,349,Geraftaar,1985,,false,,C,5.0,keepalive_decade,1.295,derived_nett_over_atp,,0.971,1.619,,,,3.86,anchor_interpolated,772647800.0,16.76,19.616,56.7,236.0,,3,265,638,,1118,true,Hit
350,350,Ghazab,1982,,false,,C,3.5,keepalive_decade,1.287,derived_nett_over_atp,,0.965,1.609,,,,2.72,anchor_interpolated,720313473.0,17.87,16.41,47.5,234.5,0.737,11,246,740,359,1275,false,Semi Hit
351,351,Saajan,1991,,false,,C,10.0,keepalive_decade,1.285,derived_nett_over_atp,,0.964,1.606,,,,7.78,anchor_interpolated,883927605.0,14.54,31.858,69.8,234.1,,3,294,514,,801,true,Super Hit
352,352,Raaz,2002,1 Feb 2002,false,,A,21.46,boi_year_page,1.284,sourced,boi_year_page,1.156,1.412,1.284,hungama_footfalls,,29.98,boi_header,1097600380.0,11.7,63.552,75.1,233.9,1.34,50,339,474,111,505,true,Blockbuster
353,353,Dilwale,1994,4 Feb 1994,false,,A,6.33,boi_year_page,1.282,sourced,boi_year_page,1.154,1.41,,,,11.05,boi_header,941163772.0,13.62,42.277,33.3,233.6,0.842,49,309,910,279,998,false,Super Hit
354,354,Jab Tak Hai Jaan,2012,13 Nov 2012,false,,A,101.59,boi_year_page,1.276,sourced,boi_year_page,1.149,1.404,1.276,hungama_footfalls,,101.74,boi_header,1278674501.0,9.98,118.092,191.4,232.5,0.909,50,400,98,243,108,true,Hit
355,355,Khalnayak,1993,,false,,C,12.5,keepalive_decade,1.271,derived_nett_over_atp,,0.954,1.589,,,,9.83,anchor_interpolated,922118380.0,13.79,38.294,72.6,231.7,,3,307,501,,706,true,Super Hit
356,356,Rustom,2016,12 Aug 2016,false,,A,124.45,boi_year_page,1.264,sourced,boi_year_page,1.138,1.391,1.264,hungama_footfalls,,131.57,boi_header,1343944296.0,9.41,147.346,187.9,230.3,1.152,48,422,104,160,82,true,Super Hit
357,357,Main Hoon Na,2004,30 Apr 2004,false,,A,36.2,boi_year_page,1.263,sourced,boi_year_page,1.136,1.389,1.263,hungama_footfalls,,42.14,boi_header,1135991509.0,11.12,70.817,113.7,230.1,1.537,50,363,243,73,326,false,Hit
358,358,Total Dhamaal,2019,22 Feb 2019,false,,A,150.07,boi_year_page,1.256,sourced,boi_year_page,1.13,1.381,1.256,hungama_footfalls,,133.83,derived_boi_matched_n48,1389030307.0,9.04,164.163,203.4,228.8,0.76,50,439,84,342,56,false,Hit
359,359,Spider-Man - No Way Home (English),2021,16-Dec-2021,false,,A,,,1.253,sourced,hungama_footfalls,1.128,1.378,,,,145.27,interpolated,1414203896.0,8.86,184.029,,228.3,,12,449,,,,false,
360,360,Good Newwz,2019,27 Dec 2019,false,,A,196.34,boi_year_page,1.251,sourced,boi_year_page,1.126,1.376,1.613,hungama_footfalls,,133.83,derived_boi_matched_n48,1389030307.0,9.0,164.163,266.1,227.9,0.995,50,443,51,212,42,true,Super Hit
361,361,Samraat,1982,,false,,C,3.4,keepalive_decade,1.25,derived_nett_over_atp,,0.938,1.563,,,,2.72,anchor_interpolated,720313473.0,17.36,16.41,46.1,227.8,0.735,11,256,760,362,1292,true,Average
362,362,Don - The Chase Begins Again,2006,20 Oct 2006,false,,A,50.35,boi_year_page,1.249,sourced,boi_year_page,1.124,1.374,1.249,hungama_footfalls,,53.91,boi_header,1172878888.0,10.65,78.334,143.0,227.5,0.971,50,381,166,221,248,true,Hit
363,363,Taare Zameen Par,2007,21 Dec 2007,false,,A,61.83,boi_year_page,1.249,sourced,boi_year_page,1.124,1.373,1.249,hungama_footfalls,,60.73,boi_header,1190676028.0,10.49,82.242,167.3,227.5,1.259,50,390,124,132,204,false,Super Hit
364,364,Airlift,2016,22 Jan 2016,false,,A,123.47,boi_year_page,1.248,sourced,boi_year_page,1.123,1.373,1.248,hungama_footfalls,,131.57,boi_header,1343944296.0,9.29,147.346,186.4,227.4,1.142,48,426,107,166,83,false,Super Hit
365,365,The Hero,2003,11-Apr-2003,false,,A,,,1.243,sourced,hungama_footfalls,1.119,1.367,,,,35.77,boi_header,1116803000.0,11.13,66.935,,226.5,,50,361,,,,false,
366,366,The Hero - Love Story of a Spy,2003,11 Apr 2003,false,,A,26.23,boi_year_page,1.243,sourced,boi_year_page,1.118,1.367,,,,35.77,boi_header,1116803000.0,11.13,66.935,87.2,226.4,1.349,50,362,384,106,423,false,Below Average
367,367,Bhaag Milkha Bhaag,2013,12 Jul 2013,false,,A,109.19,boi_year_page,1.237,sourced,boi_year_page,1.113,1.361,1.237,hungama_footfalls,,109.75,boi_header,1295829507.0,9.55,125.531,193.5,225.4,0.966,50,415,95,223,97,false,Super Hit
368,368,Son Of Sardaar,2012,13 Nov 2012,false,,A,88.68,boi_year_page,1.234,sourced,boi_year_page,1.111,1.358,1.234,hungama_footfalls,,101.74,boi_header,1278674501.0,9.65,118.092,167.1,224.9,0.793,50,411,125,313,128,false,Hit
369,369,Badrinath Ki Dulhania,2017,10 Mar 2017,false,,A,114.12,boi_year_page,1.229,sourced,boi_year_page,1.106,1.352,1.229,hungama_footfalls,,134.38,boi_header,1359657398.0,9.04,152.254,166.8,223.9,0.864,50,440,127,262,89,false,Super Hit
370,370,ABCD - Any Body Can Dance - 2,2015,19-Jun-2015,false,,A,,,1.218,sourced,hungama_footfalls,1.096,1.34,,,,125.97,boi_header,1328024494.0,9.17,140.363,,221.9,,50,432,,,,false,
371,371,ABCD 2,2015,19 Jun 2015,false,,A,103.59,boi_year_page,1.218,sourced,boi_year_page,1.096,1.34,,,,125.97,boi_header,1328024494.0,9.17,140.363,164.2,221.9,0.74,50,433,129,355,105,false,Super Hit
372,372,Grand Masti,2013,13 Sep 2013,false,,A,91.66,boi_year_page,1.214,sourced,boi_year_page,1.093,1.335,1.214,hungama_footfalls,,109.75,boi_header,1295829507.0,9.37,125.531,162.4,221.2,0.811,50,425,131,297,122,false,Super Hit
373,373,Josh,2000,9 Jun 2000,false,,A,17.83,boi_year_page,1.213,sourced,boi_year_page,1.092,1.335,1.213,hungama_footfalls,,24.07,boi_header,1057922731.0,11.47,58.975,67.3,221.1,1.044,50,348,533,193,571,false,Average
374,374,Jodi No.1,2001,13 Apr 2001,false,,A,18.9,boi_year_page,1.212,sourced,boi_year_page,1.091,1.333,1.212,hungama_footfalls,,26.66,boi_header,1077898579.0,11.25,62.017,67.8,220.9,0.944,50,355,529,233,554,false,Hit
375,375,Deewana Mastana,1997,10 Oct 1997,false,,A,13.59,boi_year_page,1.208,sourced,boi_year_page,1.088,1.329,1.208,hungama_footfalls,,17.92,boi_header,999133764.0,12.09,50.681,59.7,220.2,0.742,51,331,610,354,671,false,Hit
376,376,Barfi!,2012,14 Sep 2012,false,,A,105.57,boi_year_page,1.205,sourced,boi_year_page,1.084,1.325,1.205,hungama_footfalls,,101.74,boi_header,1278674501.0,9.42,118.092,198.9,219.5,0.944,50,419,90,232,103,false,Super Hit
377,377,M.S. Dhoni - The Untold Story,2016,30 Sep 2016,false,,A,119.09,boi_year_page,1.199,sourced,boi_year_page,1.079,1.319,1.199,hungama_footfalls,,131.57,boi_header,1343944296.0,8.92,147.346,179.8,218.4,1.102,48,446,114,175,87,false,Hit
378,378,Mann,1999,9 Jul 1999,false,,A,16.65,boi_year_page,1.198,sourced,boi_year_page,1.078,1.318,1.198,hungama_footfalls,,21.51,boi_header,1038225822.0,11.54,55.515,66.7,218.3,0.774,51,345,537,330,601,false,Average
379,379,Refugee,2000,30 Jun 2000,false,,A,17.08,boi_year_page,1.196,sourced,boi_year_page,1.076,1.316,1.196,hungama_footfalls,,24.07,boi_header,1057922731.0,11.31,58.975,64.4,217.9,0.958,50,354,564,227,590,false,Average
380,380,Ek Rishtaa - The Bond Of Love,2001,18 May 2001,false,,A,17.78,boi_year_page,1.194,sourced,boi_year_page,1.075,1.314,1.194,hungama_footfalls,,26.66,boi_header,1077898579.0,11.08,62.017,63.8,217.6,0.888,50,365,569,253,575,false,Average
381,381,Chori Chori Chupke Chupke,2001,9 Mar 2001,false,,A,18.35,boi_year_page,1.19,sourced,boi_year_page,1.071,1.309,1.19,hungama_footfalls,,26.66,boi_header,1077898579.0,11.04,62.017,65.8,216.9,0.916,50,366,546,239,565,false,Semi Hit
382,382,Sabse Bada Khiladi,1995,9 Jun 1995,false,,A,9.4,boi_year_page,1.19,sourced,boi_year_page,1.071,1.309,1.19,hungama_footfalls,,14.37,boi_header,960301046.0,12.39,46.391,45.1,216.8,0.49,50,325,776,573,821,true,Hit
383,383,Hum,1991,,false,,C,9.25,keepalive_decade,1.189,derived_nett_over_atp,,0.891,1.486,,,,7.78,anchor_interpolated,883927605.0,13.45,31.858,64.6,216.6,,3,310,559,,828,true,Hit
384,384,Housefull,2010,30 Apr 2010,false,,A,72.25,boi_year_page,1.187,sourced,boi_year_page,1.069,1.306,1.187,hungama_footfalls,,88.6,boi_header,1243481565.0,9.55,100.0,160.7,216.3,1.193,50,414,140,150,171,true,Hit
385,385,Dulhe Raja,1998,10 Jul 1998,false,,A,12.75,boi_year_page,1.185,sourced,boi_year_page,1.067,1.304,1.185,hungama_footfalls,,19.66,boi_header,1018665080.0,11.64,53.627,52.9,216.0,0.706,50,341,673,383,691,false,Hit
386,386,Bhool Bhulaiyaa,2007,12 Oct 2007,false,,A,49.1,boi_year_page,1.179,sourced,boi_year_page,1.061,1.296,1.179,hungama_footfalls,,60.73,boi_header,1190676028.0,9.9,82.242,132.8,214.7,0.818,50,404,184,291,252,false,Hit
387,387,Aatish,1994,17 Jun 1994,false,,A,6.43,boi_year_page,1.173,sourced,boi_year_page,1.056,1.29,1.173,hungama_footfalls,,11.05,boi_header,941163772.0,12.46,42.277,33.8,213.7,0.815,49,324,906,295,987,false,Average
388,388,Fighter,2024,25 Jan 2024,false,,A,200.01,boi_year_page,1.17,sourced,hungama_footfalls,1.053,1.287,,,,173.97,interpolated,1451098474.0,8.06,217.735,204.4,213.2,0.745,17,487,83,353,40,false,
389,389,Housefull 3,2016,3 Jun 2016,false,,A,108.07,boi_year_page,1.169,sourced,boi_year_page,1.052,1.286,1.169,hungama_footfalls,,131.57,boi_header,1343944296.0,8.7,147.346,163.2,213.1,0.907,48,455,130,245,98,false,Hit
390,390,Mirzapur,2026,4 September 2026,false,,B,212.96,wiki_domnet_original,1.169,derived_nett_over_atp,,0.993,1.344,,,,182.2,carry_forward,1477511422.0,7.91,222.489,213.0,213.0,,4,491,74,,33,false,
391,391,Race 2,2013,25 Jan 2013,false,,A,93.49,boi_year_page,1.167,sourced,boi_year_page,1.051,1.284,1.167,hungama_footfalls,,109.75,boi_header,1295829507.0,9.01,125.531,165.7,212.7,0.827,50,442,128,287,118,false,Semi Hit
392,392,My Name Is Khan,2010,12 Feb 2010,false,,A,72.83,boi_year_page,1.166,sourced,boi_year_page,1.05,1.283,1.166,hungama_footfalls,,88.6,boi_header,1243481565.0,9.38,100.0,162.0,212.5,1.202,50,423,136,148,166,false,Hit
393,393,Badal,2000,11 Feb 2000,false,,A,15.38,boi_year_page,1.165,sourced,boi_year_page,1.049,1.282,1.165,hungama_footfalls,,24.07,boi_header,1057922731.0,11.02,58.975,58.0,212.3,0.863,50,367,624,264,625,false,Hit
394,394,Jolly LLB 2,2017,10 Feb 2017,false,,A,107.78,boi_year_page,1.165,sourced,boi_year_page,1.049,1.282,1.165,hungama_footfalls,,134.38,boi_header,1359657398.0,8.57,152.254,157.5,212.3,0.816,50,461,143,293,100,true,Hit
395,395,Sharaabi,1984,,false,,C,4.0,keepalive_decade,1.165,derived_nett_over_atp,,0.873,1.456,,,,3.43,anchor_interpolated,754875449.0,15.43,18.745,47.5,212.2,,2,282,739,,1227,true,Hit
396,396,Phir Hera Pheri,2006,9 Jun 2006,false,,A,40.81,boi_year_page,1.158,sourced,boi_year_page,1.042,1.273,1.158,hungama_footfalls,,53.91,boi_header,1172878888.0,9.87,78.334,115.9,210.9,0.787,50,405,234,320,298,true,Super Hit
397,397,Tubelight,2017,23 Jun 2017,false,,A,114.57,boi_year_page,1.157,sourced,boi_year_page,1.042,1.273,1.157,hungama_footfalls,,134.38,boi_header,1359657398.0,8.51,152.254,167.4,210.9,0.867,50,468,123,261,88,false,Below Average
398,398,Zindagi Na Milegi Dobara,2011,15 Jul 2011,false,,A,89.96,boi_year_page,1.151,sourced,boi_year_page,1.036,1.266,1.151,hungama_footfalls,,95.48,boi_header,1261224956.0,9.13,109.803,182.3,209.8,0.914,50,434,110,240,126,false,Hit
399,399,Jaan,1996,17 May 1996,false,,A,10.08,boi_year_page,1.145,sourced,boi_year_page,1.031,1.26,,,,15.7,boi_header,979678460.0,11.69,48.462,46.3,208.7,0.701,50,340,757,388,795,false,Hit
400,400,The Dirty Picture,2011,2 Dec 2011,false,,A,79.79,boi_year_page,1.145,sourced,boi_year_page,1.03,1.259,1.145,hungama_footfalls,,95.48,boi_header,1261224956.0,9.08,109.803,161.7,208.6,0.811,50,436,137,298,147,false,Super Hit
401,401,Sooryavanshi,2021,5 Nov 2021,false,,A,195.51,boi_year_page,1.138,sourced,hungama_footfalls,1.024,1.252,,,,145.27,interpolated,1414203896.0,8.05,184.029,236.4,207.3,7.709,12,488,61,2,43,false,Hit
402,402,Major Saab,1998,26 Jun 1998,false,,A,13.1,boi_year_page,1.137,sourced,boi_year_page,1.023,1.251,1.137,hungama_footfalls,,19.66,boi_header,1018665080.0,11.16,53.627,54.3,207.2,0.725,50,359,660,365,683,false,Semi Hit
403,403,Haseena Maan Jayegi,1999,25 Jun 1999,false,,A,15.02,boi_year_page,1.136,sourced,boi_year_page,1.022,1.249,,,,21.51,boi_header,1038225822.0,10.94,55.515,60.2,206.9,0.699,51,370,605,390,636,false,Hit
404,404,Hindustan Ki Kasam,1999,23 Jul 1999,false,,A,13.97,boi_year_page,1.135,sourced,boi_year_page,1.022,1.249,1.135,hungama_footfalls,,21.51,boi_header,1038225822.0,10.93,55.515,56.0,206.8,0.694,51,371,646,395,664,false,Average
405,405,Kesari,2019,21 Mar 2019,false,,A,151.88,boi_year_page,1.135,sourced,boi_year_page,1.021,1.248,1.135,hungama_footfalls,,133.83,derived_boi_matched_n48,1389030307.0,8.17,164.163,205.8,206.7,0.77,50,480,80,335,55,true,Hit
406,406,Hukumat,1987,,false,,C,5.5,keepalive_decade,1.128,derived_nett_over_atp,,0.846,1.41,,,,4.88,anchor_interpolated,808931268.0,13.94,22.148,55.3,205.5,,3,303,656,,1071,true,Hit
407,407,Bunty Aur Babli,2005,27 May 2005,false,,A,36.25,boi_year_page,1.126,sourced,boi_year_page,1.014,1.239,1.126,hungama_footfalls,,49.16,boi_header,1154676321.0,9.75,73.99,109.0,205.2,1.411,50,408,261,96,325,true,Super Hit
408,408,Saudagar,1991,,false,,C,8.75,keepalive_decade,1.124,derived_nett_over_atp,,0.843,1.405,,,,7.78,anchor_interpolated,883927605.0,12.72,31.858,61.1,204.9,,3,319,599,,855,true,Hit
409,409,Ek Villain,2014,27 Jun 2014,false,,A,97.52,boi_year_page,1.124,sourced,boi_year_page,1.012,1.236,1.124,hungama_footfalls,,117.89,boi_header,1312277184.0,8.56,133.849,162.1,204.8,0.696,50,462,135,394,115,true,Super Hit
410,410,Satya,1998,3 Jul 1998,false,,A,14.35,boi_year_page,1.122,sourced,boi_year_page,1.01,1.234,1.122,hungama_footfalls,,19.66,boi_header,1018665080.0,11.01,53.627,59.5,204.4,0.794,50,368,614,311,653,false,Hit
411,411,Mela,2000,7 Jan 2000,false,,A,15.19,boi_year_page,1.121,sourced,boi_year_page,1.009,1.233,1.121,hungama_footfalls,,24.07,boi_header,1057922731.0,10.59,58.975,57.3,204.2,0.852,50,384,630,272,633,false,Flop
412,412,Thugs Of Hindostan,2018,8 Nov 2018,false,,A,138.35,boi_year_page,1.121,sourced,boi_year_page,1.008,1.233,1.121,hungama_footfalls,,118.2,derived_boi_matched_n47,1374659067.0,8.15,158.226,194.5,204.2,0.833,50,482,92,285,70,false,Flop
413,413,Yeshwant,1997,7 Feb 1997,false,,A,10.49,boi_year_page,1.114,sourced,boi_year_page,1.003,1.225,1.114,hungama_footfalls,,17.92,boi_header,999133764.0,11.15,50.681,46.0,203.0,0.573,51,360,762,492,776,false,Semi Hit
414,414,Main Khiladi Tu Anari,1994,23 Sep 1994,false,,A,7.88,boi_year_page,1.109,sourced,boi_year_page,0.998,1.22,1.109,hungama_footfalls,,11.05,boi_header,941163772.0,11.79,42.277,41.5,202.1,1.101,49,335,813,176,898,false,Hit
415,415,Insaniyat,1994,11 Mar 1994,false,,A,5.76,boi_year_page,1.107,sourced,boi_year_page,0.997,1.218,1.107,hungama_footfalls,,11.05,boi_header,941163772.0,11.77,42.277,30.3,201.8,0.766,49,336,955,338,1046,false,Flop
416,416,Mujhe Kucch Kehna Hai,2001,25 May 2001,false,,A,17.27,boi_year_page,1.106,sourced,boi_year_page,0.995,1.216,1.106,hungama_footfalls,,26.66,boi_header,1077898579.0,10.26,62.017,62.0,201.5,0.863,50,393,589,263,587,false,Super Hit
417,417,Baadshah,1999,27 Aug 1999,false,,A,14.87,boi_year_page,1.103,sourced,boi_year_page,0.993,1.213,1.103,hungama_footfalls,,21.51,boi_header,1038225822.0,10.62,55.515,59.6,201.0,0.739,51,383,612,358,641,false,Average
418,418,Ajab Prem Ki Ghazab Kahani,2009,6 Nov 2009,false,,A,62.85,boi_year_page,1.097,sourced,boi_year_page,0.987,1.206,1.097,hungama_footfalls,,78.63,boi_header,1225524764.0,8.95,91.27,153.2,199.8,1.335,50,445,151,113,200,false,Super Hit
419,419,Ghulam,1998,19 Jun 1998,false,,A,13.36,boi_year_page,1.096,sourced,boi_year_page,0.987,1.206,1.096,hungama_footfalls,,19.66,boi_header,1018665080.0,10.76,53.627,55.4,199.8,0.739,50,376,653,356,675,true,Hit
420,420,Shahenshah,1988,,false,,C,6.0,keepalive_decade,1.095,derived_nett_over_atp,,0.821,1.368,,,,5.48,anchor_interpolated,827342994.0,13.23,24.078,55.4,199.4,,3,312,652,,1031,true,Semi Hit
421,421,Talaash,2012,30 Nov 2012,false,,A,91.24,boi_year_page,1.095,sourced,boi_year_page,0.985,1.204,1.095,hungama_footfalls,,101.74,boi_header,1278674501.0,8.56,118.092,171.9,199.4,0.816,50,463,120,292,123,true,Semi Hit
422,422,Welcome Back,2015,4 Sep 2015,false,,A,95.93,boi_year_page,1.093,sourced,boi_year_page,0.983,1.202,1.093,hungama_footfalls,,125.97,boi_header,1328024494.0,8.23,140.363,152.1,199.1,0.685,50,477,152,399,116,false,Semi Hit
423,423,OMG! Oh My God,2012,28 Sep 2012,false,,A,81.44,boi_year_page,1.092,sourced,boi_year_page,0.983,1.201,1.092,hungama_footfalls,,101.74,boi_header,1278674501.0,8.54,118.092,153.4,198.9,0.749,50,464,150,349,141,false,Super Hit
424,424,Heyy Babyy,2007,24 Aug 2007,false,,A,47.12,boi_year_page,1.086,sourced,boi_year_page,0.978,1.195,1.086,hungama_footfalls,,60.73,boi_header,1190676028.0,9.12,82.242,127.5,197.9,0.785,50,435,196,323,258,false,Hit
425,425,Super 30,2019,12 Jul 2019,false,,A,147.0,boi_year_page,1.086,sourced,boi_year_page,0.977,1.194,1.086,hungama_footfalls,,133.83,derived_boi_matched_n48,1389030307.0,7.82,164.163,199.2,197.9,0.747,50,497,89,351,62,false,Hit
426,426,Bandhan,1998,2 Oct 1998,false,,A,12.1,boi_year_page,1.076,sourced,boi_year_page,0.969,1.184,1.076,hungama_footfalls,,19.66,boi_header,1018665080.0,10.57,53.627,50.2,196.1,0.746,50,386,702,352,714,false,Hit
427,427,Guru,2007,12 Jan 2007,false,,A,45.49,boi_year_page,1.075,sourced,boi_year_page,0.968,1.183,,,,60.73,boi_header,1190676028.0,9.03,82.242,123.1,195.9,0.758,50,441,208,343,268,false,Hit
428,428,Gabbar Is Back,2015,1 May 2015,false,,A,86.86,boi_year_page,1.074,sourced,boi_year_page,0.967,1.182,1.074,hungama_footfalls,,125.97,boi_header,1328024494.0,8.09,140.363,137.7,195.7,0.621,50,484,177,442,131,false,Semi Hit
429,429,Ajnabee,2001,21 Sep 2001,false,,A,17.04,boi_year_page,1.072,sourced,boi_year_page,0.965,1.179,1.072,hungama_footfalls,,26.66,boi_header,1077898579.0,9.95,62.017,61.1,195.3,0.851,50,402,598,273,592,false,Average
430,430,Race,2008,21 Mar 2008,false,,A,60.83,boi_year_page,1.069,sourced,boi_year_page,0.962,1.176,1.069,hungama_footfalls,,69.76,boi_header,1207930960.0,8.85,89.379,151.4,194.8,1.094,50,451,154,178,208,false,Hit
431,431,Kabhi Alvida Na Kehna,2006,11 Aug 2006,false,,A,44.41,boi_year_page,1.062,sourced,boi_year_page,0.956,1.168,1.062,hungama_footfalls,,53.91,boi_header,1172878888.0,9.06,78.334,126.1,193.5,0.856,50,438,201,270,274,false,Semi Hit
432,432,Ae Dil Hai Mushkil,2016,28 Oct 2016,false,,A,106.48,boi_year_page,1.056,sourced,boi_year_page,0.95,1.162,1.056,hungama_footfalls,,131.57,boi_header,1343944296.0,7.86,147.346,160.8,192.4,0.894,48,494,139,250,101,false,Hit
433,433,Virasat,1997,30 May 1997,false,,A,11.32,boi_year_page,1.054,sourced,boi_year_page,0.949,1.159,1.054,hungama_footfalls,,17.92,boi_header,999133764.0,10.55,50.681,49.7,192.0,0.618,51,388,711,446,742,false,Hit
434,434,Stree,2018,31 Aug 2018,false,,A,124.57,boi_year_page,1.05,sourced,boi_year_page,0.945,1.155,1.05,hungama_footfalls,,118.2,derived_boi_matched_n47,1374659067.0,7.64,158.226,175.2,191.4,0.75,50,508,117,348,81,false,Super Hit
435,435,Mujhse Shaadi Karogi,2004,30 Jul 2004,false,,A,29.11,boi_year_page,1.048,sourced,boi_year_page,0.943,1.153,1.048,hungama_footfalls,,42.14,boi_header,1135991509.0,9.23,70.817,91.5,191.0,1.236,50,429,347,143,397,false,Hit
436,436,Love Aaj Kal,2009,31 Jul 2009,false,,A,66.56,boi_year_page,1.046,sourced,boi_year_page,0.942,1.151,1.046,hungama_footfalls,,78.63,boi_header,1225524764.0,8.54,91.27,162.3,190.7,1.413,50,465,134,94,186,false,Hit
437,437,Har Dil Jo Pyar Karega,2000,4 Aug 2000,false,,A,15.28,boi_year_page,1.043,sourced,boi_year_page,0.939,1.147,1.043,hungama_footfalls,,24.07,boi_header,1057922731.0,9.86,58.975,57.6,190.0,0.857,50,406,626,269,630,false,Average
438,438,Badhaai Ho,2018,18 Oct 2018,false,,A,134.47,boi_year_page,1.042,sourced,boi_year_page,0.937,1.146,1.042,hungama_footfalls,,118.2,derived_boi_matched_n47,1374659067.0,7.58,158.226,189.1,189.8,0.809,50,514,100,301,72,false,Blockbuster
439,439,China Gate,1998,27 Nov 1998,false,,A,12.78,boi_year_page,1.042,sourced,boi_year_page,0.937,1.146,1.042,hungama_footfalls,,19.66,boi_header,1018665080.0,10.22,53.627,53.0,189.8,0.707,50,394,670,380,690,false,Average
440,440,2 States,2014,18 Apr 2014,false,,A,101.86,boi_year_page,1.026,sourced,boi_year_page,0.924,1.129,1.026,hungama_footfalls,,117.89,boi_header,1312277184.0,7.82,133.849,169.3,187.0,0.727,50,496,121,364,107,false,Super Hit
441,441,Chhichhore,2019,6 Sep 2019,false,,A,147.32,boi_year_page,1.026,sourced,boi_year_page,0.923,1.128,1.026,hungama_footfalls,,133.83,derived_boi_matched_n48,1389030307.0,7.38,164.163,199.7,186.9,0.748,50,523,86,350,61,false,Super Hit
442,442,Dil Chahta Hai,2001,10 Aug 2001,false,,A,20.02,boi_year_page,1.025,sourced,boi_year_page,0.923,1.128,1.025,hungama_footfalls,,26.66,boi_header,1077898579.0,9.51,62.017,71.8,186.8,1.06,50,418,504,186,534,false,Average
443,443,Vivah,2006,10 Nov 2006,false,,A,31.56,boi_year_page,1.024,sourced,boi_year_page,0.922,1.127,1.024,hungama_footfalls,,53.91,boi_header,1172878888.0,8.73,78.334,89.6,186.6,0.608,50,454,363,457,367,false,Blockbuster
444,444,Golmaal Returns,2008,29 Oct 2008,false,,A,51.12,boi_year_page,1.023,sourced,boi_year_page,0.921,1.125,1.023,hungama_footfalls,,69.76,boi_header,1207930960.0,8.47,89.379,127.3,186.4,0.912,50,470,197,242,246,false,Hit
445,445,Dhoom,2004,27 Aug 2004,false,,A,31.6,boi_year_page,1.02,sourced,boi_year_page,0.918,1.122,1.02,hungama_footfalls,,42.14,boi_header,1135991509.0,8.98,70.817,99.3,185.8,1.342,50,444,311,110,365,false,Super Hit
446,446,Dabangg 3,2019,20 Dec 2019,false,,A,134.79,boi_year_page,1.016,sourced,boi_year_page,0.915,1.118,1.016,hungama_footfalls,,133.83,derived_boi_matched_n48,1389030307.0,7.32,164.163,182.7,185.2,0.685,50,528,109,400,71,false,Flop
447,447,War 2,2025,14 August 2025,false,,B,185.13,wiki_domnet_original,1.016,derived_nett_over_atp,,0.864,1.168,,,,182.2,ormax_nett,1464245393.0,6.94,222.489,185.1,185.1,0.548,6,565,108,511,47,false,
448,448,Kaante,2002,20 Dec 2002,false,,A,20.45,boi_year_page,1.016,sourced,boi_year_page,0.914,1.117,1.016,hungama_footfalls,,29.98,boi_header,1097600380.0,9.25,63.552,71.6,185.1,1.277,50,428,506,127,521,false,Below Average
449,449,Ram Jaane,1995,1 Dec 1995,false,,A,8.61,boi_year_page,1.015,sourced,boi_year_page,0.913,1.116,1.015,hungama_footfalls,,14.37,boi_header,960301046.0,10.57,46.391,41.3,184.9,0.449,50,387,817,622,860,false,Hit
450,450,Bhagam Bhag,2006,22 Dec 2006,false,,A,40.38,boi_year_page,1.014,sourced,boi_year_page,0.912,1.115,1.014,hungama_footfalls,,53.91,boi_header,1172878888.0,8.64,78.334,114.7,184.7,0.778,50,459,239,325,299,false,Hit
451,451,Dream Girl,2019,13 Sep 2019,false,,A,139.37,boi_year_page,1.013,sourced,boi_year_page,0.911,1.114,1.013,hungama_footfalls,,133.83,derived_boi_matched_n48,1389030307.0,7.29,164.163,188.9,184.5,0.708,50,531,101,378,69,false,Super Hit
452,452,Vijaypath,1994,5 Aug 1994,false,,A,6.45,boi_year_page,1.012,sourced,boi_year_page,0.91,1.113,1.012,hungama_footfalls,,11.05,boi_header,941163772.0,10.75,42.277,34.0,184.3,0.819,49,377,904,289,986,false,Hit
453,453,Andaz,1994,8 Apr 1994,false,,A,5.3,boi_year_page,1.008,sourced,boi_year_page,0.907,1.109,,,,11.05,boi_header,941163772.0,10.71,42.277,27.9,183.7,0.704,49,378,995,385,1091,false,Below Average
454,454,Once Upon A Time In Mumbaai,2010,30 Jul 2010,false,,A,58.27,boi_year_page,1.003,sourced,boi_year_page,0.903,1.103,1.003,hungama_footfalls,,88.6,boi_header,1243481565.0,8.07,100.0,129.6,182.7,0.806,50,486,190,303,219,false,Hit
455,455,Raazi,2018,11 May 2018,false,,A,122.4,boi_year_page,1.002,sourced,boi_year_page,0.901,1.102,1.002,hungama_footfalls,,118.2,derived_boi_matched_n47,1374659067.0,7.29,158.226,172.1,182.5,0.737,50,532,119,360,84,false,Super Hit
456,456,Krishna,1996,2 Aug 1996,false,,A,9.04,boi_year_page,0.999,sourced,boi_year_page,0.899,1.099,0.999,hungama_footfalls,,15.7,boi_header,979678460.0,10.2,48.462,41.5,182.1,0.634,50,395,814,432,839,false,Average
457,457,Khakee,2004,23 Jan 2004,false,,A,25.79,boi_year_page,0.998,sourced,boi_year_page,0.898,1.098,0.998,hungama_footfalls,,42.14,boi_header,1135991509.0,8.79,70.817,81.0,181.9,1.095,50,452,424,177,427,false,Average
458,458,Ajay,1996,27 Dec 1996,false,,A,9.18,boi_year_page,0.997,sourced,boi_year_page,0.897,1.097,0.997,hungama_footfalls,,15.7,boi_header,979678460.0,10.18,48.462,42.1,181.7,0.638,50,396,802,430,832,false,Average
459,459,Yes Boss,1997,18 Jul 1997,false,,A,11.33,boi_year_page,0.997,sourced,boi_year_page,0.897,1.097,0.997,hungama_footfalls,,17.92,boi_header,999133764.0,9.98,50.681,49.7,181.7,0.619,51,401,709,444,741,false,Hit
460,460,Fiza,2000,8 Sep 2000,false,,A,14.67,boi_year_page,0.996,sourced,boi_year_page,0.897,1.096,0.996,hungama_footfalls,,24.07,boi_header,1057922731.0,9.42,58.975,55.3,181.5,0.84,50,420,654,280,644,false,Semi Hit
461,461,Bhool Bhulaiyaa 2,2022,20 May 2022,false,,A,181.65,boi_year_page,0.992,sourced,hungama_footfalls,0.893,1.091,,,,158.47,ormax_nett,1425423209.0,6.96,196.317,205.9,180.7,0.789,47,563,79,319,49,false,Blockbuster
462,462,Dhadkan,2000,11 Aug 2000,false,,A,14.02,boi_year_page,0.991,sourced,boi_year_page,0.892,1.091,0.991,hungama_footfalls,,24.07,boi_header,1057922731.0,9.37,58.975,52.9,180.6,0.803,50,424,672,304,661,false,Average
463,463,Aashiqui 2,2013,26 Apr 2013,false,,A,78.64,boi_year_page,0.985,sourced,boi_year_page,0.887,1.084,0.985,hungama_footfalls,,109.75,boi_header,1295829507.0,7.6,125.531,139.4,179.5,0.696,50,512,172,393,150,false,Blockbuster
464,464,Hamara Dil Aapke Paas Hai,2000,25 Aug 2000,false,,A,14.79,boi_year_page,0.983,sourced,boi_year_page,0.884,1.081,0.983,hungama_footfalls,,24.07,boi_header,1057922731.0,9.29,58.975,55.8,179.0,0.829,50,427,648,286,643,false,Hit
465,465,Diljale,1996,27 Sep 1996,false,,A,9.09,boi_year_page,0.982,sourced,boi_year_page,0.883,1.08,0.982,hungama_footfalls,,15.7,boi_header,979678460.0,10.02,48.462,41.7,178.9,0.632,50,399,809,434,835,true,Semi Hit
466,466,Nagina,1986,,false,,C,4.25,keepalive_decade,0.979,derived_nett_over_atp,,0.735,1.224,,,,4.34,anchor_interpolated,790689977.0,12.39,20.699,45.7,178.5,,2,326,770,,1196,true,Super Hit
467,467,Jab Pyaar Kisise Hota Hai,1998,22 May 1998,false,,A,11.71,boi_year_page,0.978,sourced,boi_year_page,0.88,1.076,0.978,hungama_footfalls,,19.66,boi_header,1018665080.0,9.6,53.627,48.6,178.2,0.723,50,412,725,368,726,true,Semi Hit
468,468,Lajja,2001,31 Aug 2001,false,,A,15.87,boi_year_page,0.976,sourced,boi_year_page,0.879,1.074,0.976,hungama_footfalls,,26.66,boi_header,1077898579.0,9.06,62.017,56.9,177.9,0.816,50,437,633,294,616,false,Flop
469,469,Suhaag,1994,4 Nov 1994,false,,A,7.09,boi_year_page,0.973,sourced,boi_year_page,0.876,1.07,0.973,hungama_footfalls,,11.05,boi_header,941163772.0,10.34,42.277,37.3,177.3,0.899,49,392,868,247,941,false,Hit
470,470,Zor,1998,13 Feb 1998,false,,A,10.56,boi_year_page,0.97,sourced,boi_year_page,0.873,1.067,0.97,hungama_footfalls,,19.66,boi_header,1018665080.0,9.52,53.627,43.8,176.8,0.652,50,417,783,417,771,false,Flop
471,471,Trimurti,1995,22 Dec 1995,false,,A,8.57,boi_year_page,0.965,sourced,boi_year_page,0.869,1.062,0.965,hungama_footfalls,,14.37,boi_header,960301046.0,10.05,46.391,41.1,175.9,0.447,50,398,819,624,864,false,Flop
472,472,Daag - The Fire,1999,12 Feb 1999,false,,A,11.45,boi_year_page,0.957,sourced,boi_year_page,0.862,1.053,0.957,hungama_footfalls,,21.51,boi_header,1038225822.0,9.22,55.515,45.9,174.4,0.569,51,430,766,494,736,false,Hit
473,473,Baaghi,2016,29 Apr 2016,false,,A,76.07,boi_year_page,0.954,sourced,boi_year_page,0.858,1.049,0.954,hungama_footfalls,,131.57,boi_header,1343944296.0,7.1,147.346,114.9,173.8,0.639,48,547,237,428,159,false,Hit
474,474,Tees Maar Khan,2010,24 Dec 2010,false,,A,60.57,boi_year_page,0.953,sourced,boi_year_page,0.857,1.048,0.953,hungama_footfalls,,88.6,boi_header,1243481565.0,7.66,100.0,134.8,173.6,0.838,50,506,181,283,210,false,Semi Hit
475,475,Raaz 3,2012,7 Sep 2012,false,,A,67.41,boi_year_page,0.952,sourced,boi_year_page,0.857,1.047,0.952,hungama_footfalls,,101.74,boi_header,1278674501.0,7.44,118.092,127.0,173.4,0.62,50,520,198,443,185,false,Super Hit
476,476,Aankhen,2002,5 Apr 2002,false,,A,17.48,boi_year_page,0.949,sourced,boi_year_page,0.854,1.044,0.949,hungama_footfalls,,29.98,boi_header,1097600380.0,8.65,63.552,61.2,173.0,1.091,50,458,597,180,581,false,Average
477,477,Shivaay,2016,28 Oct 2016,false,,A,84.84,boi_year_page,0.949,sourced,boi_year_page,0.854,1.044,0.949,hungama_footfalls,,131.57,boi_header,1343944296.0,7.06,147.346,128.1,172.9,0.712,48,555,194,374,134,false,Below Average
478,478,Khiladi 786,2012,7 Dec 2012,false,,A,64.55,boi_year_page,0.943,sourced,boi_year_page,0.849,1.038,0.943,hungama_footfalls,,101.74,boi_header,1278674501.0,7.38,118.092,121.6,171.9,0.594,50,525,213,468,196,false,Average
479,479,Raid,2018,16 Mar 2018,false,,A,98.02,boi_year_page,0.943,sourced,boi_year_page,0.849,1.037,0.943,hungama_footfalls,,118.2,derived_boi_matched_n47,1374659067.0,6.86,158.226,137.8,171.8,0.6,50,571,176,462,114,false,Hit
480,480,Jaane Tu... Ya Jaane Na,2008,4 Jul 2008,false,,A,55.62,boi_year_page,0.942,sourced,boi_year_page,0.847,1.036,0.942,hungama_footfalls,,69.76,boi_header,1207930960.0,7.8,89.379,138.5,171.6,0.993,50,500,174,213,229,false,Super Hit
481,481,Pukar,2000,4 Feb 2000,false,,A,13.3,boi_year_page,0.942,sourced,boi_year_page,0.847,1.036,0.942,hungama_footfalls,,24.07,boi_header,1057922731.0,8.9,58.975,50.2,171.5,0.762,50,447,703,339,677,false,Flop
482,482,Jodhaa Akbar,2008,15 Feb 2008,false,,A,56.04,boi_year_page,0.932,sourced,boi_year_page,0.838,1.025,0.932,hungama_footfalls,,69.76,boi_header,1207930960.0,7.71,89.379,139.5,169.7,1.008,50,504,171,205,227,true,Semi Hit
483,483,Mr. India,1987,,false,,C,4.5,keepalive_decade,0.923,derived_nett_over_atp,,0.692,1.153,,,,4.88,anchor_interpolated,808931268.0,11.41,22.148,45.2,168.1,,3,351,773,,1172,true,Hit
484,484,Vaastav: The Reality,1999,15-Oct-1999,false,,A,,,0.92,sourced,hungama_footfalls,0.828,1.012,,,,21.51,boi_header,1038225822.0,8.86,55.515,,167.6,,51,448,,,,true,
485,485,Vaastav,1999,15 Oct 1999,false,,A,11.42,boi_year_page,0.92,sourced,boi_year_page,0.828,1.012,,,,21.51,boi_header,1038225822.0,8.86,55.515,45.8,167.6,0.567,51,450,768,496,740,false,Semi Hit
486,486,Humraaz,2002,5 Jul 2002,false,,A,16.59,boi_year_page,0.913,sourced,boi_year_page,0.822,1.004,0.913,hungama_footfalls,,29.98,boi_header,1097600380.0,8.32,63.552,58.1,166.3,1.036,50,474,620,194,603,false,Average
487,487,Elaan,1994,21 Jan 1994,false,,A,4.61,boi_year_page,0.913,sourced,boi_year_page,0.821,1.004,0.913,hungama_footfalls,,11.05,boi_header,941163772.0,9.7,42.277,24.3,166.3,0.613,49,409,1066,451,1161,false,Hit
488,488,Sonu Ke Titu Ki Sweety,2018,23 Feb 2018,false,,A,100.81,boi_year_page,0.913,sourced,boi_year_page,0.821,1.004,0.913,hungama_footfalls,,118.2,derived_boi_matched_n47,1374659067.0,6.64,158.226,141.7,166.3,0.617,50,582,167,447,110,false,Super Hit
489,489,Arjun Pandit,1999,20 Aug 1999,false,,A,11.43,boi_year_page,0.912,sourced,boi_year_page,0.821,1.003,0.912,hungama_footfalls,,21.51,boi_header,1038225822.0,8.78,55.515,45.8,166.1,0.568,51,453,767,495,738,false,Average
490,490,Kaabil,2017,25 Jan 2017,false,,A,86.54,boi_year_page,0.91,sourced,boi_year_page,0.819,1.001,0.91,hungama_footfalls,,134.38,boi_header,1359657398.0,6.7,152.254,126.5,165.9,0.655,50,578,200,414,132,false,Below Average
491,491,Namastey London,2007,23 Mar 2007,false,,A,37.29,boi_year_page,0.909,sourced,boi_year_page,0.818,1.0,0.909,hungama_footfalls,,60.73,boi_header,1190676028.0,7.63,82.242,100.9,165.6,0.621,50,509,303,441,321,false,Semi Hit
492,492,Jaanwar,1999,24 Dec 1999,false,,A,10.65,boi_year_page,0.901,sourced,boi_year_page,0.811,0.992,0.901,hungama_footfalls,,21.51,boi_header,1038225822.0,8.68,55.515,42.7,164.2,0.529,51,457,794,537,768,false,Semi Hit
493,493,Khuddar,1994,25 Mar 1994,false,,A,4.51,boi_year_page,0.901,sourced,boi_year_page,0.81,0.991,0.901,hungama_footfalls,,11.05,boi_header,941163772.0,9.57,42.277,23.7,164.1,0.599,49,413,1076,464,1167,false,Semi Hit
494,494,Awara Paagal Deewana,2002,21 Jun 2002,false,,A,16.02,boi_year_page,0.898,sourced,boi_year_page,0.808,0.988,0.898,hungama_footfalls,,29.98,boi_header,1097600380.0,8.18,63.552,56.1,163.7,0.965,50,479,645,225,611,false,Average
495,495,Baby,2015,23 Jan 2015,false,,A,81.83,boi_year_page,0.898,sourced,boi_year_page,0.808,0.987,0.898,hungama_footfalls,,125.97,boi_header,1328024494.0,6.76,140.363,129.7,163.5,0.585,50,575,188,477,139,false,Average
496,496,Cocktail,2012,13 Jul 2012,false,,A,74.48,boi_year_page,0.897,sourced,boi_year_page,0.808,0.987,0.897,hungama_footfalls,,101.74,boi_header,1278674501.0,7.02,118.092,140.3,163.5,0.685,50,559,169,398,163,false,Hit
497,497,Gunday,2014,14 Feb 2014,false,,A,73.28,boi_year_page,0.897,sourced,boi_year_page,0.808,0.987,0.897,hungama_footfalls,,117.89,boi_header,1312277184.0,6.84,133.849,121.8,163.5,0.523,50,573,210,541,165,false,Semi Hit
498,498,R... Rajkumar,2013,6 Dec 2013,false,,A,65.99,boi_year_page,0.894,sourced,boi_year_page,0.805,0.984,0.894,hungama_footfalls,,109.75,boi_header,1295829507.0,6.9,125.531,117.0,162.9,0.584,50,567,230,479,189,false,Average
499,499,De Dana Dan,2009,27 Nov 2009,false,,A,48.15,boi_year_page,0.894,sourced,boi_year_page,0.805,0.984,0.894,hungama_footfalls,,78.63,boi_header,1225524764.0,7.3,91.27,117.4,162.9,1.022,50,530,226,200,254,false,Average
500,500,Yamla Pagla Deewana,2011,14 Jan 2011,false,,A,54.94,boi_year_page,0.893,sourced,boi_year_page,0.804,0.983,0.893,hungama_footfalls,,95.48,boi_header,1261224956.0,7.08,109.803,111.3,162.8,0.558,50,551,250,501,231,false,Hit
501,501,Gully Boy,2019,14 Feb 2019,false,,A,134.24,boi_year_page,0.893,sourced,boi_year_page,0.804,0.982,0.893,hungama_footfalls,,133.83,derived_boi_matched_n48,1389030307.0,6.43,164.163,181.9,162.7,0.682,50,596,111,401,73,false,Hit
502,502,Gangubai Kathiawadi,2022,25 Feb 2022,false,,A,126.32,boi_year_page,0.889,sourced,hungama_footfalls,0.8,0.978,,,,158.47,ormax_nett,1425423209.0,6.24,196.317,143.2,162.0,0.549,47,612,165,509,80,false,Hit
503,503,Anjaam,1994,22 Apr 1994,false,,A,4.99,boi_year_page,0.885,sourced,boi_year_page,0.797,0.974,0.885,hungama_footfalls,,11.05,boi_header,941163772.0,9.41,42.277,26.2,161.3,0.663,49,421,1032,409,1125,false,Average
504,504,Yaadein,2001,27 Jul 2001,false,,A,14.65,boi_year_page,0.885,sourced,boi_year_page,0.797,0.974,0.885,hungama_footfalls,,26.66,boi_header,1077898579.0,8.21,62.017,52.5,161.3,0.753,50,478,677,346,645,false,Flop
505,505,Garam Masala,2005,2 Nov 2005,false,,A,29.0,boi_year_page,0.884,sourced,boi_year_page,0.795,0.972,0.884,hungama_footfalls,,49.16,boi_header,1154676321.0,7.65,73.99,87.2,161.0,1.129,50,507,383,169,399,false,Hit
506,506,Oh My God! 2,2023,11 Aug 2023,false,,B,146.21,boi_year_page,0.88,derived_nett_over_atp,,0.748,1.012,,,,166.1,ormax_nett,1438069597.0,6.12,207.414,156.8,160.4,0.562,29,621,146,500,63,true,
507,507,Insaniyat Ke Dushman,1987,,false,,C,4.25,keepalive_decade,0.871,derived_nett_over_atp,,0.654,1.089,,,,4.88,anchor_interpolated,808931268.0,10.77,22.148,42.7,158.8,,3,375,792,,1192,true,Hit
508,508,Salaakhen,1998,24 Apr 1998,false,,A,9.34,boi_year_page,0.869,sourced,boi_year_page,0.782,0.955,0.869,hungama_footfalls,,19.66,boi_header,1018665080.0,8.53,53.627,38.8,158.2,0.576,50,466,845,489,825,true,Flop
509,509,Mrityudaata,1997,25 Apr 1997,false,,A,8.7,boi_year_page,0.869,sourced,boi_year_page,0.782,0.955,0.869,hungama_footfalls,,17.92,boi_header,999133764.0,8.69,50.681,38.2,158.2,0.475,51,456,851,594,857,false,Flop
510,510,Yeh Dillagi,1994,6 May 1994,false,,A,5.72,boi_year_page,0.865,sourced,boi_year_page,0.778,0.951,0.865,hungama_footfalls,,11.05,boi_header,941163772.0,9.19,42.277,30.1,157.6,0.761,49,431,959,341,1052,false,Hit
511,511,Ta Ra Rum Pum,2007,27 Apr 2007,false,,A,38.45,boi_year_page,0.862,sourced,boi_year_page,0.776,0.948,0.862,hungama_footfalls,,60.73,boi_header,1190676028.0,7.24,82.242,104.0,157.0,0.64,50,536,284,424,316,false,Semi Hit
512,512,Duplicate,1998,8 May 1998,false,,A,10.17,boi_year_page,0.857,sourced,boi_year_page,0.772,0.943,0.857,hungama_footfalls,,19.66,boi_header,1018665080.0,8.42,53.627,42.2,156.2,0.628,50,471,800,438,792,false,Flop
513,513,Kambakkht Ishq,2009,3 Jul 2009,false,,A,47.09,boi_year_page,0.857,sourced,boi_year_page,0.771,0.942,0.857,hungama_footfalls,,78.63,boi_header,1225524764.0,6.99,91.27,114.8,156.1,0.978,50,562,238,218,259,false,Average
514,514,Rockstar,2011,11 Nov 2011,false,,A,68.61,boi_year_page,0.855,sourced,boi_year_page,0.77,0.941,0.855,hungama_footfalls,,95.48,boi_header,1261224956.0,6.78,109.803,139.0,155.8,0.697,50,574,173,391,180,false,Semi Hit
515,515,Shaitaan,2024,8 Mar 2024,false,,B,148.54,boi_year_page,0.854,derived_nett_over_atp,,0.726,0.982,,,,173.97,interpolated,1451098474.0,5.88,217.735,151.8,155.6,0.554,17,640,153,505,59,false,
516,516,Dil Se,1998,21 Aug 1998,false,,A,10.77,boi_year_page,0.854,sourced,boi_year_page,0.768,0.939,0.854,hungama_footfalls,,19.66,boi_header,1018665080.0,8.38,53.627,44.7,155.6,0.664,50,472,779,408,757,false,Flop
517,517,Mr. & Mrs. Khiladi,1997,10 Oct 1997,false,,A,9.37,boi_year_page,0.852,sourced,boi_year_page,0.766,0.937,0.852,hungama_footfalls,,17.92,boi_header,999133764.0,8.52,50.681,41.1,155.1,0.512,51,467,820,552,822,false,Semi Hit
518,518,Hogi Pyar Ki Jeet,1999,7 May 1999,false,,A,10.07,boi_year_page,0.848,sourced,boi_year_page,0.763,0.932,0.848,hungama_footfalls,,21.51,boi_header,1038225822.0,8.16,55.515,40.3,154.4,0.5,51,481,828,560,797,false,Semi Hit
519,519,Fan,2016,15 Apr 2016,false,,A,84.03,boi_year_page,0.847,sourced,boi_year_page,0.762,0.932,0.847,hungama_footfalls,,131.57,boi_header,1343944296.0,6.3,147.346,126.9,154.3,0.706,48,606,199,382,136,false,Flop
520,520,Qayamat,2003,11 Jul 2003,false,,A,17.46,boi_year_page,0.839,sourced,boi_year_page,0.755,0.923,0.839,hungama_footfalls,,35.77,boi_header,1116803000.0,7.52,66.935,58.0,152.9,0.846,50,519,623,275,582,false,Average
521,521,Maa Tujhhe Salaam,2002,25 Jan 2002,false,,A,13.32,boi_year_page,0.837,sourced,boi_year_page,0.754,0.921,0.837,hungama_footfalls,,29.98,boi_header,1097600380.0,7.63,63.552,46.6,152.6,0.803,50,510,748,305,676,false,Below Average
522,522,Chal Mere Bhai,2000,5 May 2000,false,,A,11.65,boi_year_page,0.837,sourced,boi_year_page,0.753,0.92,0.837,hungama_footfalls,,24.07,boi_header,1057922731.0,7.91,58.975,44.0,152.4,0.667,50,493,782,404,728,false,Flop
523,523,Mangal Pandey - The Rising,2005,12 Aug 2005,false,,A,27.86,boi_year_page,0.834,sourced,boi_year_page,0.75,0.917,0.834,hungama_footfalls,,49.16,boi_header,1154676321.0,7.22,73.99,83.8,151.9,1.085,50,537,406,181,412,false,Flop
524,524,Tu Jhoothi Main Makkaar,2023,8 Mar 2023,false,,A,128.13,boi_year_page,0.83,sourced,hungama_footfalls,0.747,0.913,,,,166.1,ormax_nett,1438069597.0,5.77,207.414,137.4,151.2,0.533,29,650,178,529,78,false,
525,525,Gambler,1995,8 Dec 1995,false,,A,7.17,boi_year_page,0.828,sourced,boi_year_page,0.745,0.911,0.828,hungama_footfalls,,14.37,boi_header,960301046.0,8.62,46.391,34.4,150.8,0.373,50,460,901,730,934,false,Flop
526,526,Singh Is Bling,2015,2 Oct 2015,false,,A,71.08,boi_year_page,0.827,sourced,boi_year_page,0.745,0.91,0.827,hungama_footfalls,,125.97,boi_header,1328024494.0,6.23,140.363,112.7,150.8,0.548,50,614,246,510,174,false,Flop
527,527,Hera Pheri,2000,31 Mar 2000,false,,A,12.36,boi_year_page,0.827,sourced,boi_year_page,0.744,0.909,0.827,hungama_footfalls,,24.07,boi_header,1057922731.0,7.81,58.975,46.6,150.6,0.708,50,499,749,379,709,false,Average
528,528,Entertainment,2014,8 Aug 2014,false,,A,64.3,boi_year_page,0.826,sourced,boi_year_page,0.743,0.908,0.826,hungama_footfalls,,117.89,boi_header,1312277184.0,6.29,133.849,106.9,150.5,0.509,50,607,277,554,197,false,Flop
529,529,Brothers,2015,14 Aug 2015,false,,A,70.66,boi_year_page,0.826,sourced,boi_year_page,0.743,0.908,0.826,hungama_footfalls,,125.97,boi_header,1328024494.0,6.22,140.363,112.0,150.4,0.545,50,615,247,514,175,false,Flop
530,530,Aa Ab Laut Chalen,1999,22 Jan 1999,false,,A,11.02,boi_year_page,0.824,sourced,boi_year_page,0.742,0.907,0.824,hungama_footfalls,,21.51,boi_header,1038225822.0,7.94,55.515,44.2,150.2,0.547,51,490,781,513,749,false,Below Average
531,531,Chachi 420,1997,19 Dec 1997,false,,A,11.42,boi_year_page,0.824,sourced,boi_year_page,0.741,0.906,0.824,hungama_footfalls,,17.92,boi_header,999133764.0,8.24,50.681,50.1,150.1,0.624,51,475,704,440,739,true,Hit
532,532,Paap Ki Duniya,1988,,false,,C,4.5,keepalive_decade,0.821,derived_nett_over_atp,,0.616,1.026,,,,5.48,anchor_interpolated,827342994.0,9.92,24.078,41.6,149.6,,3,403,811,,1174,true,Hit
533,533,Dhamaal,2007,7 Sep 2007,false,,A,32.51,boi_year_page,0.817,sourced,boi_year_page,0.735,0.899,0.817,hungama_footfalls,,60.73,boi_header,1190676028.0,6.86,82.242,88.0,148.9,0.596,50,570,375,466,359,true,Semi Hit
534,534,Loafer,1996,7 Jun 1996,false,,A,7.15,boi_year_page,0.815,sourced,boi_year_page,0.734,0.897,0.791,hungama_footfalls,,15.7,boi_header,979678460.0,8.32,48.462,32.8,148.5,0.502,50,473,915,558,936,false,Semi Hit
535,535,Hum Tumhare Hain Sanam,2002,24 May 2002,false,,A,13.52,boi_year_page,0.813,sourced,boi_year_page,0.732,0.895,0.813,hungama_footfalls,,29.98,boi_header,1097600380.0,7.41,63.552,47.3,148.2,0.815,50,521,742,296,673,false,Average
536,536,Dostana,2008,14 Nov 2008,false,,A,44.38,boi_year_page,0.809,sourced,boi_year_page,0.728,0.89,0.809,hungama_footfalls,,69.76,boi_header,1207930960.0,6.7,89.379,110.5,147.4,0.792,50,577,255,315,275,false,Average
537,537,Hello Brother,1999,10 Sep 1999,false,,A,10.68,boi_year_page,0.808,sourced,boi_year_page,0.727,0.888,0.808,hungama_footfalls,,21.51,boi_header,1038225822.0,7.78,55.515,42.8,147.1,0.53,51,501,791,533,767,false,Flop
538,538,Once Upon A Time In Mumbaai Dobaara!,2013,15 Aug 2013,false,,A,58.49,boi_year_page,0.805,sourced,boi_year_page,0.724,0.885,0.805,hungama_footfalls,,109.75,boi_header,1295829507.0,6.21,125.531,103.7,146.7,0.527,50,616,286,538,218,false,Flop
539,539,Tashan,2008,25 Apr 2008,false,,A,29.35,boi_year_page,0.803,sourced,boi_year_page,0.723,0.884,0.803,hungama_footfalls,,69.76,boi_header,1207930960.0,6.65,89.379,73.1,146.3,0.526,50,580,497,540,393,false,Below Average
540,540,Dunki,2023,21 Dec 2023,false,,A,201.23,boi_year_page,0.8,sourced,hungama_footfalls,0.72,0.88,,,,166.1,ormax_nett,1438069597.0,5.56,207.414,215.9,145.8,0.773,29,670,72,333,39,false,
541,541,Zamane Se Kya Darna,1994,14 Jan 1994,false,,A,4.06,boi_year_page,0.799,sourced,boi_year_page,0.719,0.879,0.799,hungama_footfalls,,11.05,boi_header,941163772.0,8.49,42.277,21.4,145.6,0.54,49,469,1139,520,1216,false,Average
542,542,Hadh Kar Di Aapne,2000,14 Apr 2000,false,,A,11.31,boi_year_page,0.798,sourced,boi_year_page,0.718,0.878,0.798,hungama_footfalls,,24.07,boi_header,1057922731.0,7.54,58.975,42.7,145.4,0.648,50,517,793,419,743,false,Average
543,543,Ghulam-E-Musthafa,1997,31 Oct 1997,false,,A,8.81,boi_year_page,0.797,sourced,boi_year_page,0.718,0.877,0.797,hungama_footfalls,,17.92,boi_header,999133764.0,7.98,50.681,38.7,145.3,0.481,51,489,847,585,852,false,Semi Hit
544,544,Baghban,2003,3 Oct 2003,false,,A,20.65,boi_year_page,0.797,sourced,boi_year_page,0.718,0.877,0.797,hungama_footfalls,,35.77,boi_header,1116803000.0,7.14,66.935,68.6,145.3,1.062,50,542,521,185,516,false,Hit
545,545,Andaaz,2003,23 May 2003,false,,A,15.94,boi_year_page,0.797,sourced,boi_year_page,0.717,0.877,0.797,hungama_footfalls,,35.77,boi_header,1116803000.0,7.14,66.935,53.0,145.2,0.772,50,543,671,334,614,false,Hit
546,546,Kurukshetra,2000,10 Nov 2000,false,,A,11.15,boi_year_page,0.797,sourced,boi_year_page,0.717,0.877,0.797,hungama_footfalls,,24.07,boi_header,1057922731.0,7.53,58.975,42.1,145.2,0.639,50,518,805,427,746,false,Average
547,547,Maine Pyaar Kyun Kiya?,2005,15 Jul 2005,false,,A,25.69,boi_year_page,0.797,sourced,boi_year_page,0.717,0.876,0.797,hungama_footfalls,,49.16,boi_header,1154676321.0,6.9,73.99,77.2,145.1,0.981,50,568,457,216,432,false,Semi Hit
548,548,Andolan,1995,3 Mar 1995,false,,A,6.05,boi_year_page,0.792,sourced,boi_year_page,0.712,0.871,0.792,hungama_footfalls,,14.37,boi_header,960301046.0,8.24,46.391,29.0,144.2,0.381,50,476,977,719,1023,false,Average
549,549,Anari No.1,1999,9 Apr 1999,false,,A,10.24,boi_year_page,0.791,sourced,boi_year_page,0.712,0.87,0.791,hungama_footfalls,,21.51,boi_header,1038225822.0,7.62,55.515,41.0,144.2,0.508,51,511,821,555,788,false,Semi Hit
550,550,Chalte Chalte,2003,13 Jun 2003,false,,A,19.44,boi_year_page,0.791,sourced,boi_year_page,0.712,0.87,0.791,hungama_footfalls,,35.77,boi_header,1116803000.0,7.08,66.935,64.6,144.1,0.941,50,553,558,235,543,false,Hit
551,551,Prem Granth,1996,31 May 1996,false,,A,7.75,boi_year_page,0.791,sourced,boi_year_page,0.711,0.87,0.791,hungama_footfalls,,15.7,boi_header,979678460.0,8.07,48.462,35.6,144.0,0.544,50,485,892,516,905,false,Below Average
552,552,Gold,2018,15 Aug 2018,false,,A,102.02,boi_year_page,0.789,sourced,boi_year_page,0.71,0.868,0.789,hungama_footfalls,,118.2,derived_boi_matched_n47,1374659067.0,5.74,158.226,143.4,143.8,0.624,50,654,164,439,106,false,Average
553,553,Farz,2001,12 Jan 2001,false,,A,11.27,boi_year_page,0.789,sourced,boi_year_page,0.71,0.868,0.789,hungama_footfalls,,26.66,boi_header,1077898579.0,7.32,62.017,40.4,143.7,0.579,50,527,827,485,744,false,Below Average
554,554,Munnabhai M.B.B.S.,2003,19 Dec 2003,false,,A,23.13,boi_year_page,0.788,sourced,boi_year_page,0.709,0.867,0.788,hungama_footfalls,,35.77,boi_header,1116803000.0,7.06,66.935,76.9,143.6,1.19,50,556,460,151,469,false,Hit
555,555,Bhai,1997,31 Oct 1997,false,,A,8.4,boi_year_page,0.785,sourced,boi_year_page,0.706,0.863,0.785,hungama_footfalls,,17.92,boi_header,999133764.0,7.85,50.681,36.9,143.0,0.459,51,495,873,610,876,false,Semi Hit
556,556,Lakshya,2004,18 Jun 2004,false,,A,23.56,boi_year_page,0.785,sourced,boi_year_page,0.706,0.863,0.785,hungama_footfalls,,42.14,boi_header,1135991509.0,6.91,70.817,74.0,143.0,0.913,50,566,487,241,459,false,Flop
557,557,New York,2009,26 Jun 2009,false,,A,45.39,boi_year_page,0.782,sourced,boi_year_page,0.704,0.86,0.782,hungama_footfalls,,78.63,boi_header,1225524764.0,6.38,91.27,110.7,142.5,0.943,50,601,254,234,269,false,Hit
558,558,Main Prem Ki Diwani Hoon,2003,27 Jun 2003,false,,A,17.8,boi_year_page,0.781,sourced,boi_year_page,0.703,0.859,0.781,hungama_footfalls,,35.77,boi_header,1116803000.0,7.0,66.935,59.1,142.4,0.862,50,561,617,266,573,false,Flop
559,559,Bichhoo,2000,7 Jul 2000,false,,A,10.69,boi_year_page,0.781,sourced,boi_year_page,0.702,0.859,0.781,hungama_footfalls,,24.07,boi_header,1057922731.0,7.38,58.975,40.3,142.2,0.612,50,524,829,452,765,false,Average
560,560,Student Of The Year,2012,19 Oct 2012,false,,A,62.94,boi_year_page,0.78,sourced,boi_year_page,0.702,0.858,0.78,hungama_footfalls,,101.74,boi_header,1278674501.0,6.1,118.092,118.6,142.0,0.579,50,622,224,484,199,false,Semi Hit
561,561,Humpty Sharma Ki Dulhania,2014,11 Jul 2014,false,,A,72.81,boi_year_page,0.779,sourced,boi_year_page,0.701,0.857,0.779,hungama_footfalls,,117.89,boi_header,1312277184.0,5.94,133.849,121.0,142.0,0.576,50,634,216,488,168,false,Hit
562,562,Kites,2010,20 May 2010,false,,A,47.85,boi_year_page,0.776,sourced,boi_year_page,0.699,0.854,0.776,hungama_footfalls,,88.6,boi_header,1243481565.0,6.24,100.0,106.4,141.4,0.662,50,611,278,410,256,false,Flop
563,563,Special 26,2013,8 Feb 2013,false,,A,65.47,boi_year_page,0.775,sourced,boi_year_page,0.698,0.853,0.775,hungama_footfalls,,109.75,boi_header,1295829507.0,5.98,125.531,116.0,141.3,0.589,50,630,233,471,193,false,Semi Hit
564,564,Bala,2019,8 Nov 2019,false,,A,110.98,boi_year_page,0.772,sourced,boi_year_page,0.695,0.849,0.772,hungama_footfalls,,133.83,derived_boi_matched_n48,1389030307.0,5.56,164.163,150.4,140.6,0.564,50,672,157,499,95,false,Super Hit
565,565,Golmaal - Fun Unlimited,2006,14 Jul 2006,false,,A,29.33,boi_year_page,0.77,sourced,boi_year_page,0.693,0.846,0.77,hungama_footfalls,,53.91,boi_header,1172878888.0,6.56,78.334,83.3,140.2,0.574,50,583,411,491,394,false,Hit
566,566,Kya Kehna,2000,19 May 2000,false,,A,12.17,boi_year_page,0.767,sourced,boi_year_page,0.69,0.844,0.767,hungama_footfalls,,24.07,boi_header,1057922731.0,7.25,58.975,45.9,139.8,0.697,50,533,765,392,711,false,Super Hit
567,567,Adipurush,2023,16 Jun 2023,false,,B,127.41,boi_year_page,0.767,derived_nett_over_atp,,0.652,0.882,,,,166.1,ormax_nett,1438069597.0,5.33,207.414,136.7,139.8,0.53,29,691,180,535,79,false,
568,568,Satyameva Jayate,2018,15 Aug 2018,false,,A,79.61,boi_year_page,0.766,sourced,boi_year_page,0.689,0.842,0.766,hungama_footfalls,,118.2,derived_boi_matched_n47,1374659067.0,5.57,158.226,111.9,139.5,0.487,50,667,248,576,148,false,Hit
569,569,Action Jackson,2014,5 Dec 2014,false,,A,57.44,boi_year_page,0.764,sourced,boi_year_page,0.688,0.84,0.764,hungama_footfalls,,117.89,boi_header,1312277184.0,5.82,133.849,95.5,139.2,0.455,50,643,331,614,223,false,Flop
570,570,Company,2002,12 Apr 2002,false,,A,13.83,boi_year_page,0.763,sourced,boi_year_page,0.687,0.839,0.763,hungama_footfalls,,29.98,boi_header,1097600380.0,6.95,63.552,48.4,139.0,0.833,50,564,727,284,667,false,Average
571,571,Saajan Ka Ghar,1994,29 Apr 1994,false,,A,3.76,boi_year_page,0.763,sourced,boi_year_page,0.686,0.839,0.763,hungama_footfalls,,11.05,boi_header,941163772.0,8.1,42.277,19.8,138.9,0.5,49,483,1174,559,1250,false,Semi Hit
572,572,Malamaal Weekly,2006,10 Mar 2006,false,,A,26.89,boi_year_page,0.761,sourced,boi_year_page,0.685,0.837,0.761,hungama_footfalls,,53.91,boi_header,1172878888.0,6.49,78.334,76.4,138.6,0.526,50,592,465,539,417,false,Super Hit
573,573,Piku - Motion Se Hi Emotion,2015,8 May 2015,false,,A,78.39,boi_year_page,0.758,sourced,boi_year_page,0.682,0.834,,,,125.97,boi_header,1328024494.0,5.71,140.363,124.2,138.1,0.605,50,657,205,459,151,false,Hit
574,574,Piku,2015,08-May-2015,false,,A,,,0.758,sourced,hungama_footfalls,0.682,0.834,,,,125.97,boi_header,1328024494.0,5.71,140.363,,138.1,,50,658,,,,false,
575,575,Dishoom,2016,29 Jul 2016,false,,A,68.11,boi_year_page,0.758,sourced,boi_year_page,0.682,0.834,0.758,hungama_footfalls,,131.57,boi_header,1343944296.0,5.64,147.346,102.8,138.1,0.6,48,662,290,463,182,false,Average
576,576,Sarkar Raj,2008,6 Jun 2008,false,,A,34.31,boi_year_page,0.756,sourced,boi_year_page,0.68,0.831,0.756,hungama_footfalls,,69.76,boi_header,1207930960.0,6.26,89.379,85.4,137.7,0.612,50,609,392,453,339,false,Below Average
577,577,Daud,1997,22 Aug 1997,false,,A,8.2,boi_year_page,0.755,sourced,boi_year_page,0.679,0.83,0.755,hungama_footfalls,,17.92,boi_header,999133764.0,7.55,50.681,36.0,137.5,0.448,51,516,886,623,882,false,Flop
578,578,Shootout At Lokhandwala,2007,25 May 2007,false,,A,29.73,boi_year_page,0.754,sourced,boi_year_page,0.679,0.83,0.754,hungama_footfalls,,60.73,boi_header,1190676028.0,6.34,82.242,80.4,137.4,0.545,50,603,432,515,389,false,Semi Hit
579,579,Sarkar,2005,1 Jul 2005,false,,A,24.84,boi_year_page,0.754,sourced,boi_year_page,0.678,0.829,0.754,hungama_footfalls,,49.16,boi_header,1154676321.0,6.53,73.99,74.7,137.3,0.948,50,585,482,228,446,false,Semi Hit
580,580,Kunwara,2000,21 Jul 2000,false,,A,10.77,boi_year_page,0.753,sourced,boi_year_page,0.678,0.829,0.753,hungama_footfalls,,24.07,boi_header,1057922731.0,7.12,58.975,40.6,137.3,0.617,50,545,823,448,758,false,Below Average
581,581,Dus,2005,8 Jul 2005,false,,A,23.29,boi_year_page,0.751,sourced,boi_year_page,0.676,0.826,0.751,hungama_footfalls,,49.16,boi_header,1154676321.0,6.5,73.99,70.0,136.8,0.889,50,589,512,251,463,false,Average
582,582,Phir Bhi Dil Hai Hindustani,2000,21 Jan 2000,false,,A,10.75,boi_year_page,0.749,sourced,boi_year_page,0.674,0.824,0.749,hungama_footfalls,,24.07,boi_header,1057922731.0,7.08,58.975,40.5,136.5,0.616,50,550,825,449,761,false,Flop
583,583,Mere Brother Ki Dulhan,2011,9 Sep 2011,false,,A,57.41,boi_year_page,0.749,sourced,boi_year_page,0.674,0.824,0.749,hungama_footfalls,,95.48,boi_header,1261224956.0,5.94,109.803,116.3,136.5,0.584,50,635,232,480,225,false,Hit
584,584,Dillagi,1999,19 Nov 1999,false,,A,10.51,boi_year_page,0.748,sourced,boi_year_page,0.673,0.823,0.748,hungama_footfalls,,21.51,boi_header,1038225822.0,7.21,55.515,42.1,136.3,0.522,51,538,804,545,775,false,Flop
585,585,Raanjhanaa,2013,21 Jun 2013,false,,A,61.63,boi_year_page,0.747,sourced,boi_year_page,0.673,0.822,0.747,hungama_footfalls,,109.75,boi_header,1295829507.0,5.77,125.531,109.2,136.2,0.555,50,651,260,503,205,false,Hit
586,586,Fukrey Returns,2017,8 Dec 2017,false,,A,77.91,boi_year_page,0.746,sourced,boi_year_page,0.671,0.82,0.746,hungama_footfalls,,134.38,boi_header,1359657398.0,5.49,152.254,113.8,135.9,0.597,50,679,242,465,155,false,Super Hit
587,587,1942 - A Love Story,1994,15 Jul 1994,false,,A,6.99,boi_year_page,0.745,sourced,boi_year_page,0.67,0.819,0.745,hungama_footfalls,,11.05,boi_header,941163772.0,7.91,42.277,36.8,135.7,0.887,49,492,877,254,947,false,Flop
588,588,Haqeeqat,1995,29 Dec 1995,false,,A,6.25,boi_year_page,0.744,sourced,boi_year_page,0.67,0.818,0.744,hungama_footfalls,,14.37,boi_header,960301046.0,7.75,46.391,30.0,135.5,0.394,50,502,962,697,1003,false,Below Average
589,589,Chaahat,1996,21 Jun 1996,false,,A,6.87,boi_year_page,0.742,sourced,boi_year_page,0.668,0.817,0.742,hungama_footfalls,,15.7,boi_header,979678460.0,7.58,48.462,31.5,135.2,0.482,50,515,930,582,955,false,Below Average
590,590,International Khiladi,1999,26 Mar 1999,false,,A,8.88,boi_year_page,0.742,sourced,boi_year_page,0.668,0.816,0.742,hungama_footfalls,,21.51,boi_header,1038225822.0,7.15,55.515,35.6,135.2,0.441,51,541,891,635,850,false,Below Average
591,591,OMG 2,2023,11-Aug-2023,false,,A,,,0.738,sourced,hungama_footfalls,0.664,0.812,,,,166.1,ormax_nett,1438069597.0,5.13,207.414,,134.5,,29,714,,,,false,
592,592,Masti,2004,9 Apr 2004,false,,A,20.28,boi_year_page,0.737,sourced,boi_year_page,0.663,0.811,0.737,hungama_footfalls,,42.14,boi_header,1135991509.0,6.49,70.817,63.7,134.3,0.786,50,591,572,322,525,false,Hit
593,593,Anth,1994,10 Jun 1994,false,,A,3.93,boi_year_page,0.735,sourced,boi_year_page,0.662,0.809,0.735,hungama_footfalls,,11.05,boi_header,941163772.0,7.81,42.277,20.7,134.0,0.522,49,498,1152,544,1234,false,Semi Hit
594,594,Veer,2010,22 Jan 2010,false,,A,38.14,boi_year_page,0.735,sourced,boi_year_page,0.661,0.808,0.735,hungama_footfalls,,88.6,boi_header,1243481565.0,5.91,100.0,84.9,133.9,0.574,50,639,396,490,319,false,Below Average
595,595,Kohram,1999,13 Aug 1999,false,,A,8.97,boi_year_page,0.734,sourced,boi_year_page,0.66,0.807,0.734,hungama_footfalls,,21.51,boi_header,1038225822.0,7.07,55.515,35.9,133.7,0.445,51,554,888,625,845,false,Flop
596,596,L.O.C Kargil,2003,26 Dec 2003,false,,A,17.64,boi_year_page,0.731,sourced,boi_year_page,0.658,0.804,0.731,hungama_footfalls,,35.77,boi_header,1116803000.0,6.54,66.935,58.6,133.1,0.854,50,584,619,271,578,false,Flop
597,597,Naajayaz,1995,17 Mar 1995,false,,A,5.9,boi_year_page,0.73,sourced,boi_year_page,0.657,0.803,0.73,hungama_footfalls,,14.37,boi_header,960301046.0,7.6,46.391,28.3,132.9,0.372,50,513,992,732,1038,false,Average
598,598,Tejasvini,1994,1 Apr 1994,false,,A,3.76,boi_year_page,0.728,sourced,boi_year_page,0.655,0.801,0.728,hungama_footfalls,,11.05,boi_header,941163772.0,7.74,42.277,19.8,132.7,0.499,49,503,1176,562,1252,false,Average
599,599,All The Best - Fun Begins,2009,16 Oct 2009,false,,A,41.41,boi_year_page,0.726,sourced,boi_year_page,0.654,0.799,,,,78.63,boi_header,1225524764.0,5.93,91.27,100.9,132.4,0.86,50,637,302,267,295,false,Average
600,600,All The Best,2009,16-Oct-2009,false,,A,,,0.726,sourced,hungama_footfalls,0.653,0.799,,,,78.63,boi_header,1225524764.0,5.92,91.27,,132.3,,50,638,,,,false,
601,601,Baaghi 3,2020,6 Mar 2020,false,,A,92.31,boi_year_page,0.725,sourced,boi_year_page,0.652,0.797,0.725,hungama_footfalls,,133.16,derived_boi_matched_n41,1402617694.0,5.17,175.025,117.3,132.1,1.593,44,710,227,68,120,false,
602,602,Cheetah,1994,24 Jun 1994,false,,A,3.61,boi_year_page,0.723,sourced,boi_year_page,0.651,0.795,0.723,hungama_footfalls,,11.05,boi_header,941163772.0,7.68,42.277,19.0,131.7,0.48,49,505,1190,588,1265,false,Semi Hit
603,603,Drishyam,2015,31 Jul 2015,false,,A,68.67,boi_year_page,0.721,sourced,boi_year_page,0.648,0.793,0.721,hungama_footfalls,,125.97,boi_header,1328024494.0,5.43,140.363,108.8,131.3,0.53,50,683,264,534,179,false,Average
604,604,Army,1996,28 Jun 1996,false,,A,6.59,boi_year_page,0.719,sourced,boi_year_page,0.647,0.791,0.719,hungama_footfalls,,15.7,boi_header,979678460.0,7.34,48.462,30.2,131.0,0.462,50,526,957,608,979,false,Average
605,605,Gharwali Baharwali,1998,12 Jun 1998,false,,A,8.03,boi_year_page,0.718,sourced,boi_year_page,0.646,0.789,0.718,hungama_footfalls,,19.66,boi_header,1018665080.0,7.04,53.627,33.3,130.7,0.495,50,558,911,566,890,false,Average
606,606,Jaanam Samjha Karo,1999,2 Apr 1999,false,,A,9.19,boi_year_page,0.714,sourced,boi_year_page,0.643,0.786,0.714,hungama_footfalls,,21.51,boi_header,1038225822.0,6.88,55.515,36.8,130.1,0.457,51,569,875,612,831,false,Flop
607,607,Shootout At Wadala,2013,3 May 2013,false,,A,53.6,boi_year_page,0.713,sourced,boi_year_page,0.641,0.784,0.713,hungama_footfalls,,109.75,boi_header,1295829507.0,5.5,125.531,95.0,129.9,0.482,50,677,333,581,234,false,Average
608,608,Satyagraha,2013,30 Aug 2013,false,,A,55.09,boi_year_page,0.712,sourced,boi_year_page,0.641,0.783,0.712,hungama_footfalls,,109.75,boi_header,1295829507.0,5.49,125.531,97.6,129.7,0.496,50,678,319,564,230,false,Flop
609,609,De De Pyaar De,2019,17 May 2019,false,,A,94.5,boi_year_page,0.712,sourced,boi_year_page,0.64,0.783,,,,133.83,derived_boi_matched_n48,1389030307.0,5.12,164.163,128.1,129.6,0.48,50,715,195,587,117,false,Semi Hit
610,610,Rakshak,1996,29 Nov 1996,false,,A,6.62,boi_year_page,0.71,sourced,boi_year_page,0.639,0.781,0.71,hungama_footfalls,,15.7,boi_header,979678460.0,7.25,48.462,30.4,129.4,0.465,50,535,953,604,976,false,Flop
611,611,Hulchul,1995,4 Aug 1995,false,,A,5.75,boi_year_page,0.71,sourced,boi_year_page,0.639,0.781,0.71,hungama_footfalls,,14.37,boi_header,960301046.0,7.4,46.391,27.6,129.4,0.362,50,522,1001,739,1049,false,Flop
612,612,Raju Chacha,2000,29 Dec 2000,false,,A,10.69,boi_year_page,0.71,sourced,boi_year_page,0.639,0.781,0.71,hungama_footfalls,,24.07,boi_header,1057922731.0,6.71,58.975,40.3,129.4,0.612,50,576,830,454,766,false,Disaster
613,613,Rocky Aur Rani Ki Prem Kahaani,2023,28 Jul 2023,false,,A,147.53,boi_year_page,0.707,sourced,hungama_footfalls,0.636,0.778,,,,166.1,ormax_nett,1438069597.0,4.92,207.414,158.2,128.8,0.567,29,738,141,498,60,false,
614,614,Tere Naam,2003,15 Aug 2003,false,,A,14.53,boi_year_page,0.707,sourced,boi_year_page,0.636,0.777,0.707,hungama_footfalls,,35.77,boi_header,1116803000.0,6.33,66.935,48.3,128.7,0.725,50,604,729,366,647,false,Semi Hit
615,615,Sapoot,1996,8 Nov 1996,false,,A,6.61,boi_year_page,0.704,sourced,boi_year_page,0.634,0.775,0.704,hungama_footfalls,,15.7,boi_header,979678460.0,7.19,48.462,30.3,128.3,0.464,50,539,954,606,978,false,Flop
616,616,Tu Chor Main Sipahi,1996,10 May 1996,false,,A,6.2,boi_year_page,0.704,sourced,boi_year_page,0.634,0.774,0.704,hungama_footfalls,,15.7,boi_header,979678460.0,7.19,48.462,28.4,128.3,0.435,50,540,987,640,1012,false,Below Average
617,617,Thank You,2011,8 Apr 2011,false,,A,45.03,boi_year_page,0.701,sourced,boi_year_page,0.631,0.771,0.701,hungama_footfalls,,95.48,boi_header,1261224956.0,5.56,109.803,91.2,127.8,0.478,50,671,350,592,272,false,Flop
618,618,Besharam,2013,2 Oct 2013,false,,A,56.83,boi_year_page,0.698,sourced,boi_year_page,0.628,0.768,0.698,hungama_footfalls,,109.75,boi_header,1295829507.0,5.39,125.531,100.7,127.2,0.512,50,686,305,551,226,false,Flop
619,619,Dil Dhadakne Do,2015,5 Jun 2015,false,,A,75.05,boi_year_page,0.696,sourced,boi_year_page,0.626,0.766,0.696,hungama_footfalls,,125.97,boi_header,1328024494.0,5.24,140.363,119.0,126.8,0.579,50,701,222,483,161,false,Below Average
620,620,Aashiq,2001,26 Jan 2001,false,,A,10.34,boi_year_page,0.695,sourced,boi_year_page,0.626,0.765,0.695,hungama_footfalls,,26.66,boi_header,1077898579.0,6.45,62.017,37.1,126.7,0.531,50,593,871,531,784,false,Below Average
621,621,Jung,1996,19 Apr 1996,false,,A,6.03,boi_year_page,0.694,sourced,boi_year_page,0.624,0.763,,,,15.7,boi_header,979678460.0,7.08,48.462,27.7,126.4,0.423,50,552,1000,654,1025,false,Below Average
622,622,Blue,2009,16 Oct 2009,false,,A,38.55,boi_year_page,0.694,sourced,boi_year_page,0.624,0.763,0.694,hungama_footfalls,,78.63,boi_header,1225524764.0,5.66,91.27,94.0,126.4,0.801,50,660,337,307,313,false,Flop
623,623,Kahaani,2012,9 Mar 2012,false,,A,57.81,boi_year_page,0.692,sourced,boi_year_page,0.623,0.762,0.692,hungama_footfalls,,101.74,boi_header,1278674501.0,5.41,118.092,108.9,126.2,0.532,50,684,263,530,222,false,Hit
624,624,Boss,2013,16 Oct 2013,false,,A,49.89,boi_year_page,0.692,sourced,boi_year_page,0.623,0.762,0.692,hungama_footfalls,,109.75,boi_header,1295829507.0,5.34,125.531,88.4,126.1,0.449,50,689,371,620,249,false,Flop
625,625,Tere Mere Sapne,1996,6 Dec 1996,false,,A,7.71,boi_year_page,0.691,sourced,boi_year_page,0.622,0.76,0.691,hungama_footfalls,,15.7,boi_header,979678460.0,7.06,48.462,35.4,125.9,0.541,50,557,894,518,907,false,Hit
626,626,Pad Man,2018,9 Feb 2018,false,,A,78.22,boi_year_page,0.691,sourced,boi_year_page,0.621,0.76,0.691,hungama_footfalls,,118.2,derived_boi_matched_n47,1374659067.0,5.02,158.226,110.0,125.8,0.479,50,723,256,590,152,false,Below Average
627,627,Heropanti,2014,23 May 2014,false,,A,50.52,boi_year_page,0.69,sourced,boi_year_page,0.621,0.759,0.69,hungama_footfalls,,117.89,boi_header,1312277184.0,5.26,133.849,84.0,125.7,0.4,50,697,404,686,247,false,Hit
628,628,Zero,2018,21 Dec 2018,false,,A,88.75,boi_year_page,0.687,sourced,boi_year_page,0.619,0.756,0.687,hungama_footfalls,,118.2,derived_boi_matched_n47,1374659067.0,5.0,158.226,124.8,125.2,0.543,50,725,204,517,127,false,Disaster
629,629,Gopi Kishen,1994,2 Dec 1994,false,,A,4.81,boi_year_page,0.687,sourced,boi_year_page,0.618,0.756,0.687,hungama_footfalls,,11.05,boi_header,941163772.0,7.3,42.277,25.3,125.2,0.64,49,529,1046,426,1140,false,Semi Hit
630,630,Baadshaho,2017,1 Sep 2017,false,,A,65.78,boi_year_page,0.686,sourced,boi_year_page,0.617,0.755,0.686,hungama_footfalls,,134.38,boi_header,1359657398.0,5.05,152.254,96.1,125.0,0.504,50,721,329,556,190,false,Flop
631,631,Kaminey,2009,14 Aug 2009,false,,A,41.52,boi_year_page,0.686,sourced,boi_year_page,0.617,0.754,0.686,hungama_footfalls,,78.63,boi_header,1225524764.0,5.6,91.27,101.2,125.0,0.862,50,664,301,265,294,false,Average
632,632,Akele Hum Akele Tum,1995,1 Dec 1995,false,,A,7.07,boi_year_page,0.685,sourced,boi_year_page,0.617,0.754,0.685,hungama_footfalls,,14.37,boi_header,960301046.0,7.14,46.391,33.9,124.9,0.445,50,544,905,626,943,false,Flop
633,633,Asoka,2001,26 Oct 2001,false,,A,11.54,boi_year_page,0.683,sourced,boi_year_page,0.615,0.752,0.683,hungama_footfalls,,26.66,boi_header,1077898579.0,6.34,62.017,41.4,124.5,0.593,50,602,815,469,733,false,Flop
634,634,Manikarnika - The Queen Of Jhansi,2019,25 Jan 2019,false,,A,90.81,boi_year_page,0.683,sourced,boi_year_page,0.614,0.751,0.683,hungama_footfalls,,133.83,derived_boi_matched_n48,1389030307.0,4.91,164.163,123.1,124.4,0.461,50,739,206,609,124,false,Average
635,635,Angrakshak,1995,17 Nov 1995,false,,A,5.65,boi_year_page,0.683,sourced,boi_year_page,0.614,0.751,0.683,hungama_footfalls,,14.37,boi_header,960301046.0,7.11,46.391,27.1,124.4,0.356,50,546,1013,741,1057,false,Flop
636,636,Dulaara,1994,28 Jan 1994,false,,A,3.51,boi_year_page,0.682,sourced,boi_year_page,0.614,0.751,0.682,hungama_footfalls,,11.05,boi_header,941163772.0,7.25,42.277,18.5,124.3,0.467,49,534,1205,599,1270,false,Average
637,637,Ravan Raaj,1995,23 Jun 1995,false,,A,5.22,boi_year_page,0.681,sourced,boi_year_page,0.613,0.749,0.681,hungama_footfalls,,14.37,boi_header,960301046.0,7.09,46.391,25.0,124.1,0.329,50,548,1048,788,1099,false,Hit
638,638,Hum Dono,1995,11 Aug 1995,false,,A,6.06,boi_year_page,0.681,sourced,boi_year_page,0.613,0.749,0.681,hungama_footfalls,,14.37,boi_header,960301046.0,7.09,46.391,29.1,124.0,0.382,50,549,976,718,1021,false,Average
639,639,Hulchul,2004,26 Nov 2004,false,,A,20.29,boi_year_page,0.679,sourced,boi_year_page,0.611,0.747,,,,42.14,boi_header,1135991509.0,5.98,70.817,63.7,123.7,0.787,50,632,570,321,524,false,Hit
640,640,Hum Kisise Kum Nahin,2002,31 May 2002,false,,A,12.05,boi_year_page,0.679,sourced,boi_year_page,0.611,0.747,0.679,hungama_footfalls,,29.98,boi_header,1097600380.0,6.19,63.552,42.2,123.7,0.739,50,618,801,357,715,false,Flop
641,641,Tamasha,2015,27 Nov 2015,false,,A,68.56,boi_year_page,0.674,sourced,boi_year_page,0.607,0.742,0.674,hungama_footfalls,,125.97,boi_header,1328024494.0,5.08,140.363,108.7,122.9,0.529,50,719,266,536,181,false,Flop
642,642,Jai Vikraanta,1995,24 Mar 1995,false,,A,4.81,boi_year_page,0.672,sourced,boi_year_page,0.605,0.74,0.672,hungama_footfalls,,14.37,boi_header,960301046.0,7.0,46.391,23.1,122.5,0.303,50,560,1093,834,1142,false,Below Average
643,643,Dil Kya Kare,1999,24 Sep 1999,false,,A,8.95,boi_year_page,0.669,sourced,boi_year_page,0.602,0.736,0.669,hungama_footfalls,,21.51,boi_header,1038225822.0,6.45,55.515,35.8,121.9,0.444,51,594,889,631,846,false,Flop
644,644,Jannat,2008,16 May 2008,false,,A,30.1,boi_year_page,0.668,sourced,boi_year_page,0.602,0.735,0.668,hungama_footfalls,,69.76,boi_header,1207930960.0,5.53,89.379,74.9,121.8,0.539,50,675,477,523,386,false,Super Hit
645,645,Jaan-E-Mann,2006,20 Oct 2006,false,,A,25.13,boi_year_page,0.668,sourced,boi_year_page,0.601,0.735,0.668,hungama_footfalls,,53.91,boi_header,1172878888.0,5.7,78.334,71.4,121.7,0.492,50,659,508,568,442,false,Flop
646,646,Saathiya,2002,20 Dec 2002,false,,A,15.26,boi_year_page,0.667,sourced,boi_year_page,0.6,0.734,0.667,hungama_footfalls,,29.98,boi_header,1097600380.0,6.08,63.552,53.4,121.6,0.92,50,625,669,238,631,false,Hit
647,647,Murder 2,2011,8 Jul 2011,false,,A,47.98,boi_year_page,0.664,sourced,boi_year_page,0.597,0.73,0.664,hungama_footfalls,,95.48,boi_header,1261224956.0,5.26,109.803,97.2,120.9,0.51,50,696,322,553,255,false,Super Hit
648,648,Bachna Ae Haseeno,2008,15 Aug 2008,false,,A,36.19,boi_year_page,0.662,sourced,boi_year_page,0.596,0.729,0.662,hungama_footfalls,,69.76,boi_header,1207930960.0,5.48,89.379,90.1,120.7,0.646,50,680,358,421,327,false,Semi Hit
649,649,Neerja,2016,19 Feb 2016,false,,A,71.77,boi_year_page,0.662,sourced,boi_year_page,0.596,0.729,0.662,hungama_footfalls,,131.57,boi_header,1343944296.0,4.93,147.346,108.4,120.7,0.632,48,735,270,435,173,false,Hit
650,650,Khatta Meetha,2010,23 Jul 2010,false,,A,39.13,boi_year_page,0.662,sourced,boi_year_page,0.596,0.728,0.662,hungama_footfalls,,88.6,boi_header,1243481565.0,5.32,100.0,87.1,120.6,0.589,50,692,385,472,308,false,Below Average
651,651,Luka Chuppi,2019,1 Mar 2019,false,,A,88.52,boi_year_page,0.662,sourced,boi_year_page,0.596,0.728,0.662,hungama_footfalls,,133.83,derived_boi_matched_n48,1389030307.0,4.76,164.163,120.0,120.6,0.45,50,752,219,619,129,false,Hit
652,652,Double Dhamaal,2011,24 Jun 2011,false,,A,45.06,boi_year_page,0.661,sourced,boi_year_page,0.595,0.728,0.661,hungama_footfalls,,95.48,boi_header,1261224956.0,5.24,109.803,91.3,120.5,0.478,50,700,349,591,271,false,Average
653,653,Jaani Dushman,2002,16-Aug-2002,false,,A,,,0.659,sourced,hungama_footfalls,0.593,0.725,,,,29.98,boi_header,1097600380.0,6.0,63.552,,120.1,,50,628,,,,false,
654,654,Mary Kom,2014,5 Sep 2014,false,,A,61.43,boi_year_page,0.659,sourced,boi_year_page,0.593,0.725,0.659,hungama_footfalls,,117.89,boi_header,1312277184.0,5.02,133.849,102.1,120.0,0.486,50,724,296,578,207,false,Hit
655,655,Jaani Dushman - Ek Anokhi Kahani,2002,15 Aug 2002,false,,A,10.73,boi_year_page,0.659,sourced,boi_year_page,0.593,0.724,,,,29.98,boi_header,1097600380.0,6.0,63.552,37.5,120.0,0.658,50,629,862,413,762,false,Flop
656,656,Bewafa Sanam,1995,12 May 1995,false,,A,4.96,boi_year_page,0.657,sourced,boi_year_page,0.592,0.723,0.657,hungama_footfalls,,14.37,boi_header,960301046.0,6.85,46.391,23.8,119.8,0.313,50,572,1075,819,1126,false,Super Hit
657,657,Albela,2001,20 Apr 2001,false,,A,10.53,boi_year_page,0.657,sourced,boi_year_page,0.591,0.723,0.657,hungama_footfalls,,26.66,boi_header,1077898579.0,6.1,62.017,37.8,119.7,0.541,50,623,856,519,773,false,Flop
658,658,Delhi Belly,2011,1 Jul 2011,false,,A,54.84,boi_year_page,0.657,sourced,boi_year_page,0.591,0.722,0.657,hungama_footfalls,,95.48,boi_header,1261224956.0,5.21,109.803,111.1,119.7,0.582,50,708,252,482,232,false,Hit
659,659,Tera Jadoo Chal Gayaa,2000,18 Aug 2000,false,,A,9.41,boi_year_page,0.656,sourced,boi_year_page,0.59,0.722,0.656,hungama_footfalls,,24.07,boi_header,1057922731.0,6.2,58.975,35.5,119.5,0.539,50,617,893,522,820,false,Flop
660,660,Kapoor & Sons,2016,18 Mar 2016,false,,A,69.38,boi_year_page,0.653,sourced,boi_year_page,0.588,0.719,0.653,hungama_footfalls,,131.57,boi_header,1343944296.0,4.86,147.346,104.8,119.0,0.611,48,743,281,456,178,false,Hit
661,661,I Hate Luv Storys,2010,2 Jul 2010,false,,A,43.47,boi_year_page,0.653,sourced,boi_year_page,0.588,0.719,0.653,hungama_footfalls,,88.6,boi_header,1243481565.0,5.25,100.0,96.7,119.0,0.602,50,699,326,461,281,false,Hit
662,662,Ragini MMS 2,2014,21 Mar 2014,false,,A,46.57,boi_year_page,0.65,sourced,boi_year_page,0.585,0.715,0.65,hungama_footfalls,,117.89,boi_header,1312277184.0,4.95,133.849,77.4,118.4,0.369,50,732,454,735,261,false,Hit
663,663,Desi Boyz,2011,25 Nov 2011,false,,A,45.92,boi_year_page,0.647,sourced,boi_year_page,0.583,0.712,0.647,hungama_footfalls,,95.48,boi_header,1261224956.0,5.13,109.803,93.0,117.9,0.488,50,713,340,575,266,false,Flop
664,664,Main Tera Hero,2014,4 Apr 2014,false,,A,53.18,boi_year_page,0.646,sourced,boi_year_page,0.581,0.71,0.646,hungama_footfalls,,117.89,boi_header,1312277184.0,4.92,133.849,88.4,117.6,0.421,50,737,372,657,236,false,Semi Hit
665,665,Waqt - Race Against Time,2005,22-Apr-2005,false,,A,,,0.643,sourced,hungama_footfalls,0.579,0.707,,,,49.16,boi_header,1154676321.0,5.57,73.99,,117.2,,50,668,,,,false,
666,666,Nayak,2001,7 Sep 2001,false,,A,10.75,boi_year_page,0.643,sourced,boi_year_page,0.578,0.707,0.643,hungama_footfalls,,26.66,boi_header,1077898579.0,5.96,62.017,38.6,117.1,0.552,50,633,849,506,760,false,Flop
667,667,Waqt - The Race Against Time,2005,22 Apr 2005,false,,A,20.25,boi_year_page,0.643,sourced,boi_year_page,0.578,0.707,,,,49.16,boi_header,1154676321.0,5.56,73.99,60.9,117.1,0.773,50,669,601,332,526,false,Average
668,668,Haathkadi,1995,31 Mar 1995,false,,A,4.87,boi_year_page,0.642,sourced,boi_year_page,0.578,0.707,0.642,hungama_footfalls,,14.37,boi_header,960301046.0,6.69,46.391,23.4,117.0,0.307,50,579,1083,827,1133,false,Below Average
669,669,...Aur Pyaar Ho Gaya,1997,15 Aug 1997,false,,A,7.26,boi_year_page,0.64,sourced,boi_year_page,0.576,0.704,0.64,hungama_footfalls,,17.92,boi_header,999133764.0,6.41,50.681,31.8,116.7,0.396,51,599,923,693,927,false,Flop
670,670,Daraar,1996,5 Jul 1996,false,,A,6.28,boi_year_page,0.638,sourced,boi_year_page,0.574,0.702,0.638,hungama_footfalls,,15.7,boi_header,979678460.0,6.51,48.462,28.8,116.2,0.441,50,588,980,636,1002,false,Flop
671,671,Tumko Na Bhool Paayenge,2002,22 Feb 2002,false,,A,10.53,boi_year_page,0.635,sourced,boi_year_page,0.572,0.699,0.635,hungama_footfalls,,29.98,boi_header,1097600380.0,5.79,63.552,36.8,115.8,0.646,50,646,874,422,774,false,Flop
672,672,Salaam Namaste,2005,9 Sep 2005,false,,A,26.2,boi_year_page,0.633,sourced,boi_year_page,0.57,0.696,0.633,hungama_footfalls,,49.16,boi_header,1154676321.0,5.48,73.99,78.8,115.3,1.02,50,681,442,202,425,false,Hit
673,673,Dhadak,2018,20 Jul 2018,false,,A,72.39,boi_year_page,0.633,sourced,boi_year_page,0.569,0.696,0.633,hungama_footfalls,,118.2,derived_boi_matched_n47,1374659067.0,4.6,158.226,101.8,115.3,0.443,50,761,298,632,170,false,Hit
674,674,Mujhse Dosti Karoge!,2002,9 Aug 2002,false,,A,12.95,boi_year_page,0.628,sourced,boi_year_page,0.565,0.691,0.628,hungama_footfalls,,29.98,boi_header,1097600380.0,5.72,63.552,45.3,114.4,0.794,50,655,772,312,686,false,Flop
675,675,Khamoshi The Musical,1996,09-Aug-1996,false,,A,,,0.628,sourced,hungama_footfalls,0.565,0.691,,,,15.7,boi_header,979678460.0,6.41,48.462,,114.4,,50,598,,,,false,
676,676,Khamoshi,1996,9 Aug 1996,false,,A,6.9,boi_year_page,0.628,sourced,boi_year_page,0.565,0.69,,,,15.7,boi_header,979678460.0,6.41,48.462,31.7,114.4,0.484,50,600,928,579,954,false,Flop
677,677,Badla,2019,8 Mar 2019,false,,A,87.57,boi_year_page,0.626,sourced,boi_year_page,0.564,0.689,0.626,hungama_footfalls,,133.83,derived_boi_matched_n48,1389030307.0,4.51,164.163,118.7,114.1,0.445,50,773,223,629,130,false,Hit
678,678,Kartoos,1999,7 May 1999,false,,A,7.6,boi_year_page,0.626,sourced,boi_year_page,0.564,0.689,0.626,hungama_footfalls,,21.51,boi_header,1038225822.0,6.03,55.515,30.4,114.1,0.377,51,626,950,724,911,false,Flop
679,679,Ishaqzaade,2012,11 May 2012,false,,A,46.39,boi_year_page,0.626,sourced,boi_year_page,0.563,0.688,0.626,hungama_footfalls,,101.74,boi_header,1278674501.0,4.89,118.092,87.4,114.0,0.427,50,740,381,649,262,false,Hit
680,680,Gundaraj,1995,8 Sep 1995,false,,A,5.08,boi_year_page,0.625,sourced,boi_year_page,0.563,0.688,0.625,hungama_footfalls,,14.37,boi_header,960301046.0,6.51,46.391,24.4,113.9,0.32,50,587,1063,807,1111,false,Flop
681,681,Aa Gale Lag Jaa,1994,13 May 1994,false,,A,3.19,boi_year_page,0.625,sourced,boi_year_page,0.562,0.687,0.625,hungama_footfalls,,11.05,boi_header,941163772.0,6.64,42.277,16.8,113.9,0.424,49,581,1251,652,1312,false,Average
682,682,Veergati,1995,29 Sep 1995,false,,A,4.99,boi_year_page,0.624,sourced,boi_year_page,0.562,0.687,0.624,hungama_footfalls,,14.37,boi_header,960301046.0,6.5,46.391,23.9,113.7,0.315,50,590,1071,814,1124,false,Flop
683,683,Veere Di Wedding,2018,1 Jun 2018,false,,A,80.27,boi_year_page,0.624,sourced,boi_year_page,0.561,0.686,0.624,hungama_footfalls,,118.2,derived_boi_matched_n47,1374659067.0,4.54,158.226,112.9,113.6,0.491,50,771,245,569,144,false,Hit
684,684,36 China Town,2006,5 May 2006,false,,A,23.05,boi_year_page,0.621,sourced,boi_year_page,0.559,0.683,0.621,hungama_footfalls,,53.91,boi_header,1172878888.0,5.29,78.334,65.5,113.1,0.451,50,695,550,617,471,false,Semi Hit
685,685,Batla House,2019,15 Aug 2019,false,,A,85.0,boi_year_page,0.62,sourced,boi_year_page,0.558,0.682,,,,133.83,derived_boi_matched_n48,1389030307.0,4.47,164.163,115.2,113.0,0.432,50,782,236,643,133,false,Hit
686,686,Jab We Met,2007,26 Oct 2007,false,,A,31.06,boi_year_page,0.62,sourced,boi_year_page,0.558,0.682,0.62,hungama_footfalls,,60.73,boi_header,1190676028.0,5.2,82.242,84.0,112.9,0.569,50,709,402,493,372,false,Hit
687,687,Bhoot,2003,30 May 2003,false,,A,14.49,boi_year_page,0.618,sourced,boi_year_page,0.556,0.68,0.618,hungama_footfalls,,35.77,boi_header,1116803000.0,5.54,66.935,48.1,112.6,0.723,50,674,733,367,649,false,Hit
688,688,Jallaad,1995,15 Sep 1995,false,,A,4.69,boi_year_page,0.617,sourced,boi_year_page,0.555,0.679,0.617,hungama_footfalls,,14.37,boi_header,960301046.0,6.43,46.391,22.5,112.5,0.296,50,597,1102,843,1156,false,Semi Hit
689,689,Jannat 2,2012,4 May 2012,false,,A,42.98,boi_year_page,0.616,sourced,boi_year_page,0.555,0.678,0.616,hungama_footfalls,,101.74,boi_header,1278674501.0,4.82,118.092,81.0,112.3,0.395,50,750,425,694,284,false,Semi Hit
690,690,Kabhi Haan Kabhi Naa,1994,25 Feb 1994,false,,A,3.88,boi_year_page,0.614,sourced,boi_year_page,0.553,0.676,0.614,hungama_footfalls,,11.05,boi_header,941163772.0,6.53,42.277,20.4,111.9,0.515,49,586,1154,548,1240,false,Semi Hit
691,691,Himmatwala,2013,29 Mar 2013,false,,A,42.47,boi_year_page,0.613,sourced,boi_year_page,0.552,0.674,0.613,hungama_footfalls,,109.75,boi_header,1295829507.0,4.73,125.531,75.3,111.7,0.382,50,753,471,716,285,false,Flop
692,692,Rajkumar,1996,22 Mar 1996,false,,A,5.68,boi_year_page,0.613,sourced,boi_year_page,0.551,0.674,0.613,hungama_footfalls,,15.7,boi_header,979678460.0,6.25,48.462,26.1,111.6,0.399,50,610,1039,687,1055,false,Flop
693,693,Kisi Ka Bhai Kisi Ki Jaan,2023,21 Apr 2023,false,,B,101.44,boi_year_page,0.611,derived_nett_over_atp,,0.519,0.702,,,,166.1,ormax_nett,1438069597.0,4.25,207.414,108.8,111.3,0.422,29,802,265,656,109,false,
694,694,Aarakshan,2011,12 Aug 2011,false,,A,41.89,boi_year_page,0.609,sourced,boi_year_page,0.548,0.67,0.609,hungama_footfalls,,95.48,boi_header,1261224956.0,4.83,109.803,84.9,110.9,0.445,50,747,395,630,290,false,Flop
695,695,Apne,2007,29 Jun 2007,false,,A,22.07,boi_year_page,0.605,sourced,boi_year_page,0.545,0.666,0.605,hungama_footfalls,,60.73,boi_header,1190676028.0,5.08,82.242,59.7,110.3,0.404,50,718,609,680,492,false,Average
696,696,Imtihan,1994,11 Mar 1994,false,,A,3.09,boi_year_page,0.605,sourced,boi_year_page,0.545,0.666,0.605,hungama_footfalls,,11.05,boi_header,941163772.0,6.43,42.277,16.2,110.3,0.411,49,595,1264,669,1330,false,Flop
697,697,Kaal,2005,29 Apr 2005,false,,A,19.09,boi_year_page,0.603,sourced,boi_year_page,0.543,0.664,0.603,hungama_footfalls,,49.16,boi_header,1154676321.0,5.22,73.99,57.4,109.9,0.736,50,704,629,361,552,false,Average
698,698,Queen,2014,7 Mar 2014,false,,A,61.48,boi_year_page,0.603,sourced,boi_year_page,0.543,0.664,0.603,hungama_footfalls,,117.89,boi_header,1312277184.0,4.6,133.849,102.2,109.9,0.487,50,762,294,577,206,false,Hit
699,699,Agent Vinod,2012,23 Mar 2012,false,,A,43.96,boi_year_page,0.603,sourced,boi_year_page,0.543,0.663,0.603,hungama_footfalls,,101.74,boi_header,1278674501.0,4.72,118.092,82.8,109.9,0.404,50,754,413,679,277,false,Flop
700,700,Black,2005,4 Feb 2005,false,,A,23.19,boi_year_page,0.603,sourced,boi_year_page,0.543,0.663,0.603,hungama_footfalls,,49.16,boi_header,1154676321.0,5.22,73.99,69.7,109.9,0.885,50,705,517,255,467,false,Average
701,701,Yaraana,1995,20 Oct 1995,false,,A,5.21,boi_year_page,0.603,sourced,boi_year_page,0.542,0.663,0.603,hungama_footfalls,,14.37,boi_header,960301046.0,6.28,46.391,25.0,109.8,0.328,50,608,1051,790,1101,false,Flop
702,702,Mohenjo Daro,2016,12 Aug 2016,false,,A,,,0.602,sourced,boi_year_page,0.542,0.662,0.602,hungama_footfalls,,131.57,boi_header,1343944296.0,4.48,147.346,,109.6,,48,780,,,,false,
703,703,Sui Dhaaga - Made In India,2018,28 Sep 2018,false,,A,76.1,boi_year_page,0.601,sourced,boi_year_page,0.541,0.661,0.601,hungama_footfalls,,118.2,derived_boi_matched_n47,1374659067.0,4.37,158.226,107.0,109.6,0.466,50,793,275,602,158,false,Semi Hit
704,704,Khoobsurat,1999,26 Nov 1999,false,,A,8.56,boi_year_page,0.6,sourced,boi_year_page,0.54,0.66,,,,21.51,boi_header,1038225822.0,5.78,55.515,34.3,109.4,0.425,51,648,903,650,865,false,Average
705,705,Humshakals,2014,20 Jun 2014,false,,A,52.74,boi_year_page,0.599,sourced,boi_year_page,0.539,0.659,0.599,hungama_footfalls,,117.89,boi_header,1312277184.0,4.57,133.849,87.7,109.2,0.418,50,764,379,663,238,false,Flop
706,706,Dear Zindagi,2016,25 Nov 2016,false,,A,66.47,boi_year_page,0.599,sourced,boi_year_page,0.539,0.659,0.599,hungama_footfalls,,131.57,boi_header,1343944296.0,4.46,147.346,100.4,109.2,0.585,48,784,307,475,188,false,Semi Hit
707,707,Baazi,1995,14 Apr 1995,false,,A,5.09,boi_year_page,0.599,sourced,boi_year_page,0.539,0.658,0.599,hungama_footfalls,,14.37,boi_header,960301046.0,6.23,46.391,24.4,109.0,0.321,50,613,1059,806,1110,false,Flop
708,708,Lal Baadshah,1999,5 Mar 1999,false,,A,7.09,boi_year_page,0.598,sourced,boi_year_page,0.539,0.658,0.598,hungama_footfalls,,21.51,boi_header,1038225822.0,5.76,55.515,28.4,109.0,0.352,51,652,989,747,942,false,Flop
709,709,Qahar,1997,5 Dec 1997,false,,A,6.1,boi_year_page,0.597,sourced,boi_year_page,0.538,0.657,0.597,hungama_footfalls,,17.92,boi_header,999133764.0,5.98,50.681,26.8,108.8,0.333,51,631,1018,779,1020,false,Average
710,710,Deewangee,2002,25 Oct 2002,false,,A,11.44,boi_year_page,0.596,sourced,boi_year_page,0.537,0.656,0.596,hungama_footfalls,,29.98,boi_header,1097600380.0,5.43,63.552,40.1,108.6,0.702,50,682,835,387,737,false,Below Average
711,711,Chandni Chowk To China,2009,16 Jan 2009,false,,A,29.46,boi_year_page,0.595,sourced,boi_year_page,0.536,0.655,0.595,hungama_footfalls,,78.63,boi_header,1225524764.0,4.86,91.27,71.8,108.4,0.619,50,744,505,445,392,false,Disaster
712,712,Eena Meena Deeka,1994,12 Aug 1994,false,,A,3.93,boi_year_page,0.595,sourced,boi_year_page,0.535,0.654,0.595,hungama_footfalls,,11.05,boi_header,941163772.0,6.32,42.277,20.7,108.3,0.523,49,605,1151,542,1233,false,Flop
713,713,Itihaas,1997,20 Jun 1997,false,,A,6.05,boi_year_page,0.593,sourced,boi_year_page,0.533,0.652,0.593,hungama_footfalls,,17.92,boi_header,999133764.0,5.93,50.681,26.6,108.0,0.33,51,636,1023,784,1024,false,Flop
714,714,Garv,2004,09-Jul-2004,false,,A,,,0.592,sourced,hungama_footfalls,0.533,0.651,,,,42.14,boi_header,1135991509.0,5.21,70.817,,107.9,,50,706,,,,false,
715,715,Befikre,2016,9 Dec 2016,false,,A,60.27,boi_year_page,0.592,sourced,boi_year_page,0.533,0.651,0.592,hungama_footfalls,,131.57,boi_header,1343944296.0,4.4,147.346,91.0,107.8,0.531,48,789,352,532,212,false,Below Average
716,716,Garv - Pride & Honour,2004,9 Jul 2004,false,,A,14.38,boi_year_page,0.592,sourced,boi_year_page,0.533,0.651,,,,42.14,boi_header,1135991509.0,5.21,70.817,45.2,107.8,0.583,50,707,774,481,652,false,Below Average
717,717,Champion,2000,22 Dec 2000,false,,A,8.4,boi_year_page,0.591,sourced,boi_year_page,0.532,0.65,0.591,hungama_footfalls,,24.07,boi_header,1057922731.0,5.59,58.975,31.7,107.7,0.482,50,665,925,583,874,false,Flop
718,718,Vinashak - Destroyer,1998,30-Jan-1998,false,,A,,,0.589,sourced,hungama_footfalls,0.53,0.648,,,,19.66,boi_header,1018665080.0,5.78,53.627,,107.3,,50,647,,,,false,
719,719,Vinashak,1998,30 Jan 1998,false,,A,6.31,boi_year_page,0.589,sourced,boi_year_page,0.53,0.647,,,,19.66,boi_header,1018665080.0,5.78,53.627,26.2,107.2,0.389,50,649,1036,705,999,false,Flop
720,720,Pink,2016,16 Sep 2016,false,,A,65.53,boi_year_page,0.587,sourced,boi_year_page,0.528,0.646,0.587,hungama_footfalls,,131.57,boi_header,1343944296.0,4.37,147.346,98.9,107.0,0.577,48,794,313,487,192,false,Hit
721,721,Pyaar Ka Punchnama 2,2015,16 Oct 2015,false,,A,60.38,boi_year_page,0.586,sourced,boi_year_page,0.528,0.645,0.586,hungama_footfalls,,125.97,boi_header,1328024494.0,4.41,140.363,95.7,106.8,0.466,50,788,330,601,211,false,Super Hit
722,722,Hum Tum,2004,28 May 2004,false,,A,21.64,boi_year_page,0.585,sourced,boi_year_page,0.527,0.644,0.585,hungama_footfalls,,42.14,boi_header,1135991509.0,5.15,70.817,68.0,106.6,0.839,50,711,527,282,500,false,Hit
723,723,Maidan-E-Jung,1995,14 Apr 1995,false,,A,4.22,boi_year_page,0.585,sourced,boi_year_page,0.527,0.644,0.585,hungama_footfalls,,14.37,boi_header,960301046.0,6.09,46.391,20.2,106.6,0.266,50,624,1157,904,1202,false,Flop
724,724,Omkara,2006,28 Jul 2006,false,,A,23.22,boi_year_page,0.583,sourced,boi_year_page,0.524,0.641,0.583,hungama_footfalls,,53.91,boi_header,1172878888.0,4.97,78.334,66.0,106.2,0.454,50,729,542,615,465,false,Flop
725,725,Andaz Apna Apna,1994,4 Nov 1994,false,,A,5.3,boi_year_page,0.581,sourced,boi_year_page,0.523,0.64,0.581,hungama_footfalls,,11.05,boi_header,941163772.0,6.18,42.277,27.9,105.9,0.704,49,619,996,386,1092,false,Flop
726,726,Betaaj Badshah,1994,8 Apr 1994,false,,A,2.97,boi_year_page,0.581,sourced,boi_year_page,0.523,0.639,0.581,hungama_footfalls,,11.05,boi_header,941163772.0,6.17,42.277,15.6,105.8,0.394,49,620,1282,696,1354,false,Flop
727,727,Auzaar,1997,28 Feb 1997,false,,A,5.68,boi_year_page,0.581,sourced,boi_year_page,0.523,0.639,0.581,hungama_footfalls,,17.92,boi_header,999133764.0,5.81,50.681,24.9,105.8,0.31,51,644,1052,822,1054,false,Flop
728,728,83,2021,24 Dec 2021,false,,A,103.69,boi_year_page,0.578,sourced,hungama_footfalls,0.52,0.636,,,,145.27,interpolated,1414203896.0,4.09,184.029,125.4,105.3,4.089,12,823,203,7,104,false,Disaster
729,729,Jhoom Barabar Jhoom,2007,15 Jun 2007,false,,A,27.27,boi_year_page,0.577,sourced,boi_year_page,0.52,0.635,0.577,hungama_footfalls,,60.73,boi_header,1190676028.0,4.85,82.242,73.8,105.2,0.5,50,745,489,561,416,false,Below Average
730,730,Maharaja,1998,4 Sep 1998,false,,A,6.35,boi_year_page,0.576,sourced,boi_year_page,0.518,0.633,0.576,hungama_footfalls,,19.66,boi_header,1018665080.0,5.65,53.627,26.3,104.9,0.392,50,661,1029,702,996,false,Flop
731,731,Pati Patni Aur Woh,2019,13 Dec 2019,false,,A,80.41,boi_year_page,0.574,sourced,boi_year_page,0.516,0.631,0.574,hungama_footfalls,,133.83,derived_boi_matched_n48,1389030307.0,4.13,164.163,109.0,104.5,0.409,50,817,262,673,143,false,Hit
732,732,Kyaa Super Kool Hain Hum,2012,27 Jul 2012,false,,A,42.04,boi_year_page,0.573,sourced,boi_year_page,0.516,0.631,0.573,hungama_footfalls,,101.74,boi_header,1278674501.0,4.48,118.092,79.2,104.4,0.387,50,778,440,708,288,false,Hit
733,733,Himmat,1996,5 Jan 1996,false,,A,4.82,boi_year_page,0.573,sourced,boi_year_page,0.516,0.63,0.573,hungama_footfalls,,15.7,boi_header,979678460.0,5.85,48.462,22.1,104.4,0.338,50,641,1114,767,1139,false,Flop
734,734,Masoom,1996,24 May 1996,false,,A,5.74,boi_year_page,0.573,sourced,boi_year_page,0.515,0.63,0.573,hungama_footfalls,,15.7,boi_header,979678460.0,5.84,48.462,26.3,104.3,0.403,50,642,1030,682,1051,false,Hit
735,735,Ek Aur Ek Gyarah,2003,28 Mar 2003,false,,A,11.71,boi_year_page,0.571,sourced,boi_year_page,0.514,0.628,0.571,hungama_footfalls,,35.77,boi_header,1116803000.0,5.11,66.935,38.9,104.0,0.584,50,716,841,478,725,false,Below Average
736,736,The Gentleman,1994,18 Nov 1994,false,,A,4.6,boi_year_page,0.566,sourced,boi_year_page,0.51,0.623,0.566,hungama_footfalls,,11.05,boi_header,941163772.0,6.02,42.277,24.2,103.2,0.612,49,627,1067,455,1162,false,Flop
737,737,Anjaana Anjaani,2010,1 Oct 2010,false,,A,40.05,boi_year_page,0.566,sourced,boi_year_page,0.509,0.622,0.566,hungama_footfalls,,88.6,boi_header,1243481565.0,4.55,100.0,89.1,103.1,0.554,50,767,366,504,302,false,Average
738,738,Kedarnath,2018,7 Dec 2018,false,,A,70.01,boi_year_page,0.565,sourced,boi_year_page,0.508,0.621,0.565,hungama_footfalls,,118.2,derived_boi_matched_n47,1374659067.0,4.11,158.226,98.4,102.9,0.428,50,821,318,646,177,false,Average
739,739,Udta Punjab,2016,17 Jun 2016,false,,A,58.15,boi_year_page,0.563,sourced,boi_year_page,0.507,0.62,0.563,hungama_footfalls,,131.57,boi_header,1343944296.0,4.19,147.346,87.8,102.7,0.512,48,809,376,549,220,false,Average
740,740,Bewafaa,2005,25 Feb 2005,false,,A,16.97,boi_year_page,0.563,sourced,boi_year_page,0.507,0.62,0.563,hungama_footfalls,,49.16,boi_header,1154676321.0,4.88,73.99,51.0,102.6,0.654,50,741,692,416,595,false,Below Average
741,741,Shastra,1996,4 Oct 1996,false,,A,4.8,boi_year_page,0.563,sourced,boi_year_page,0.507,0.619,0.563,hungama_footfalls,,15.7,boi_header,979678460.0,5.74,48.462,22.0,102.5,0.337,50,653,1116,773,1143,false,Flop
742,742,Dhaai Akshar Prem Ke,2000,29 Sep 2000,false,,A,8.16,boi_year_page,0.562,sourced,boi_year_page,0.505,0.618,0.562,hungama_footfalls,,24.07,boi_header,1057922731.0,5.31,58.975,30.8,102.3,0.468,50,694,940,598,884,false,Flop
743,743,Lahoo Ke Do Rang,1997,21 Mar 1997,false,,A,5.16,boi_year_page,0.561,sourced,boi_year_page,0.504,0.617,0.561,hungama_footfalls,,17.92,boi_header,999133764.0,5.61,50.681,22.6,102.1,0.282,51,663,1100,872,1105,false,Flop
744,744,Sooryavansham,1999,21 May 1999,false,,A,6.67,boi_year_page,0.559,sourced,boi_year_page,0.503,0.615,0.559,hungama_footfalls,,21.51,boi_header,1038225822.0,5.39,55.515,26.7,101.9,0.331,51,687,1020,782,972,false,Flop
745,745,Sam Bahadur,2023,1 Dec 2023,false,,B,92.2,boi_year_page,0.555,derived_nett_over_atp,,0.472,0.638,,,,166.1,ormax_nett,1438069597.0,3.86,207.414,98.9,101.1,0.383,29,855,314,712,121,false,
746,746,Jab Harry Met Sejal,2017,4 Aug 2017,false,,A,62.01,boi_year_page,0.555,sourced,boi_year_page,0.499,0.61,0.555,hungama_footfalls,,134.38,boi_header,1359657398.0,4.08,152.254,90.6,101.1,0.475,50,824,354,593,203,false,Flop
747,747,Aap Mujhe Achche Lagne Lage,2002,19 Apr 2002,false,,A,9.59,boi_year_page,0.552,sourced,boi_year_page,0.497,0.607,0.552,hungama_footfalls,,29.98,boi_header,1097600380.0,5.03,63.552,33.6,100.6,0.588,50,722,908,473,815,false,Flop
748,748,Hate Story 3,2015,4 Dec 2015,false,,A,43.58,boi_year_page,0.551,sourced,boi_year_page,0.495,0.606,0.551,hungama_footfalls,,125.97,boi_header,1328024494.0,4.15,140.363,69.1,100.3,0.336,50,815,518,775,280,false,Hit
749,749,Half Girlfriend,2017,19 May 2017,false,,A,52.29,boi_year_page,0.55,sourced,boi_year_page,0.495,0.605,0.55,hungama_footfalls,,134.38,boi_header,1359657398.0,4.05,152.254,76.4,100.3,0.401,50,826,463,684,240,false,Below Average
750,750,Delhi 6,2009,20 Feb 2009,false,,A,30.7,boi_year_page,0.55,sourced,boi_year_page,0.495,0.605,0.55,hungama_footfalls,,78.63,boi_header,1225524764.0,4.48,91.27,74.8,100.1,0.645,50,777,480,423,377,false,Flop
751,751,Parmanu - The Story Of Pokhran,2018,25 May 2018,false,,A,64.82,boi_year_page,0.549,sourced,boi_year_page,0.494,0.603,0.549,hungama_footfalls,,118.2,derived_boi_matched_n47,1374659067.0,3.99,158.226,91.1,100.0,0.397,50,834,351,692,195,false,Semi Hit
752,752,Hindi Medium,2017,19 May 2017,false,,A,63.07,boi_year_page,0.547,sourced,boi_year_page,0.492,0.602,0.547,hungama_footfalls,,134.38,boi_header,1359657398.0,4.02,152.254,92.2,99.7,0.484,50,829,343,580,198,false,Hit
753,753,Janta Ki Adalat,1994,29 Jul 1994,false,,A,3.09,boi_year_page,0.545,sourced,boi_year_page,0.491,0.6,0.545,hungama_footfalls,,11.05,boi_header,941163772.0,5.79,42.277,16.3,99.3,0.411,49,645,1263,668,1328,false,Flop
754,754,Kalank,2019,17 Apr 2019,false,,A,80.04,boi_year_page,0.545,sourced,boi_year_page,0.49,0.599,0.545,hungama_footfalls,,133.83,derived_boi_matched_n48,1389030307.0,3.92,164.163,108.5,99.3,0.407,50,843,268,677,146,false,Flop
755,755,Fukrey 3,2023,28 Sep 2023,false,,B,90.46,boi_year_page,0.545,derived_nett_over_atp,,0.463,0.626,,,,166.1,ormax_nett,1438069597.0,3.79,207.414,97.0,99.2,0.376,29,869,323,727,125,false,
756,756,Muqadar,1996,12 Jul 1996,false,,A,4.39,boi_year_page,0.543,sourced,boi_year_page,0.488,0.597,0.543,hungama_footfalls,,15.7,boi_header,979678460.0,5.54,48.462,20.2,98.9,0.309,50,673,1159,825,1181,false,Average
757,757,Salaam-E-Ishq,2007,26 Jan 2007,false,,A,22.68,boi_year_page,0.541,sourced,boi_year_page,0.487,0.595,0.541,hungama_footfalls,,60.73,boi_header,1190676028.0,4.54,82.242,61.4,98.6,0.416,50,770,595,666,482,false,Disaster
758,758,Haan Maine Bhi Pyaar Kiya,2002,15 Feb 2002,false,,A,8.93,boi_year_page,0.541,sourced,boi_year_page,0.487,0.595,0.541,hungama_footfalls,,29.98,boi_header,1097600380.0,4.93,63.552,31.3,98.5,0.548,50,736,935,512,847,false,Flop
759,759,Salaami,1994,18 Mar 1994,false,,A,2.8,boi_year_page,0.538,sourced,boi_year_page,0.484,0.591,,,,11.05,boi_header,941163772.0,5.71,42.277,14.7,97.9,0.372,49,656,1306,731,1370,false,Semi Hit
760,760,Jungle,2000,14 Jul 2000,false,,A,8.1,boi_year_page,0.536,sourced,boi_year_page,0.483,0.59,0.536,hungama_footfalls,,24.07,boi_header,1057922731.0,5.07,58.975,30.5,97.7,0.464,50,720,945,607,888,false,Average
761,761,Mahaanta,1997,23 May 1997,false,,A,5.26,boi_year_page,0.536,sourced,boi_year_page,0.482,0.589,0.536,hungama_footfalls,,17.92,boi_header,999133764.0,5.36,50.681,23.1,97.6,0.287,51,688,1092,859,1096,false,Flop
762,762,Kareeb,1998,17 Jul 1998,false,,A,6.82,boi_year_page,0.535,sourced,boi_year_page,0.482,0.589,0.535,hungama_footfalls,,19.66,boi_header,1018665080.0,5.25,53.627,28.3,97.5,0.421,50,698,991,658,960,false,Flop
763,763,Zamaana Deewana,1995,28 Jul 1995,false,,A,4.67,boi_year_page,0.535,sourced,boi_year_page,0.482,0.589,0.535,hungama_footfalls,,14.37,boi_header,960301046.0,5.57,46.391,22.4,97.5,0.294,50,666,1106,847,1158,false,Flop
764,764,Andhadhun,2018,5 Oct 2018,false,,A,73.37,boi_year_page,0.535,sourced,boi_year_page,0.481,0.588,0.535,hungama_footfalls,,118.2,derived_boi_matched_n47,1374659067.0,3.89,158.226,103.2,97.4,0.449,50,848,288,621,164,false,Hit
765,765,Banarasi Babu,1998,30 Jan 1998,false,,A,5.58,boi_year_page,0.533,sourced,boi_year_page,0.48,0.586,0.533,hungama_footfalls,,19.66,boi_header,1018665080.0,5.23,53.627,23.1,97.1,0.344,50,703,1091,760,1064,false,Flop
766,766,Murder,2004,2 Apr 2004,false,,A,15.01,boi_year_page,0.533,sourced,boi_year_page,0.479,0.586,0.533,hungama_footfalls,,42.14,boi_header,1135991509.0,4.69,70.817,47.2,97.0,0.608,50,755,744,458,637,false,Super Hit
767,767,Shuddh Desi Romance,2013,6 Sep 2013,false,,A,46.26,boi_year_page,0.532,sourced,boi_year_page,0.479,0.586,0.532,hungama_footfalls,,109.75,boi_header,1295829507.0,4.11,125.531,82.0,97.0,0.416,50,820,416,665,264,false,Hit
768,768,Aflatoon,1997,19 Dec 1997,false,,A,5.47,boi_year_page,0.532,sourced,boi_year_page,0.479,0.585,0.532,hungama_footfalls,,17.92,boi_header,999133764.0,5.32,50.681,24.0,96.9,0.299,51,693,1070,839,1076,false,Flop
769,769,Policewala Gunda,1995,19 May 1995,false,,A,3.74,boi_year_page,0.528,sourced,boi_year_page,0.475,0.581,0.528,hungama_footfalls,,14.37,boi_header,960301046.0,5.5,46.391,17.9,96.3,0.235,50,676,1223,955,1256,false,Average
770,770,Joru Ka Ghulam,2000,16 Jun 2000,false,,A,7.57,boi_year_page,0.528,sourced,boi_year_page,0.475,0.58,0.528,hungama_footfalls,,24.07,boi_header,1057922731.0,4.99,58.975,28.5,96.1,0.433,50,728,983,642,914,false,Below Average
771,771,Aitraaz,2004,12 Nov 2004,false,,A,15.58,boi_year_page,0.527,sourced,boi_year_page,0.474,0.579,0.527,hungama_footfalls,,42.14,boi_header,1135991509.0,4.63,70.817,48.9,95.9,0.631,50,760,723,436,621,false,Average
772,772,Lucky - No Time for Love,2005,1 Apr 2005,false,,A,15.94,boi_year_page,0.521,sourced,boi_year_page,0.469,0.573,0.521,hungama_footfalls,,49.16,boi_header,1154676321.0,4.51,73.99,47.9,94.9,0.614,50,772,736,450,613,false,Below Average
773,773,Surakshaa,1995,3 Mar 1995,false,,A,3.82,boi_year_page,0.52,sourced,boi_year_page,0.468,0.572,0.52,hungama_footfalls,,14.37,boi_header,960301046.0,5.41,46.391,18.3,94.7,0.241,50,685,1208,944,1244,false,Below Average
774,774,Mubarakan,2017,28 Jul 2017,false,,A,54.77,boi_year_page,0.519,sourced,boi_year_page,0.467,0.571,0.519,hungama_footfalls,,134.38,boi_header,1359657398.0,3.82,152.254,80.0,94.6,0.42,50,861,435,660,233,false,Flop
775,775,Raaz - The Mystery Continues,2009,23 Jan 2009,false,,A,25.5,boi_year_page,0.519,sourced,boi_year_page,0.467,0.571,0.519,hungama_footfalls,,78.63,boi_header,1225524764.0,4.23,91.27,62.1,94.5,0.535,50,806,588,526,436,false,Semi Hit
776,776,Jism 2,2012,2 Aug 2012,false,,A,35.19,boi_year_page,0.518,sourced,boi_year_page,0.466,0.569,0.518,hungama_footfalls,,101.74,boi_header,1278674501.0,4.05,118.092,66.3,94.3,0.324,50,827,539,799,334,false,Semi Hit
777,777,Apaharan,2005,2 Dec 2005,false,,A,15.66,boi_year_page,0.516,sourced,boi_year_page,0.464,0.568,0.516,hungama_footfalls,,49.16,boi_header,1154676321.0,4.47,73.99,47.1,94.0,0.604,50,781,745,460,619,false,Semi Hit
778,778,Phantom,2015,28 Aug 2015,false,,A,51.45,boi_year_page,0.514,sourced,boi_year_page,0.462,0.565,0.514,hungama_footfalls,,125.97,boi_header,1328024494.0,3.87,140.363,81.5,93.6,0.397,50,852,419,691,244,false,Flop
779,779,Secret Superstar,2017,19 Oct 2017,false,,A,62.63,boi_year_page,0.509,sourced,boi_year_page,0.458,0.56,0.509,hungama_footfalls,,134.38,boi_header,1359657398.0,3.74,152.254,91.5,92.7,0.48,50,878,346,586,201,false,Average
780,780,Madras Cafe,2013,23 Aug 2013,false,,A,43.85,boi_year_page,0.507,sourced,boi_year_page,0.456,0.558,0.507,hungama_footfalls,,109.75,boi_header,1295829507.0,3.91,125.531,77.7,92.4,0.395,50,844,451,695,278,false,Average
781,781,Student Of The Year 2,2019,10 May 2019,false,,A,65.71,boi_year_page,0.507,sourced,boi_year_page,0.456,0.557,0.507,hungama_footfalls,,133.83,derived_boi_matched_n48,1389030307.0,3.65,164.163,89.0,92.3,0.334,50,894,367,777,191,false,Flop
782,782,Badmaash Company,2010,7 May 2010,false,,A,32.87,boi_year_page,0.506,sourced,boi_year_page,0.456,0.557,0.506,hungama_footfalls,,88.6,boi_header,1243481565.0,4.07,100.0,73.1,92.2,0.495,50,825,495,567,353,false,Average
783,783,Pyaar Koi Khel Nahin,1999,30 Jul 1999,false,,A,6.8,boi_year_page,0.505,sourced,boi_year_page,0.455,0.556,0.505,hungama_footfalls,,21.51,boi_header,1038225822.0,4.87,55.515,27.3,92.1,0.338,51,742,1010,771,961,false,Flop
784,784,Aunty No. 1,1998,1 May 1998,false,,A,5.34,boi_year_page,0.504,sourced,boi_year_page,0.453,0.554,0.504,hungama_footfalls,,19.66,boi_header,1018665080.0,4.94,53.627,22.2,91.8,0.33,50,734,1112,787,1084,false,Below Average
785,785,Zara Hatke Zara Bachke,2023,2 Jun 2023,false,,B,83.62,boi_year_page,0.503,derived_nett_over_atp,,0.428,0.579,,,,166.1,ormax_nett,1438069597.0,3.5,207.414,89.7,91.7,0.348,29,918,362,755,137,false,
786,786,Aag,1994,12 Aug 1994,false,,A,3.22,boi_year_page,0.503,sourced,boi_year_page,0.452,0.553,,,,11.05,boi_header,941163772.0,5.34,42.277,16.9,91.6,0.428,49,690,1243,648,1308,false,Flop
787,787,Takkar,1995,14 Jul 1995,false,,A,4.09,boi_year_page,0.503,sourced,boi_year_page,0.452,0.553,,,,14.37,boi_header,960301046.0,5.23,46.391,19.6,91.6,0.258,50,702,1179,917,1212,false,Flop
788,788,Gangaajal,2003,29 Aug 2003,false,,A,10.48,boi_year_page,0.502,sourced,boi_year_page,0.452,0.553,0.502,hungama_footfalls,,35.77,boi_header,1116803000.0,4.5,66.935,34.8,91.5,0.523,50,776,898,543,778,false,Average
789,789,Kyo Kii... Main Jhuth Nahin Bolta,2001,21 Sep 2001,false,,A,7.95,boi_year_page,0.502,sourced,boi_year_page,0.452,0.552,0.502,hungama_footfalls,,26.66,boi_header,1077898579.0,4.65,62.017,28.5,91.4,0.409,50,759,984,672,896,false,Flop
790,790,Tanu Weds Manu,2011,25 Feb 2011,false,,A,38.52,boi_year_page,0.501,sourced,boi_year_page,0.451,0.552,0.501,hungama_footfalls,,95.48,boi_header,1261224956.0,3.98,109.803,78.1,91.4,0.409,50,836,446,671,314,false,Hit
791,791,Phata Poster Nikhla Hero,2013,20 Sep 2013,false,,A,38.42,boi_year_page,0.501,sourced,boi_year_page,0.451,0.551,0.501,hungama_footfalls,,109.75,boi_header,1295829507.0,3.87,125.531,68.1,91.3,0.346,50,854,526,757,317,false,Flop
792,792,Mohabbat,1997,19 Sep 1997,false,,A,5.21,boi_year_page,0.5,sourced,boi_year_page,0.45,0.55,0.5,hungama_footfalls,,17.92,boi_header,999133764.0,5.0,50.681,22.8,91.0,0.284,51,726,1096,865,1102,false,Flop
793,793,Jagga Jasoos,2017,14 Jul 2017,false,,A,52.62,boi_year_page,0.497,sourced,boi_year_page,0.448,0.547,0.497,hungama_footfalls,,134.38,boi_header,1359657398.0,3.66,152.254,76.9,90.6,0.403,50,890,459,681,239,false,Disaster
794,794,Rascals,2011,6 Oct 2011,false,,A,33.34,boi_year_page,0.497,sourced,boi_year_page,0.447,0.546,0.497,hungama_footfalls,,95.48,boi_header,1261224956.0,3.94,109.803,67.6,90.5,0.354,50,841,530,746,349,false,Flop
795,795,Bhoothnath,2008,9 May 2008,false,,A,23.89,boi_year_page,0.497,sourced,boi_year_page,0.447,0.546,0.497,hungama_footfalls,,69.76,boi_header,1207930960.0,4.11,89.379,59.5,90.5,0.428,50,819,615,647,456,false,Average
796,796,Kis Kisko Pyaar Karoon,2015,25 Sep 2015,false,,A,42.12,boi_year_page,0.496,sourced,boi_year_page,0.446,0.545,0.496,hungama_footfalls,,125.97,boi_header,1328024494.0,3.73,140.363,66.8,90.3,0.325,50,881,536,797,287,false,Hit
797,797,Shapath,1997,12 Dec 1997,false,,A,4.95,boi_year_page,0.495,sourced,boi_year_page,0.446,0.545,,,,17.92,boi_header,999133764.0,4.96,50.681,21.7,90.2,0.27,51,730,1124,899,1128,false,Semi Hit
798,798,Patiala House,2011,11 Feb 2011,false,,A,32.81,boi_year_page,0.494,sourced,boi_year_page,0.444,0.543,0.494,hungama_footfalls,,95.48,boi_header,1261224956.0,3.91,109.803,66.5,89.9,0.348,50,845,538,754,354,false,Flop
799,799,Yaariyan,2014,10 Jan 2014,false,,A,38.46,boi_year_page,0.493,sourced,boi_year_page,0.444,0.543,0.493,hungama_footfalls,,117.89,boi_header,1312277184.0,3.76,133.849,63.9,89.9,0.304,50,876,568,831,315,false,Semi Hit
800,800,Raghuveer,1995,19 May 1995,false,,A,3.78,boi_year_page,0.493,sourced,boi_year_page,0.444,0.543,,,,14.37,boi_header,960301046.0,5.14,46.391,18.1,89.9,0.238,50,712,1216,951,1249,false,Below Average
801,801,Chasme Baddoor,2013,5 Apr 2013,false,,A,42.16,boi_year_page,0.491,sourced,boi_year_page,0.442,0.54,0.491,hungama_footfalls,,109.75,boi_header,1295829507.0,3.79,125.531,74.7,89.4,0.38,50,868,481,722,286,false,Hit
802,802,Tujhe Meri Kasam,2003,3 Jan 2003,false,,A,8.93,boi_year_page,0.491,sourced,boi_year_page,0.442,0.54,0.491,hungama_footfalls,,35.77,boi_header,1116803000.0,4.4,66.935,29.7,89.4,0.445,50,790,966,627,848,false,Semi Hit
803,803,Yeh Raaste Hain Pyaar Ke,2001,10 Aug 2001,false,,A,7.76,boi_year_page,0.491,sourced,boi_year_page,0.442,0.54,0.491,hungama_footfalls,,26.66,boi_header,1077898579.0,4.55,62.017,27.8,89.4,0.399,50,766,997,689,904,false,Flop
804,804,Paa,2009,4 Dec 2009,false,,A,31.34,boi_year_page,0.489,sourced,boi_year_page,0.44,0.538,0.489,hungama_footfalls,,78.63,boi_header,1225524764.0,3.99,91.27,76.4,89.0,0.658,50,835,464,412,369,false,Semi Hit
805,805,Ki & Ka,2016,1 Apr 2016,false,,A,51.68,boi_year_page,0.487,sourced,boi_year_page,0.439,0.536,0.487,hungama_footfalls,,131.57,boi_header,1343944296.0,3.63,147.346,78.0,88.8,0.455,48,899,447,613,243,false,Semi Hit
806,806,Ek Main Aur Ekk Tu,2012,10 Feb 2012,false,,A,40.1,boi_year_page,0.486,sourced,boi_year_page,0.437,0.534,0.486,hungama_footfalls,,101.74,boi_header,1278674501.0,3.8,118.092,75.5,88.5,0.369,50,867,469,734,301,false,Average
807,807,Aks,2001,13 Jul 2001,false,,A,8.0,boi_year_page,0.486,sourced,boi_year_page,0.437,0.534,0.486,hungama_footfalls,,26.66,boi_header,1077898579.0,4.51,62.017,28.7,88.5,0.411,50,775,982,667,891,false,Flop
808,808,Dushmani,1996,19 Jan 1996,false,,A,4.11,boi_year_page,0.485,sourced,boi_year_page,0.437,0.534,0.485,hungama_footfalls,,15.7,boi_header,979678460.0,4.95,48.462,18.9,88.4,0.289,50,731,1192,854,1209,false,Flop
809,809,Deewane,2000,11 Aug 2000,false,,A,6.95,boi_year_page,0.485,sourced,boi_year_page,0.436,0.533,0.485,hungama_footfalls,,24.07,boi_header,1057922731.0,4.58,58.975,26.2,88.4,0.398,50,763,1033,690,949,false,Flop
810,810,Badlapur,2015,20 Feb 2015,false,,A,49.62,boi_year_page,0.485,sourced,boi_year_page,0.436,0.533,0.485,hungama_footfalls,,125.97,boi_header,1328024494.0,3.65,140.363,78.7,88.3,0.383,50,893,444,714,250,false,Hit
811,811,Bholaa,2023,31 Mar 2023,false,,B,80.26,boi_year_page,0.483,derived_nett_over_atp,,0.411,0.556,,,,166.1,ormax_nett,1438069597.0,3.36,207.414,86.1,88.0,0.334,29,944,390,778,145,false,
812,812,Yuva,2004,21 May 2004,false,,A,14.25,boi_year_page,0.482,sourced,boi_year_page,0.434,0.53,0.482,hungama_footfalls,,42.14,boi_header,1135991509.0,4.24,70.817,44.8,87.8,0.577,50,803,778,486,655,false,Below Average
813,813,Kai Po Che,2013,22 Feb 2013,false,,A,43.58,boi_year_page,0.482,sourced,boi_year_page,0.433,0.53,0.482,hungama_footfalls,,109.75,boi_header,1295829507.0,3.72,125.531,77.2,87.7,0.392,50,884,456,699,279,false,Semi Hit
814,814,Jung,2000,12 May 2000,false,,A,6.58,boi_year_page,0.481,sourced,boi_year_page,0.433,0.529,,,,24.07,boi_header,1057922731.0,4.55,58.975,24.8,87.7,0.377,50,769,1053,726,980,false,Flop
815,815,Deewaar - Let's Bring Our Heroes Home,2004,25 Jun 2004,false,,A,13.24,boi_year_page,0.481,sourced,boi_year_page,0.433,0.529,0.481,hungama_footfalls,,42.14,boi_header,1135991509.0,4.24,70.817,41.6,87.7,0.537,50,804,810,525,679,false,Disaster
816,816,Karz - The Burden of Truth,2002,6 Dec 2002,false,,A,8.7,boi_year_page,0.481,sourced,boi_year_page,0.433,0.529,0.481,hungama_footfalls,,29.98,boi_header,1097600380.0,4.38,63.552,30.4,87.6,0.533,50,792,949,527,856,false,Flop
817,817,Zaalim,1994,9 Dec 1994,false,,A,3.18,boi_year_page,0.481,sourced,boi_year_page,0.432,0.529,,,,11.05,boi_header,941163772.0,5.11,42.277,16.7,87.5,0.422,49,717,1255,655,1314,false,Average
818,818,Street Dancer 3,2020,24 Jan 2020,false,,A,62.2,boi_year_page,0.48,sourced,boi_year_page,0.432,0.528,0.47,hungama_footfalls,,133.16,derived_boi_matched_n41,1402617694.0,3.42,175.025,79.1,87.4,1.073,44,932,441,183,202,false,Flop
819,819,Hungama,2003,1 Aug 2003,false,,A,12.61,boi_year_page,0.479,sourced,boi_year_page,0.431,0.527,0.479,hungama_footfalls,,35.77,boi_header,1116803000.0,4.29,66.935,41.9,87.3,0.629,50,798,808,437,699,false,Semi Hit
820,820,Mere Baap Pehle Aap,2008,13 Jun 2008,false,,A,22.71,boi_year_page,0.478,sourced,boi_year_page,0.43,0.526,0.478,hungama_footfalls,,69.76,boi_header,1207930960.0,3.96,89.379,56.5,87.1,0.407,50,838,641,676,481,false,Below Average
821,821,Keemat: They Are Back,1998,10-Apr-1998,false,,A,,,0.477,sourced,hungama_footfalls,0.429,0.525,,,,19.66,boi_header,1018665080.0,4.68,53.627,,86.9,,50,756,,,,false,
822,822,Keemat,1998,10 Apr 1998,false,,A,5.18,boi_year_page,0.477,sourced,boi_year_page,0.429,0.524,,,,19.66,boi_header,1018665080.0,4.68,53.627,21.5,86.9,0.32,50,757,1135,808,1104,false,Flop
823,823,Deewane Huye Paagal,2005,25 Nov 2005,false,,A,15.17,boi_year_page,0.475,sourced,boi_year_page,0.428,0.523,0.475,hungama_footfalls,,49.16,boi_header,1154676321.0,4.11,73.99,45.6,86.6,0.585,50,818,771,476,635,false,Flop
824,824,Zameen,2003,26 Sep 2003,false,,A,11.0,boi_year_page,0.475,sourced,boi_year_page,0.427,0.522,0.475,hungama_footfalls,,35.77,boi_header,1116803000.0,4.25,66.935,36.6,86.5,0.549,50,800,880,508,751,false,Below Average
825,825,Teri Baaton Mein Aisa Uljha Jiya,2024,9 Feb 2024,false,,B,82.59,boi_year_page,0.475,derived_nett_over_atp,,0.404,0.546,,,,173.97,interpolated,1451098474.0,3.27,217.735,84.4,86.5,0.308,17,953,400,826,138,false,
826,826,Swades,2004,17 Dec 2004,false,,A,16.31,boi_year_page,0.475,sourced,boi_year_page,0.427,0.522,0.475,hungama_footfalls,,42.14,boi_header,1135991509.0,4.18,70.817,51.2,86.5,0.632,50,811,689,433,606,false,Flop
827,827,Hum Tum Pe Marte Hain,1999,24 Sep 1999,false,,A,6.24,boi_year_page,0.472,sourced,boi_year_page,0.425,0.52,0.472,hungama_footfalls,,21.51,boi_header,1038225822.0,4.55,55.515,25.0,86.1,0.31,51,768,1050,823,1006,false,Flop
828,828,Taxi Number 9 2 11,2006,24 Feb 2006,false,,A,19.59,boi_year_page,0.472,sourced,boi_year_page,0.425,0.519,0.472,hungama_footfalls,,53.91,boi_header,1172878888.0,4.02,78.334,55.6,85.9,0.383,50,830,649,713,539,false,Semi Hit
829,829,Article 15,2019,28 Jun 2019,false,,A,65.25,boi_year_page,0.471,sourced,boi_year_page,0.424,0.519,0.471,hungama_footfalls,,133.83,derived_boi_matched_n48,1389030307.0,3.39,164.163,88.4,85.9,0.331,50,935,369,781,194,false,Hit
830,830,Jis Desh Mein Ganga Rehta Hain,2000,13 Oct 2000,false,,A,7.03,boi_year_page,0.471,sourced,boi_year_page,0.424,0.518,0.471,hungama_footfalls,,24.07,boi_header,1057922731.0,4.45,58.975,26.5,85.9,0.403,50,785,1025,683,944,false,Flop
831,831,Jai Kishen,1994,10 Jun 1994,false,,A,2.45,boi_year_page,0.47,sourced,boi_year_page,0.423,0.517,,,,11.05,boi_header,941163772.0,4.99,42.277,12.9,85.6,0.325,49,727,1365,796,1421,false,Below Average
832,832,ABCD - Any Body Can Dance,2013,8 Feb 2013,false,,A,39.34,boi_year_page,0.469,sourced,boi_year_page,0.422,0.516,0.469,hungama_footfalls,,109.75,boi_header,1295829507.0,3.62,125.531,69.7,85.5,0.354,50,900,516,745,306,false,Semi Hit
833,833,Crew,2024,29 Mar 2024,false,,B,81.57,boi_year_page,0.469,derived_nett_over_atp,,0.399,0.539,,,,173.97,interpolated,1451098474.0,3.23,217.735,83.4,85.4,0.304,17,963,410,832,140,false,
834,834,Atithi Tum Kab Jaoge?,2010,5 Mar 2010,false,,A,29.08,boi_year_page,0.468,sourced,boi_year_page,0.422,0.515,0.468,hungama_footfalls,,88.6,boi_header,1243481565.0,3.77,100.0,64.7,85.3,0.438,50,873,557,638,398,false,Average
835,835,Amaanat,1994,14 Oct 1994,false,,A,3.09,boi_year_page,0.466,sourced,boi_year_page,0.419,0.512,,,,11.05,boi_header,941163772.0,4.95,42.277,16.2,84.8,0.41,49,733,1265,670,1333,false,Flop
836,836,Vicky Donor,2012,20 Apr 2012,false,,A,41.0,boi_year_page,0.465,sourced,boi_year_page,0.419,0.512,0.465,hungama_footfalls,,101.74,boi_header,1278674501.0,3.64,118.092,77.2,84.8,0.377,50,896,455,725,297,false,Hit
837,837,Dushman,1998,29 May 1998,false,,A,5.62,boi_year_page,0.465,sourced,boi_year_page,0.419,0.512,0.465,hungama_footfalls,,19.66,boi_header,1018665080.0,4.57,53.627,23.3,84.7,0.347,50,765,1084,756,1060,false,Flop
838,838,Kya Yehi Pyaar Hai,2002,22 Mar 2002,false,,A,7.58,boi_year_page,0.465,sourced,boi_year_page,0.418,0.511,0.465,hungama_footfalls,,29.98,boi_header,1097600380.0,4.23,63.552,26.5,84.7,0.465,50,805,1024,603,913,false,Average
839,839,Saawariya,2007,9 Nov 2007,false,,A,20.92,boi_year_page,0.462,sourced,boi_year_page,0.416,0.509,0.462,hungama_footfalls,,60.73,boi_header,1190676028.0,3.88,82.242,56.6,84.2,0.383,50,850,640,711,512,false,Disaster
840,840,Fashion,2008,29 Oct 2008,false,,A,26.46,boi_year_page,0.462,sourced,boi_year_page,0.415,0.508,0.462,hungama_footfalls,,69.76,boi_header,1207930960.0,3.82,89.379,65.9,84.1,0.474,50,860,544,595,421,false,Average
841,841,Raavan,2010,18 Jun 2010,false,,A,28.98,boi_year_page,0.46,sourced,boi_year_page,0.414,0.506,0.46,hungama_footfalls,,88.6,boi_header,1243481565.0,3.7,100.0,64.5,83.9,0.436,50,886,563,639,400,false,Flop
842,842,Ram Setu,2022,25 Oct 2022,false,,B,72.82,boi_year_page,0.46,derived_nett_over_atp,,0.391,0.528,,,,158.47,ormax_nett,1425423209.0,3.22,196.317,82.5,83.7,0.316,47,965,415,813,167,false,
843,843,Matru Ki Bijlee Ka Mandola,2013,11 Jan 2013,false,,A,38.89,boi_year_page,0.458,sourced,boi_year_page,0.412,0.504,0.458,hungama_footfalls,,109.75,boi_header,1295829507.0,3.54,125.531,68.9,83.5,0.35,50,911,519,751,310,false,Flop
844,844,Dil Hai Tumhaara,2002,6 Sep 2002,false,,A,8.69,boi_year_page,0.458,sourced,boi_year_page,0.412,0.504,0.458,hungama_footfalls,,29.98,boi_header,1097600380.0,4.17,63.552,30.4,83.4,0.533,50,812,951,528,858,false,Flop
845,845,Malang,2020,7 Feb 2020,false,,A,57.97,boi_year_page,0.457,sourced,boi_year_page,0.411,0.502,0.457,hungama_footfalls,,133.16,derived_boi_matched_n41,1402617694.0,3.25,175.025,73.7,83.2,0.984,44,957,491,215,221,false,Below Average
846,846,Shakthi - The Power,2002,20 Sep 2002,false,,A,8.48,boi_year_page,0.456,sourced,boi_year_page,0.411,0.502,0.456,hungama_footfalls,,29.98,boi_header,1097600380.0,4.16,63.552,29.7,83.2,0.52,50,813,965,547,873,false,Flop
847,847,Barood,1998,7 Aug 1998,false,,A,4.85,boi_year_page,0.456,sourced,boi_year_page,0.411,0.502,0.456,hungama_footfalls,,19.66,boi_header,1018665080.0,4.48,53.627,20.1,83.1,0.299,50,779,1162,838,1136,false,Flop
848,848,Bluffmaster,2005,16 Dec 2005,false,,A,18.28,boi_year_page,0.456,sourced,boi_year_page,0.411,0.502,0.456,hungama_footfalls,,49.16,boi_header,1154676321.0,3.95,73.99,55.0,83.1,0.705,50,839,657,384,567,false,Semi Hit
849,849,Kahin Pyaar Na Ho Jaaye,2000,17 Nov 2000,false,,A,6.7,boi_year_page,0.455,sourced,boi_year_page,0.409,0.5,0.455,hungama_footfalls,,24.07,boi_header,1057922731.0,4.3,58.975,25.3,82.9,0.384,50,796,1047,710,971,false,Flop
850,850,Hum Hain Bemisaal,1994,16 Dec 1994,false,,A,3.02,boi_year_page,0.455,sourced,boi_year_page,0.409,0.5,,,,11.05,boi_header,941163772.0,4.83,42.277,15.9,82.9,0.401,49,746,1274,685,1342,false,Flop
851,851,Cash,2007,3 Aug 2007,false,,A,18.57,boi_year_page,0.454,sourced,boi_year_page,0.409,0.5,0.454,hungama_footfalls,,60.73,boi_header,1190676028.0,3.82,82.242,50.2,82.8,0.34,50,862,701,764,560,false,Flop
852,852,Ekka Raja Rani,1994,24 Jun 1994,false,,A,2.47,boi_year_page,0.454,sourced,boi_year_page,0.409,0.5,,,,11.05,boi_header,941163772.0,4.82,42.277,13.0,82.7,0.328,49,748,1361,789,1419,false,Flop
853,853,London Dreams,2009,30 Oct 2009,false,,A,25.69,boi_year_page,0.454,sourced,boi_year_page,0.409,0.499,0.454,hungama_footfalls,,78.63,boi_header,1225524764.0,3.7,91.27,62.6,82.7,0.54,50,885,583,521,431,false,Flop
854,854,Pardesi Babu,2005,02-Dec-2005,false,,A,,,0.454,sourced,hungama_footfalls,0.409,0.499,,,,49.16,boi_header,1154676321.0,3.93,73.99,,82.7,,50,842,,,,false,
855,855,Teesra Kaun?,1994,23 Dec 1994,false,,A,3.15,boi_year_page,0.454,sourced,boi_year_page,0.409,0.499,,,,11.05,boi_header,941163772.0,4.82,42.277,16.6,82.7,0.418,49,749,1256,661,1319,false,Flop
856,856,Pardesi Babu,1998,13 Nov 1998,false,,A,5.27,boi_year_page,0.454,sourced,boi_year_page,0.408,0.499,,,,19.66,boi_header,1018665080.0,4.45,53.627,21.8,82.7,0.325,50,786,1119,798,1095,false,Flop
857,857,Satyaprem Ki Katha,2023,29 Jun 2023,false,,B,75.26,boi_year_page,0.453,derived_nett_over_atp,,0.385,0.521,,,,166.1,ormax_nett,1438069597.0,3.15,207.414,80.7,82.6,0.313,29,977,427,818,160,false,
858,858,Sunday,2008,25 Jan 2008,false,,A,20.3,boi_year_page,0.452,sourced,boi_year_page,0.406,0.497,0.452,hungama_footfalls,,69.76,boi_header,1207930960.0,3.74,89.379,50.5,82.3,0.364,50,879,697,738,523,false,Flop
859,859,Mr. Azaad,1994,23 Dec 1994,false,,A,3.23,boi_year_page,0.451,sourced,boi_year_page,0.406,0.496,,,,11.05,boi_header,941163772.0,4.79,42.277,17.0,82.2,0.429,49,751,1241,644,1307,false,Flop
860,860,Fool N Final,2007,1 Jun 2007,false,,A,17.82,boi_year_page,0.451,sourced,boi_year_page,0.406,0.496,0.451,hungama_footfalls,,60.73,boi_header,1190676028.0,3.79,82.242,48.2,82.1,0.327,50,870,730,795,572,false,Flop
861,861,No Problem,2010,10 Dec 2010,false,,A,28.48,boi_year_page,0.45,sourced,boi_year_page,0.405,0.495,0.45,hungama_footfalls,,88.6,boi_header,1243481565.0,3.62,100.0,63.4,82.0,0.429,50,901,577,645,402,false,Flop
862,862,Prem,1995,5 May 1995,false,,A,3.88,boi_year_page,0.447,sourced,boi_year_page,0.403,0.492,,,,14.37,boi_header,960301046.0,4.66,46.391,18.6,81.5,0.244,50,758,1202,939,1239,false,Flop
863,863,Kyaa Kool Hai Hum,2005,6 May 2005,false,,A,15.34,boi_year_page,0.447,sourced,boi_year_page,0.402,0.491,0.447,hungama_footfalls,,49.16,boi_header,1154676321.0,3.87,73.99,46.1,81.4,0.591,50,853,759,470,627,false,Hit
864,864,One 2 Ka 4,2001,30 Mar 2001,false,,A,6.64,boi_year_page,0.447,sourced,boi_year_page,0.402,0.491,0.447,hungama_footfalls,,26.66,boi_header,1077898579.0,4.14,62.017,23.8,81.4,0.341,50,816,1074,762,974,false,Disaster
865,865,Sangharsh,1999,3 Sep 1999,false,,A,5.97,boi_year_page,0.446,sourced,boi_year_page,0.402,0.491,0.446,hungama_footfalls,,21.51,boi_header,1038225822.0,4.3,55.515,23.9,81.3,0.297,51,795,1072,842,1033,false,Below Average
866,866,Krazzy 4,2008,11 Apr 2008,false,,A,19.59,boi_year_page,0.445,sourced,boi_year_page,0.4,0.489,0.445,hungama_footfalls,,69.76,boi_header,1207930960.0,3.68,89.379,48.8,81.0,0.351,50,887,724,749,538,false,Average
867,867,Haider,2014,2 Oct 2014,false,,A,49.19,boi_year_page,0.445,sourced,boi_year_page,0.4,0.489,0.445,hungama_footfalls,,117.89,boi_header,1312277184.0,3.39,133.849,81.8,81.0,0.389,50,937,418,704,251,false,Average
868,868,Article 370,2024,23 Feb 2024,false,,B,77.08,boi_year_page,0.443,derived_nett_over_atp,,0.377,0.51,,,,173.97,interpolated,1451098474.0,3.05,217.735,78.8,80.7,0.287,17,990,443,858,156,false,
869,869,Parineeta,2005,10 Jun 2005,false,,A,16.79,boi_year_page,0.442,sourced,boi_year_page,0.397,0.486,0.442,hungama_footfalls,,49.16,boi_header,1154676321.0,3.82,73.99,50.5,80.4,0.647,50,859,698,420,600,false,Below Average
870,870,23rd March 1931 Shaheed,2002,7 Jun 2002,false,,A,7.6,boi_year_page,0.441,sourced,boi_year_page,0.397,0.486,0.441,hungama_footfalls,,29.98,boi_header,1097600380.0,4.02,63.552,26.6,80.4,0.466,50,831,1022,600,910,false,Disaster
871,871,Heroine,2012,21 Sep 2012,false,,A,33.82,boi_year_page,0.439,sourced,boi_year_page,0.395,0.483,0.439,hungama_footfalls,,101.74,boi_header,1278674501.0,3.43,118.092,63.7,80.0,0.311,50,926,571,820,345,false,Below Average
872,872,Kismat Konnection,2008,18 Jul 2008,false,,A,22.77,boi_year_page,0.439,sourced,boi_year_page,0.395,0.483,0.439,hungama_footfalls,,69.76,boi_header,1207930960.0,3.64,89.379,56.7,80.0,0.408,50,897,639,675,479,false,Flop
873,873,Prithvi,1997,29 Aug 1997,false,,A,4.36,boi_year_page,0.439,sourced,boi_year_page,0.395,0.482,,,,17.92,boi_header,999133764.0,4.39,50.681,19.1,79.9,0.238,51,791,1187,948,1183,false,Flop
874,874,Doctor Strange in the Multiverse of Madness (English),2022,06-May-2022,false,,A,,,0.438,sourced,hungama_footfalls,0.394,0.482,,,,158.47,ormax_nett,1425423209.0,3.07,196.317,,79.8,,47,988,,,,false,
875,875,Sirf Tum,1999,4 Jun 1999,false,,A,5.85,boi_year_page,0.436,sourced,boi_year_page,0.392,0.479,,,,21.51,boi_header,1038225822.0,4.2,55.515,23.4,79.4,0.29,51,808,1081,850,1044,false,Semi Hit
876,876,Tevar,2015,9 Jan 2015,false,,A,35.55,boi_year_page,0.435,sourced,boi_year_page,0.391,0.478,0.435,hungama_footfalls,,125.97,boi_header,1328024494.0,3.27,140.363,56.4,79.2,0.274,50,952,643,892,333,false,Flop
877,877,Wajood,1998,11 Dec 1998,false,,A,5.24,boi_year_page,0.434,sourced,boi_year_page,0.391,0.478,0.434,hungama_footfalls,,19.66,boi_header,1018665080.0,4.26,53.627,21.7,79.1,0.323,50,799,1125,801,1098,false,Flop
878,878,Sachin - A Billion Dreams,2017,26 May 2017,false,,A,43.04,boi_year_page,0.434,sourced,boi_year_page,0.391,0.478,0.434,hungama_footfalls,,134.38,boi_header,1359657398.0,3.19,152.254,62.9,79.1,0.33,50,970,581,785,283,false,Average
879,879,Na Tum Jaano Na Hum,2002,10 May 2002,false,,A,8.14,boi_year_page,0.433,sourced,boi_year_page,0.39,0.476,0.433,hungama_footfalls,,29.98,boi_header,1097600380.0,3.94,63.552,28.5,78.9,0.499,50,840,985,563,886,false,Disaster
880,880,The Don,1995,28 Apr 1995,false,,A,3.05,boi_year_page,0.433,sourced,boi_year_page,0.39,0.476,,,,14.37,boi_header,960301046.0,4.51,46.391,14.6,78.9,0.192,50,774,1311,1042,1339,false,Flop
881,881,Marjaavaan,2019,15 Nov 2019,false,,A,45.57,boi_year_page,0.433,sourced,boi_year_page,0.39,0.476,0.433,hungama_footfalls,,133.83,derived_boi_matched_n48,1389030307.0,3.12,164.163,61.8,78.9,0.232,50,982,592,965,267,false,Below Average
882,882,Mausam,2011,23 Sep 2011,false,,A,31.56,boi_year_page,0.432,sourced,boi_year_page,0.389,0.475,0.432,hungama_footfalls,,95.48,boi_header,1261224956.0,3.42,109.803,64.0,78.7,0.335,50,929,567,776,366,false,Flop
883,883,Aarzoo,1999,19 Mar 1999,false,,A,5.6,boi_year_page,0.432,sourced,boi_year_page,0.388,0.475,0.432,hungama_footfalls,,21.51,boi_header,1038225822.0,4.16,55.515,22.4,78.6,0.278,51,814,1103,879,1063,false,Flop
884,884,Peepli [Live],2010,13 Aug 2010,false,,A,29.29,boi_year_page,0.429,sourced,boi_year_page,0.386,0.472,0.429,hungama_footfalls,,88.6,boi_header,1243481565.0,3.45,100.0,65.2,78.2,0.441,50,924,552,637,395,false,Hit
885,885,Baabul,2006,8 Dec 2006,false,,A,17.32,boi_year_page,0.429,sourced,boi_year_page,0.386,0.471,0.429,hungama_footfalls,,53.91,boi_header,1172878888.0,3.65,78.334,49.2,78.1,0.339,50,892,719,766,585,false,Flop
886,886,Taqdeerwala,1995,12 May 1995,false,,A,3.43,boi_year_page,0.428,sourced,boi_year_page,0.385,0.471,,,,14.37,boi_header,960301046.0,4.46,46.391,16.5,78.0,0.216,50,783,1258,998,1288,false,Flop
887,887,Ab Tumhare Hawale Watan Saathiyo,2004,24 Dec 2004,false,,A,11.56,boi_year_page,0.428,sourced,boi_year_page,0.385,0.47,0.428,hungama_footfalls,,42.14,boi_header,1135991509.0,3.76,70.817,36.3,77.9,0.469,50,875,882,597,732,false,Disaster
888,888,Eklavya - The Royal Guard,2007,16 Feb 2007,false,,A,18.88,boi_year_page,0.427,sourced,boi_year_page,0.384,0.47,0.427,hungama_footfalls,,60.73,boi_header,1190676028.0,3.59,82.242,51.1,77.8,0.346,50,905,691,758,555,false,Flop
889,889,Dum Maaro Dum,2011,22 Apr 2011,false,,A,31.84,boi_year_page,0.427,sourced,boi_year_page,0.384,0.469,0.427,hungama_footfalls,,95.48,boi_header,1261224956.0,3.38,109.803,64.5,77.8,0.338,50,938,560,768,364,false,Flop
890,890,English Vinglish,2012,5 Oct 2012,false,,A,38.92,boi_year_page,0.426,sourced,boi_year_page,0.384,0.469,0.426,hungama_footfalls,,101.74,boi_header,1278674501.0,3.33,118.092,73.3,77.7,0.358,50,945,494,740,309,false,Semi Hit
891,891,Khauff,2000,2 Mar 2000,false,,A,5.71,boi_year_page,0.426,sourced,boi_year_page,0.384,0.469,,,,24.07,boi_header,1057922731.0,4.03,58.975,21.5,77.7,0.327,50,828,1132,793,1053,false,Flop
892,892,U Me Aur Hum,2008,11 Apr 2008,false,,A,20.98,boi_year_page,0.426,sourced,boi_year_page,0.383,0.468,0.426,hungama_footfalls,,69.76,boi_header,1207930960.0,3.53,89.379,52.2,77.6,0.376,50,915,680,728,511,false,Flop
893,893,Action Replayy,2010,5 Nov 2010,false,,A,28.13,boi_year_page,0.426,sourced,boi_year_page,0.383,0.468,0.426,hungama_footfalls,,88.6,boi_header,1243481565.0,3.42,100.0,62.6,77.5,0.424,50,930,585,653,408,false,Flop
894,894,Khushi,2003,7 Feb 2003,false,,A,9.03,boi_year_page,0.426,sourced,boi_year_page,0.383,0.468,0.426,hungama_footfalls,,35.77,boi_header,1116803000.0,3.81,66.935,30.0,77.5,0.45,50,864,960,618,840,false,Flop
895,895,Talaash - The Hunt Begins...,2003,3 Jan 2003,false,,A,7.86,boi_year_page,0.425,sourced,boi_year_page,0.383,0.468,0.425,hungama_footfalls,,35.77,boi_header,1116803000.0,3.81,66.935,26.1,77.5,0.392,50,866,1037,701,900,false,Flop
896,896,Dil Toh Baccha Hai Ji,2011,28 Jan 2011,false,,A,28.21,boi_year_page,0.424,sourced,boi_year_page,0.382,0.467,0.424,hungama_footfalls,,95.48,boi_header,1261224956.0,3.36,109.803,57.2,77.3,0.3,50,943,631,837,405,false,Flop
897,897,Vikram Vedha,2022,30 Sep 2022,false,,A,79.53,boi_year_page,0.424,sourced,hungama_footfalls,0.382,0.466,,,,158.47,ormax_nett,1425423209.0,2.97,196.317,90.1,77.3,0.345,47,1013,357,759,149,false,
898,898,Kartavya,2026,15-May-2026,false,,A,,,0.424,sourced,hungama_footfalls,0.382,0.466,,,,182.2,carry_forward,1477511422.0,2.87,222.489,,77.3,,4,1035,,,,false,
899,899,Kartavya,1995,29 Sep 1995,false,,A,3.35,boi_year_page,0.424,sourced,boi_year_page,0.382,0.466,,,,14.37,boi_header,960301046.0,4.41,46.391,16.1,77.2,0.211,50,787,1270,1005,1294,false,Flop
900,900,Dream Girl 2,2023,25 Aug 2023,false,,A,100.6,boi_year_page,0.423,sourced,hungama_footfalls,0.381,0.465,,,,166.1,ormax_nett,1438069597.0,2.94,207.414,107.9,77.1,0.418,29,1021,272,662,111,false,
901,901,Yamla Pagla Deewana 2,2013,7 Jun 2013,false,,A,30.77,boi_year_page,0.423,sourced,boi_year_page,0.381,0.465,0.423,hungama_footfalls,,109.75,boi_header,1295829507.0,3.26,125.531,54.5,77.0,0.277,50,956,659,882,373,false,Flop
902,902,Bullet Raja,2013,29 Nov 2013,false,,A,32.75,boi_year_page,0.422,sourced,boi_year_page,0.379,0.464,0.422,hungama_footfalls,,109.75,boi_header,1295829507.0,3.25,125.531,58.0,76.8,0.295,50,958,622,846,355,false,Flop
903,903,Guzaarish,2010,19 Nov 2010,false,,A,29.57,boi_year_page,0.422,sourced,boi_year_page,0.379,0.464,0.422,hungama_footfalls,,88.6,boi_header,1243481565.0,3.39,100.0,65.8,76.8,0.445,50,936,547,628,391,false,Disaster
904,904,Billu,2009,13 Feb 2009,false,,A,22.92,boi_year_page,0.421,sourced,boi_year_page,0.379,0.463,0.421,hungama_footfalls,,78.63,boi_header,1225524764.0,3.43,91.27,55.9,76.6,0.481,50,927,647,584,475,false,Flop
905,905,Humko Deewana Kar Gaye,2006,14 Apr 2006,false,,A,14.13,boi_year_page,0.418,sourced,boi_year_page,0.377,0.46,,,,53.91,boi_header,1172878888.0,3.57,78.334,40.1,76.2,0.276,50,907,833,886,657,false,Flop
906,906,Chhote Sarkar,1996,22 Nov 1996,false,,A,3.93,boi_year_page,0.416,sourced,boi_year_page,0.375,0.458,0.416,hungama_footfalls,,15.7,boi_header,979678460.0,4.25,48.462,18.0,75.9,0.276,50,801,1221,887,1235,false,Flop
907,907,Kidnap,2008,2 Oct 2008,false,,A,20.5,boi_year_page,0.416,sourced,boi_year_page,0.375,0.458,0.416,hungama_footfalls,,69.76,boi_header,1207930960.0,3.45,89.379,51.0,75.9,0.367,50,925,693,737,519,false,Flop
908,908,Chor Machaaye Shor,2002,30 Aug 2002,false,,A,7.66,boi_year_page,0.415,sourced,boi_year_page,0.373,0.456,0.415,hungama_footfalls,,29.98,boi_header,1097600380.0,3.78,63.552,26.8,75.6,0.47,50,872,1017,596,909,false,Flop
909,909,Chhupa Rustam,2001,23 Mar 2001,false,,A,5.42,boi_year_page,0.414,sourced,boi_year_page,0.373,0.456,0.414,hungama_footfalls,,26.66,boi_header,1077898579.0,3.84,62.017,19.4,75.5,0.279,50,857,1181,878,1078,false,Average
910,910,Shubh Mangal Zyada Saavdhan,2020,21 Feb 2020,false,,A,58.93,boi_year_page,0.414,sourced,boi_year_page,0.373,0.455,0.413,hungama_footfalls,,133.16,derived_boi_matched_n41,1402617694.0,2.95,175.025,74.9,75.4,1.017,44,1017,479,203,216,false,Below Average
911,911,Wake Up Sid,2009,2 Oct 2009,false,,A,27.95,boi_year_page,0.413,sourced,boi_year_page,0.372,0.454,0.413,hungama_footfalls,,78.63,boi_header,1225524764.0,3.37,91.27,68.1,75.2,0.587,50,942,525,474,410,false,Semi Hit
912,912,Pyaar Tune Kya Kiya,2001,27 Apr 2001,false,,A,6.83,boi_year_page,0.413,sourced,boi_year_page,0.371,0.454,0.413,hungama_footfalls,,26.66,boi_header,1077898579.0,3.83,62.017,24.5,75.2,0.351,50,858,1057,750,958,false,Below Average
913,913,Ahankaar,1995,25 Aug 1995,false,,A,3.14,boi_year_page,0.412,sourced,boi_year_page,0.371,0.454,,,,14.37,boi_header,960301046.0,4.29,46.391,15.0,75.1,0.198,50,797,1292,1032,1321,false,Flop
914,914,102 Not Out,2018,4 May 2018,false,,A,51.78,boi_year_page,0.412,sourced,boi_year_page,0.371,0.453,0.412,hungama_footfalls,,118.2,derived_boi_matched_n47,1374659067.0,2.99,158.226,72.8,75.0,0.317,50,1007,499,812,242,false,Semi Hit
915,915,Players,2012,6 Jan 2012,false,,A,29.9,boi_year_page,0.41,sourced,boi_year_page,0.369,0.451,0.41,hungama_footfalls,,101.74,boi_header,1278674501.0,3.21,118.092,56.3,74.7,0.275,50,967,644,890,388,false,Disaster
916,916,Mafia,1996,24 May 1996,false,,A,3.2,boi_year_page,0.41,sourced,boi_year_page,0.369,0.451,0.41,hungama_footfalls,,15.7,boi_header,979678460.0,4.19,48.462,14.7,74.7,0.225,50,810,1309,981,1310,false,Average
917,917,Khiladi 420,2000,29 Dec 2000,false,,A,5.76,boi_year_page,0.41,sourced,boi_year_page,0.369,0.45,,,,24.07,boi_header,1057922731.0,3.87,58.975,21.7,74.6,0.33,50,851,1126,786,1048,false,Disaster
918,918,Thoda Pyaar Thoda Magic,2008,27 Jun 2008,false,,A,21.67,boi_year_page,0.409,sourced,boi_year_page,0.368,0.449,0.409,hungama_footfalls,,69.76,boi_header,1207930960.0,3.38,89.379,53.9,74.4,0.388,50,939,664,707,499,false,Flop
919,919,Janasheen,2003,26 Nov 2003,false,,A,9.79,boi_year_page,0.407,sourced,boi_year_page,0.366,0.448,0.407,hungama_footfalls,,35.77,boi_header,1116803000.0,3.64,66.935,32.5,74.1,0.488,50,895,919,574,808,false,Flop
920,920,Force 2,2016,18 Nov 2016,false,,A,31.93,boi_year_page,0.403,sourced,boi_year_page,0.363,0.444,0.403,hungama_footfalls,,131.57,boi_header,1343944296.0,3.0,147.346,48.2,73.5,0.281,48,1005,732,874,363,false,Flop
921,921,Jism,2003,17 Jan 2003,false,,A,8.14,boi_year_page,0.403,sourced,boi_year_page,0.363,0.443,0.403,hungama_footfalls,,35.77,boi_header,1116803000.0,3.61,66.935,27.1,73.4,0.406,50,902,1014,678,885,false,Hit
922,922,Yeh Dil Aashiqanaa,2002,18 Jan 2002,false,,A,6.22,boi_year_page,0.402,sourced,boi_year_page,0.362,0.443,0.402,hungama_footfalls,,29.98,boi_header,1097600380.0,3.67,63.552,21.8,73.3,0.381,50,889,1122,720,1011,false,Average
923,923,Shaandaar,2015,22 Oct 2015,false,,A,39.48,boi_year_page,0.402,sourced,boi_year_page,0.362,0.443,0.402,hungama_footfalls,,125.97,boi_header,1328024494.0,3.03,140.363,62.6,73.3,0.305,50,998,584,830,304,false,Flop
924,924,Musafir,2004,10 Dec 2004,false,,A,11.82,boi_year_page,0.402,sourced,boi_year_page,0.361,0.442,0.402,hungama_footfalls,,42.14,boi_header,1135991509.0,3.54,70.817,37.1,73.2,0.479,50,912,870,589,722,false,Flop
925,925,English Babu Desi Mem,1996,26 Jan 1996,false,,A,3.78,boi_year_page,0.401,sourced,boi_year_page,0.361,0.441,0.401,hungama_footfalls,,15.7,boi_header,979678460.0,4.09,48.462,17.4,73.0,0.265,50,822,1235,905,1248,false,Flop
926,926,Hamari Adhuri Kahani,2015,12 Jun 2015,false,,A,32.99,boi_year_page,0.397,sourced,boi_year_page,0.358,0.437,0.397,hungama_footfalls,,125.97,boi_header,1328024494.0,2.99,140.363,52.3,72.4,0.255,50,1010,678,922,351,false,Flop
927,927,Krodh,2000,17 Mar 2000,false,,A,5.15,boi_year_page,0.397,sourced,boi_year_page,0.358,0.437,,,,24.07,boi_header,1057922731.0,3.76,58.975,19.4,72.4,0.295,50,877,1182,844,1106,false,Flop
928,928,Kranti Kshetra,1994,26 Aug 1994,false,,A,2.36,boi_year_page,0.397,sourced,boi_year_page,0.357,0.436,,,,11.05,boi_header,941163772.0,4.21,42.277,12.4,72.2,0.314,49,807,1376,816,1431,false,Flop
929,929,Hasee Toh Phasee,2014,7 Feb 2014,false,,A,36.56,boi_year_page,0.394,sourced,boi_year_page,0.355,0.434,0.394,hungama_footfalls,,117.89,boi_header,1312277184.0,3.0,133.849,60.8,71.8,0.29,50,1004,603,852,324,false,Average
930,930,Kranti,2002,8 Mar 2002,false,,A,6.19,boi_year_page,0.394,sourced,boi_year_page,0.354,0.433,0.394,hungama_footfalls,,29.98,boi_header,1097600380.0,3.59,63.552,21.7,71.8,0.38,50,904,1129,721,1013,false,Flop
931,931,Kyon Ki,2005,3 Nov 2005,false,,A,12.71,boi_year_page,0.393,sourced,boi_year_page,0.354,0.433,0.393,hungama_footfalls,,49.16,boi_header,1154676321.0,3.41,73.99,38.2,71.6,0.49,50,933,850,572,693,false,Flop
932,932,Shubh Mangal Saavdhan,2017,1 Sep 2017,false,,A,41.99,boi_year_page,0.393,sourced,boi_year_page,0.354,0.432,0.393,hungama_footfalls,,134.38,boi_header,1359657398.0,2.89,152.254,61.4,71.6,0.322,50,1031,596,803,289,false,Semi Hit
933,933,Fareb,1996,28 Jun 1996,false,,A,3.69,boi_year_page,0.393,sourced,boi_year_page,0.354,0.432,0.393,hungama_footfalls,,15.7,boi_header,979678460.0,4.01,48.462,17.0,71.6,0.259,50,832,1242,912,1259,false,Hit
934,934,Dil Tera Diwana,1996,9 Aug 1996,false,,A,3.58,boi_year_page,0.393,sourced,boi_year_page,0.353,0.432,0.393,hungama_footfalls,,15.7,boi_header,979678460.0,4.01,48.462,16.4,71.5,0.251,50,833,1260,928,1267,false,Flop
935,935,Hero,2015,11 Sep 2015,false,,A,31.32,boi_year_page,0.392,sourced,boi_year_page,0.353,0.432,0.392,hungama_footfalls,,125.97,boi_header,1328024494.0,2.95,140.363,49.6,71.5,0.242,50,1016,712,942,370,false,Flop
936,936,Force,2011,30 Sep 2011,false,,A,25.71,boi_year_page,0.391,sourced,boi_year_page,0.352,0.43,0.391,hungama_footfalls,,95.48,boi_header,1261224956.0,3.1,109.803,52.1,71.2,0.273,50,983,682,893,428,false,Flop
937,937,Wazir,2016,8 Jan 2016,false,,A,40.3,boi_year_page,0.391,sourced,boi_year_page,0.351,0.43,0.391,hungama_footfalls,,131.57,boi_header,1343944296.0,2.91,147.346,60.9,71.2,0.355,48,1027,602,743,300,false,Below Average
938,938,Kurbaan,2009,20 Nov 2009,false,,A,23.35,boi_year_page,0.391,sourced,boi_year_page,0.351,0.43,0.391,hungama_footfalls,,78.63,boi_header,1225524764.0,3.19,91.27,56.9,71.2,0.49,50,971,635,571,462,false,Flop
939,939,Himalay Putra,1997,4 Apr 1997,false,,A,3.96,boi_year_page,0.389,sourced,boi_year_page,0.35,0.428,,,,17.92,boi_header,999133764.0,3.9,50.681,17.4,70.9,0.216,51,847,1234,997,1230,false,Flop
940,940,Bhishma,1996,26 Jul 1996,false,,A,3.08,boi_year_page,0.389,sourced,boi_year_page,0.35,0.428,,,,15.7,boi_header,979678460.0,3.97,48.462,14.1,70.9,0.216,50,837,1328,1000,1335,false,Flop
941,941,Luck,2009,24 Jul 2009,false,,A,21.03,boi_year_page,0.389,sourced,boi_year_page,0.35,0.427,0.389,hungama_footfalls,,78.63,boi_header,1225524764.0,3.17,91.27,51.3,70.8,0.442,50,975,687,634,510,false,Flop
942,942,Qila,1998,10 Apr 1998,false,,A,2.79,boi_year_page,0.388,sourced,boi_year_page,0.349,0.427,0.388,hungama_footfalls,,19.66,boi_header,1018665080.0,3.81,53.627,11.6,70.7,0.172,50,863,1405,1092,1371,false,Flop
943,943,Fukrey,2013,14 Jun 2013,false,,A,34.87,boi_year_page,0.388,sourced,boi_year_page,0.349,0.427,0.388,hungama_footfalls,,109.75,boi_header,1295829507.0,2.99,125.531,61.8,70.7,0.314,50,1006,591,817,336,false,Semi Hit
944,944,Rock On!!,2008,29 Aug 2008,false,,A,25.3,boi_year_page,0.386,sourced,boi_year_page,0.348,0.425,0.386,hungama_footfalls,,69.76,boi_header,1207930960.0,3.2,89.379,63.0,70.4,0.453,50,969,580,616,439,false,Average
945,945,Insaaf - The Final Justice,1997,30 May 1997,false,,A,3.71,boi_year_page,0.384,sourced,boi_year_page,0.346,0.423,,,,17.92,boi_header,999133764.0,3.85,50.681,16.3,70.0,0.203,51,856,1261,1019,1257,false,Flop
946,946,Shaadi Ke Side Effects,2014,28 Feb 2014,false,,A,38.31,boi_year_page,0.384,sourced,boi_year_page,0.346,0.423,0.384,hungama_footfalls,,117.89,boi_header,1312277184.0,2.93,133.849,63.7,70.0,0.303,50,1022,573,833,318,false,Flop
947,947,Tarkieb,2000,23 Jun 2000,false,,A,5.29,boi_year_page,0.384,sourced,boi_year_page,0.346,0.422,,,,24.07,boi_header,1057922731.0,3.63,58.975,19.9,69.9,0.303,50,898,1169,835,1093,false,Flop
948,948,The Legend Of Bhagat Singh,2002,7 Jun 2002,false,,A,7.45,boi_year_page,0.383,sourced,boi_year_page,0.345,0.422,0.383,hungama_footfalls,,29.98,boi_header,1097600380.0,3.49,63.552,26.1,69.9,0.457,50,919,1040,611,918,false,Disaster
949,949,Laaga Chunari Mein Daag,2007,12 Oct 2007,false,,A,17.51,boi_year_page,0.383,sourced,boi_year_page,0.345,0.422,0.383,hungama_footfalls,,60.73,boi_header,1190676028.0,3.22,82.242,47.4,69.8,0.321,50,966,741,805,580,false,Flop
950,950,Bhediya,2022,25 Nov 2022,false,,B,60.72,boi_year_page,0.383,derived_nett_over_atp,,0.326,0.441,,,,158.47,ormax_nett,1425423209.0,2.69,196.317,68.8,69.8,0.295,47,1063,520,845,209,false,
951,951,Bhoothnath Returns,2014,11 Apr 2014,false,,A,33.98,boi_year_page,0.383,sourced,boi_year_page,0.345,0.421,0.383,hungama_footfalls,,117.89,boi_header,1312277184.0,2.92,133.849,56.5,69.7,0.269,50,1025,642,901,342,false,Below Average
952,952,Mere Yaar Ki Shaadi Hai,2002,7 Jun 2002,false,,A,8.34,boi_year_page,0.382,sourced,boi_year_page,0.344,0.421,0.382,hungama_footfalls,,29.98,boi_header,1097600380.0,3.48,63.552,29.2,69.7,0.512,50,920,972,550,878,false,Semi Hit
953,953,Paheli,2005,24 Jun 2005,false,,A,12.85,boi_year_page,0.382,sourced,boi_year_page,0.344,0.42,0.382,hungama_footfalls,,49.16,boi_header,1154676321.0,3.31,73.99,38.6,69.6,0.495,50,949,848,565,689,false,Below Average
954,954,Vijeta,1996,26 Jan 1996,false,,A,3.09,boi_year_page,0.381,sourced,boi_year_page,0.343,0.419,,,,15.7,boi_header,979678460.0,3.89,48.462,14.2,69.4,0.217,50,849,1327,994,1329,false,Flop
955,955,Aamdani Athanni Kharcha Rupaiya,2001,21-Dec-2001,false,,A,,,0.38,sourced,hungama_footfalls,0.342,0.418,,,,26.66,boi_header,1077898579.0,3.53,62.017,,69.2,,50,914,,,,false,
956,956,Haunted 3D,2011,6 May 2011,false,,A,26.39,boi_year_page,0.38,sourced,boi_year_page,0.342,0.417,0.38,hungama_footfalls,,95.48,boi_header,1261224956.0,3.01,109.803,53.5,69.1,0.28,50,1003,667,877,422,false,Hit
957,957,Aamdani Atthani Kharcha Rupaiyaa,2001,21 Dec 2001,false,,A,6.12,boi_year_page,0.38,sourced,boi_year_page,0.342,0.417,,,,26.66,boi_header,1077898579.0,3.52,62.017,22.0,69.1,0.315,50,916,1117,815,1019,false,Below Average
958,958,Jai Gangaajal,2016,4 Mar 2016,false,,A,32.57,boi_year_page,0.376,sourced,boi_year_page,0.338,0.413,0.376,hungama_footfalls,,131.57,boi_header,1343944296.0,2.8,147.346,49.2,68.5,0.287,48,1046,720,860,357,false,Flop
959,959,Achanak,1998,12 Jun 1998,false,,A,4.07,boi_year_page,0.375,sourced,boi_year_page,0.337,0.412,0.375,hungama_footfalls,,19.66,boi_header,1018665080.0,3.68,53.627,16.9,68.3,0.251,50,888,1247,932,1214,false,Flop
960,960,Criminal,1995,4 Aug 1995,false,,A,3.23,boi_year_page,0.374,sourced,boi_year_page,0.337,0.412,,,,14.37,boi_header,960301046.0,3.9,46.391,15.5,68.2,0.204,50,846,1284,1018,1306,false,Below Average
961,961,Hichki,2018,23 Mar 2018,false,,A,46.19,boi_year_page,0.374,sourced,boi_year_page,0.337,0.412,0.374,hungama_footfalls,,118.2,derived_boi_matched_n47,1374659067.0,2.72,158.226,64.9,68.2,0.283,50,1059,553,870,265,false,Hit
962,962,Raja Ki Aayegi Baaraat,1996,18 Oct 1996,false,,A,3.14,boi_year_page,0.373,sourced,boi_year_page,0.336,0.41,,,,15.7,boi_header,979678460.0,3.81,48.462,14.4,68.0,0.221,50,865,1318,986,1320,false,Average
963,963,Raja Ki Aayegi Baaraat,2009,01-Jan-2009,false,,A,,,0.373,sourced,hungama_footfalls,0.336,0.41,,,,78.63,boi_header,1225524764.0,3.04,91.27,,68.0,,50,992,,,,false,
964,964,Judge Mujrim,1997,12 Sep 1997,false,,A,3.58,boi_year_page,0.373,sourced,boi_year_page,0.335,0.41,,,,17.92,boi_header,999133764.0,3.73,50.681,15.7,67.9,0.195,51,882,1280,1038,1268,false,Average
965,965,Ladies vs Ricky Bahl,2011,9 Dec 2011,false,,A,30.76,boi_year_page,0.372,sourced,boi_year_page,0.334,0.409,0.372,hungama_footfalls,,95.48,boi_header,1261224956.0,2.95,109.803,62.3,67.7,0.327,50,1018,587,794,375,false,Average
966,966,Dil Bole Hadippa,2009,18 Sep 2009,false,,A,23.35,boi_year_page,0.372,sourced,boi_year_page,0.334,0.409,0.372,hungama_footfalls,,78.63,boi_header,1225524764.0,3.03,91.27,56.9,67.7,0.49,50,995,634,570,461,false,Flop
967,967,Ramaiya Vastavaiya,2013,19 Jul 2013,false,,A,26.85,boi_year_page,0.371,sourced,boi_year_page,0.333,0.408,0.371,hungama_footfalls,,109.75,boi_header,1295829507.0,2.86,125.531,47.6,67.5,0.242,50,1038,737,941,418,false,Flop
968,968,Shool,1999,5 Nov 1999,false,,A,5.03,boi_year_page,0.369,sourced,boi_year_page,0.332,0.406,,,,21.51,boi_header,1038225822.0,3.56,55.515,20.2,67.3,0.25,51,908,1160,933,1115,false,Flop
969,969,No One Killed Jessica,2011,7 Jan 2011,false,,A,29.13,boi_year_page,0.369,sourced,boi_year_page,0.332,0.405,0.369,hungama_footfalls,,95.48,boi_header,1261224956.0,2.92,109.803,59.0,67.2,0.309,50,1023,618,824,396,false,Semi Hit
970,970,Rajaji,1999,21 May 1999,false,,A,4.35,boi_year_page,0.366,sourced,boi_year_page,0.33,0.403,,,,21.51,boi_header,1038225822.0,3.53,55.515,17.4,66.7,0.216,51,913,1233,999,1184,false,Flop
971,971,Mardaani,2014,22 Aug 2014,false,,A,35.83,boi_year_page,0.365,sourced,boi_year_page,0.329,0.402,0.365,hungama_footfalls,,117.89,boi_header,1312277184.0,2.78,133.849,59.6,66.6,0.284,50,1048,613,866,330,false,Semi Hit
972,972,Chandaal,1998,13 Mar 1998,false,,A,3.58,boi_year_page,0.365,sourced,boi_year_page,0.328,0.401,0.365,hungama_footfalls,,19.66,boi_header,1018665080.0,3.58,53.627,14.9,66.5,0.221,50,906,1301,985,1266,false,Semi Hit
973,973,Road,2002,27 Sep 2002,false,,A,7.57,boi_year_page,0.364,sourced,boi_year_page,0.327,0.4,0.364,hungama_footfalls,,29.98,boi_header,1097600380.0,3.31,63.552,26.5,66.3,0.464,50,947,1026,605,915,false,Below Average
974,974,Naam Shabana,2017,31 Mar 2017,false,,A,36.05,boi_year_page,0.364,sourced,boi_year_page,0.327,0.4,0.364,hungama_footfalls,,134.38,boi_header,1359657398.0,2.67,152.254,52.7,66.2,0.276,50,1070,676,885,328,false,Below Average
975,975,Kasoor,2001,2 Feb 2001,false,,A,5.31,boi_year_page,0.363,sourced,boi_year_page,0.327,0.4,0.363,hungama_footfalls,,26.66,boi_header,1077898579.0,3.37,62.017,19.0,66.2,0.273,50,940,1189,895,1089,false,Average
976,976,Zakhmi Sipahi,1995,26 May 1995,false,,A,2.5,boi_year_page,0.362,sourced,boi_year_page,0.325,0.398,,,,14.37,boi_header,960301046.0,3.76,46.391,12.0,65.9,0.157,50,874,1389,1132,1417,false,Flop
977,977,Dhol,2007,21 Sep 2007,false,,A,16.06,boi_year_page,0.361,sourced,boi_year_page,0.325,0.397,0.361,hungama_footfalls,,60.73,boi_header,1190676028.0,3.03,82.242,43.4,65.8,0.294,50,996,786,848,610,false,Average
978,978,Aaghaaz,2000,6 Oct 2000,false,,A,5.22,boi_year_page,0.36,sourced,boi_year_page,0.324,0.396,,,,24.07,boi_header,1057922731.0,3.4,58.975,19.7,65.6,0.299,50,934,1178,840,1100,false,Flop
979,979,Aap Ka Surroor - The Moviee,2007,29-Jun-2007,false,,A,,,0.36,sourced,hungama_footfalls,0.324,0.396,,,,60.73,boi_header,1190676028.0,3.02,82.242,,65.6,,50,1000,,,,false,
980,980,Aap Kaa Surroor,2007,29 Jun 2007,false,,A,12.43,boi_year_page,0.36,sourced,boi_year_page,0.324,0.396,,,,60.73,boi_header,1190676028.0,3.02,82.242,33.6,65.6,0.228,50,1001,907,972,708,false,Average
981,981,Yuvvraaj,2008,21 Nov 2008,false,,A,16.89,boi_year_page,0.36,sourced,boi_year_page,0.324,0.396,0.36,hungama_footfalls,,69.76,boi_header,1207930960.0,2.98,89.379,42.0,65.6,0.303,50,1012,806,836,598,false,Disaster
982,982,Ishqiya,2010,29 Jan 2010,false,,A,22.11,boi_year_page,0.359,sourced,boi_year_page,0.323,0.395,0.359,hungama_footfalls,,88.6,boi_header,1243481565.0,2.89,100.0,49.2,65.4,0.333,50,1032,718,780,491,false,Semi Hit
983,983,Maachis,1996,25 Oct 1996,false,,A,4.07,boi_year_page,0.358,sourced,boi_year_page,0.322,0.394,,,,15.7,boi_header,979678460.0,3.66,48.462,18.7,65.3,0.286,50,891,1200,864,1213,false,Average
984,984,Ferrari Ki Sawaari,2012,15 Jun 2012,false,,A,30.53,boi_year_page,0.358,sourced,boi_year_page,0.322,0.393,0.358,hungama_footfalls,,101.74,boi_header,1278674501.0,2.8,118.092,57.5,65.2,0.281,50,1047,628,875,382,false,Semi Hit
985,985,Roy,2015,13 Feb 2015,false,,A,35.87,boi_year_page,0.356,sourced,boi_year_page,0.321,0.392,0.356,hungama_footfalls,,125.97,boi_header,1328024494.0,2.68,140.363,56.9,64.9,0.277,50,1067,637,884,329,false,Flop
986,986,Apna Sapna Money Money,2006,10 Nov 2006,false,,A,14.4,boi_year_page,0.356,sourced,boi_year_page,0.321,0.392,0.356,hungama_footfalls,,53.91,boi_header,1172878888.0,3.04,78.334,40.9,64.9,0.282,50,993,822,871,650,false,Semi Hit
987,987,Jaal - The Trap,2003,18 Jul 2003,false,,A,7.1,boi_year_page,0.356,sourced,boi_year_page,0.32,0.391,0.356,hungama_footfalls,,35.77,boi_header,1116803000.0,3.19,66.935,23.6,64.8,0.354,50,972,1078,744,940,false,Flop
988,988,Yaar Gaddar,1994,4 Nov 1994,false,,A,2.4,boi_year_page,0.356,sourced,boi_year_page,0.32,0.391,,,,11.05,boi_header,941163772.0,3.78,42.277,12.6,64.8,0.319,49,871,1369,810,1428,false,Flop
989,989,Chup Chup Ke,2006,9 Jun 2006,false,,A,13.75,boi_year_page,0.355,sourced,boi_year_page,0.32,0.391,0.355,hungama_footfalls,,53.91,boi_header,1172878888.0,3.03,78.334,39.0,64.8,0.269,50,997,838,902,669,false,Average
990,990,Mast,1999,15 Oct 1999,false,,A,5.27,boi_year_page,0.355,sourced,boi_year_page,0.32,0.391,,,,21.51,boi_header,1038225822.0,3.42,55.515,21.1,64.7,0.262,51,931,1142,907,1094,false,Flop
991,991,Daava,1997,18 Jul 1997,false,,A,3.36,boi_year_page,0.354,sourced,boi_year_page,0.319,0.39,,,,17.92,boi_header,999133764.0,3.55,50.681,14.8,64.5,0.184,51,910,1304,1063,1293,false,Flop
992,992,Munna Micheal,2017,21 Jul 2017,false,,A,33.71,boi_year_page,0.354,sourced,boi_year_page,0.319,0.39,0.354,hungama_footfalls,,134.38,boi_header,1359657398.0,2.6,152.254,49.3,64.5,0.258,50,1081,715,914,346,false,Flop
993,993,Ghayal Once Again,2016,5 Feb 2016,false,,A,26.85,boi_year_page,0.352,sourced,boi_year_page,0.317,0.387,0.352,hungama_footfalls,,131.57,boi_header,1343944296.0,2.62,147.346,40.5,64.2,0.236,48,1078,826,954,419,false,Flop
994,994,Brahma,1994,2 Sep 1994,false,,A,2.11,boi_year_page,0.352,sourced,boi_year_page,0.317,0.387,,,,11.05,boi_header,941163772.0,3.74,42.277,11.1,64.1,0.281,49,880,1420,876,1460,false,Flop
995,995,Gangs Of Wasseypur 1,2012,22 Jun 2012,false,,A,28.02,boi_year_page,0.352,sourced,boi_year_page,0.316,0.387,0.352,hungama_footfalls,,101.74,boi_header,1278674501.0,2.75,118.092,52.8,64.1,0.258,50,1053,674,916,409,false,Below Average
996,996,Naaraaz,1994,19 Aug 1994,false,,A,2.15,boi_year_page,0.351,sourced,boi_year_page,0.315,0.386,,,,11.05,boi_header,941163772.0,3.72,42.277,11.3,63.9,0.286,49,883,1412,863,1458,false,Flop
997,997,Life Partner,2009,14 Aug 2009,false,,A,20.67,boi_year_page,0.35,sourced,boi_year_page,0.315,0.385,0.35,hungama_footfalls,,78.63,boi_header,1225524764.0,2.86,91.27,50.4,63.8,0.434,50,1037,700,641,515,false,Flop
998,998,16 December,2002,22 Mar 2002,false,,A,6.37,boi_year_page,0.35,sourced,boi_year_page,0.315,0.385,0.35,hungama_footfalls,,29.98,boi_header,1097600380.0,3.19,63.552,22.3,63.7,0.39,50,973,1110,703,995,false,Average
999,999,A Flying Jatt,2016,25 Aug 2016,false,,A,30.76,boi_year_page,0.349,sourced,boi_year_page,0.314,0.384,0.349,hungama_footfalls,,131.57,boi_header,1343944296.0,2.6,147.346,46.5,63.6,0.271,48,1083,754,897,374,false,Flop
1000,1000,Return Of Jewel Thief,1996,18 Oct 1996,false,,A,3.01,boi_year_page,0.348,sourced,boi_year_page,0.313,0.383,,,,15.7,boi_header,979678460.0,3.55,48.462,13.8,63.4,0.211,50,909,1336,1004,1343,false,Flop
1001,1001,Mardaani 2,2019,13 Dec 2019,false,,A,46.33,boi_year_page,0.348,sourced,boi_year_page,0.313,0.382,0.348,hungama_footfalls,,133.83,derived_boi_matched_n48,1389030307.0,2.5,164.163,62.8,63.3,0.235,50,1096,582,956,263,false,Semi Hit
1002,1002,Tarazu,1997,1 Aug 1997,false,,A,3.26,boi_year_page,0.348,sourced,boi_year_page,0.313,0.382,,,,17.92,boi_header,999133764.0,3.48,50.681,14.3,63.3,0.178,51,921,1322,1074,1299,false,Flop
1003,1003,Pyare Mohan,2006,14 Apr 2006,false,,A,11.8,boi_year_page,0.347,sourced,boi_year_page,0.312,0.382,0.347,hungama_footfalls,,53.91,boi_header,1172878888.0,2.96,78.334,33.5,63.3,0.231,50,1015,909,966,723,false,Flop
1004,1004,Azhar,2016,13 May 2016,false,,A,30.73,boi_year_page,0.347,sourced,boi_year_page,0.312,0.381,0.347,hungama_footfalls,,131.57,boi_header,1343944296.0,2.58,147.346,46.4,63.2,0.271,48,1086,755,898,376,false,Flop
1005,1005,Gaddaar,1995,9 Jun 1995,false,,A,2.69,boi_year_page,0.346,sourced,boi_year_page,0.312,0.381,,,,14.37,boi_header,960301046.0,3.61,46.391,12.9,63.1,0.169,50,903,1364,1097,1385,false,Flop
1006,1006,12th Fail,2023,27 Oct 2023,false,,B,57.41,boi_year_page,0.346,derived_nett_over_atp,,0.294,0.397,,,,166.1,ormax_nett,1438069597.0,2.4,207.414,61.6,63.0,0.239,29,1110,593,947,224,false,
1007,1007,Shikari,2000,6 Oct 2000,false,,A,4.95,boi_year_page,0.345,sourced,boi_year_page,0.311,0.38,,,,24.07,boi_header,1057922731.0,3.26,58.975,18.7,62.9,0.284,50,955,1199,868,1129,false,Flop
1008,1008,Aan - Men at Work,2004,4 Jun 2004,false,,A,9.27,boi_year_page,0.344,sourced,boi_year_page,0.309,0.378,0.344,hungama_footfalls,,42.14,boi_header,1135991509.0,3.03,70.817,29.1,62.6,0.376,50,999,974,729,827,false,Disaster
1009,1009,F.A.L.T.U,2011,1 Apr 2011,false,,A,24.23,boi_year_page,0.344,sourced,boi_year_page,0.309,0.378,0.344,hungama_footfalls,,95.48,boi_header,1261224956.0,2.72,109.803,49.1,62.6,0.257,50,1058,722,919,453,false,Average
1010,1010,Shaadi No. 1,2005,3 Nov 2005,false,,A,11.49,boi_year_page,0.343,sourced,boi_year_page,0.309,0.377,0.343,hungama_footfalls,,49.16,boi_header,1154676321.0,2.97,73.99,34.5,62.5,0.443,50,1014,899,633,735,false,Flop
1011,1011,Lafangey Parindey,2010,20 Aug 2010,false,,A,22.43,boi_year_page,0.342,sourced,boi_year_page,0.308,0.376,0.342,hungama_footfalls,,88.6,boi_header,1243481565.0,2.75,100.0,49.9,62.4,0.338,50,1052,707,772,486,false,Below Average
1012,1012,Sapnay,1997,2 May 1997,false,,A,4.07,boi_year_page,0.342,sourced,boi_year_page,0.308,0.376,,,,17.92,boi_header,999133764.0,3.42,50.681,17.8,62.3,0.222,51,928,1226,984,1215,false,Flop
1013,1013,Maine Dil Tujhko Diya,2002,16 Aug 2002,false,,A,6.4,boi_year_page,0.342,sourced,boi_year_page,0.308,0.376,,,,29.98,boi_header,1097600380.0,3.12,63.552,22.4,62.3,0.392,50,981,1107,700,991,false,Flop
1014,1014,Rehnaa Hai Teree Dil Mein,2001,19 Oct 2001,false,,A,5.52,boi_year_page,0.342,sourced,boi_year_page,0.308,0.376,0.342,hungama_footfalls,,26.66,boi_header,1077898579.0,3.17,62.017,19.8,62.3,0.284,50,974,1173,867,1069,false,Flop
1015,1015,Hey Ram,2000,18 Feb 2000,false,,A,5.32,boi_year_page,0.341,sourced,boi_year_page,0.307,0.376,,,,24.07,boi_header,1057922731.0,3.23,58.975,20.1,62.2,0.305,50,964,1163,829,1088,false,Flop
1016,1016,Kucch Toh Hai,2003,24 Jan 2003,false,,A,6.78,boi_year_page,0.34,sourced,boi_year_page,0.306,0.374,0.34,hungama_footfalls,,35.77,boi_header,1116803000.0,3.05,66.935,22.5,62.0,0.338,50,991,1101,770,964,false,Flop
1017,1017,Jolly LLB,2013,15 Mar 2013,false,,A,30.32,boi_year_page,0.34,sourced,boi_year_page,0.306,0.374,0.34,hungama_footfalls,,109.75,boi_header,1295829507.0,2.62,125.531,53.7,61.9,0.273,50,1076,666,894,384,false,Hit
1018,1018,Prince,2010,9 Apr 2010,false,,A,19.15,boi_year_page,0.339,sourced,boi_year_page,0.305,0.373,0.339,hungama_footfalls,,88.6,boi_header,1243481565.0,2.73,100.0,42.6,61.8,0.288,50,1057,796,855,551,false,Flop
1019,1019,Kill Dil,2014,14 Nov 2014,false,,A,29.99,boi_year_page,0.338,sourced,boi_year_page,0.305,0.372,0.338,hungama_footfalls,,117.89,boi_header,1312277184.0,2.58,133.849,49.8,61.7,0.237,50,1087,708,953,387,false,Flop
1020,1020,Bulandi,2000,7 Jan 2000,false,,A,,,0.338,sourced,boi_year_page,0.305,0.372,,,,24.07,boi_header,1057922731.0,3.2,58.975,,61.7,,50,968,,,,false,
1021,1021,Bade Miyan Chotte Miyan,2024,10 Apr 2024,false,,B,58.75,boi_year_page,0.338,derived_nett_over_atp,,0.287,0.388,,,,173.97,interpolated,1451098474.0,2.33,217.735,60.0,61.5,0.251,17,1124,607,930,217,false,
1022,1022,Kismat,1995,16 Jun 1995,false,,A,2.63,boi_year_page,0.338,sourced,boi_year_page,0.304,0.371,,,,14.37,boi_header,960301046.0,3.52,46.391,12.6,61.5,0.166,50,917,1370,1110,1394,false,Flop
1023,1023,Prem Aggan,1998,30 Oct 1998,false,,A,3.97,boi_year_page,0.337,sourced,boi_year_page,0.303,0.371,0.337,hungama_footfalls,,19.66,boi_header,1018665080.0,3.31,53.627,16.5,61.4,0.245,50,950,1259,938,1229,false,Flop
1024,1024,Aar Ya Paar,1997,31 Jan 1997,false,,A,,,0.337,sourced,boi_year_page,0.303,0.37,,,,17.92,boi_header,999133764.0,3.37,50.681,,61.3,,51,941,,,,false,
1025,1025,Fida,2004,20 Aug 2004,false,,A,9.71,boi_year_page,0.335,sourced,boi_year_page,0.301,0.368,0.335,hungama_footfalls,,42.14,boi_header,1135991509.0,2.95,70.817,30.5,61.0,0.394,50,1019,946,698,810,false,Flop
1026,1026,Barsaat,2005,19 Aug 2005,false,,A,9.91,boi_year_page,0.334,sourced,boi_year_page,0.301,0.368,0.334,hungama_footfalls,,49.16,boi_header,1154676321.0,2.89,73.99,29.8,60.9,0.382,50,1030,964,717,803,false,Below Average
1027,1027,Love Ke Liye Kuch Bhi Karega,2001,29 Jun 2001,false,,A,5.57,boi_year_page,0.333,sourced,boi_year_page,0.3,0.367,0.333,hungama_footfalls,,26.66,boi_header,1077898579.0,3.09,62.017,20.0,60.7,0.286,50,985,1168,862,1065,false,Flop
1028,1028,One Two Three,2008,28 Mar 2008,false,,A,17.12,boi_year_page,0.333,sourced,boi_year_page,0.3,0.366,0.333,hungama_footfalls,,69.76,boi_header,1207930960.0,2.76,89.379,42.6,60.7,0.307,50,1051,795,828,589,false,Average
1029,1029,Jeena Sirf Merre Liye,2002,1 Nov 2002,false,,A,6.5,boi_year_page,0.332,sourced,boi_year_page,0.298,0.365,,,,29.98,boi_header,1097600380.0,3.02,63.552,22.8,60.4,0.399,50,1002,1097,688,982,false,Flop
1030,1030,Ek Thi Daayan,2013,19 Apr 2013,false,,A,26.81,boi_year_page,0.332,sourced,boi_year_page,0.298,0.365,,,,109.75,boi_header,1295829507.0,2.56,125.531,47.5,60.4,0.241,50,1091,738,943,420,false,Below Average
1031,1031,Teri Meri Kahaani,2012,22 Jun 2012,false,,A,27.49,boi_year_page,0.331,sourced,boi_year_page,0.298,0.364,0.331,hungama_footfalls,,101.74,boi_header,1278674501.0,2.59,118.092,51.8,60.3,0.253,50,1085,684,927,415,false,Flop
1032,1032,Hum To Mohabbat Karega,2000,26 May 2000,false,,A,5.0,boi_year_page,0.33,sourced,boi_year_page,0.297,0.363,,,,24.07,boi_header,1057922731.0,3.12,58.975,18.9,60.1,0.286,50,980,1193,861,1120,false,Flop
1033,1033,Sher-E-Hindustan,1998,16 Jan 1998,false,,A,3.18,boi_year_page,0.329,sourced,boi_year_page,0.296,0.362,0.329,hungama_footfalls,,19.66,boi_header,1018665080.0,3.23,53.627,13.2,60.0,0.196,50,962,1355,1037,1313,false,Average
1034,1034,Gangster - A Love Story,2006,28 Apr 2006,false,,A,12.67,boi_year_page,0.329,sourced,boi_year_page,0.296,0.362,,,,53.91,boi_header,1172878888.0,2.81,78.334,36.0,59.9,0.248,50,1042,885,936,695,false,Semi Hit
1035,1035,Gangster,2006,28-Apr-2006,false,,A,,,0.329,sourced,hungama_footfalls,0.296,0.362,,,,53.91,boi_header,1172878888.0,2.81,78.334,,59.9,,50,1043,,,,false,
1036,1036,Ghanchakkar,2013,28 Jun 2013,false,,A,28.17,boi_year_page,0.328,sourced,boi_year_page,0.295,0.361,,,,109.75,boi_header,1295829507.0,2.53,125.531,49.9,59.7,0.254,50,1094,706,925,407,false,Flop
1037,1037,Juaari,1994,8 Jul 1994,false,,A,1.75,boi_year_page,0.327,sourced,boi_year_page,0.294,0.359,,,,11.05,boi_header,941163772.0,3.47,42.277,9.2,59.5,0.232,49,922,1494,964,1505,false,Flop
1038,1038,Karan,1994,18 Feb 1994,false,,A,,,0.326,sourced,boi_year_page,0.293,0.358,,,,11.05,boi_header,941163772.0,3.46,42.277,,59.4,,49,923,,,,false,
1039,1039,Julie,2004,23 Jul 2004,false,,A,9.16,boi_year_page,0.323,sourced,boi_year_page,0.291,0.355,0.323,hungama_footfalls,,42.14,boi_header,1135991509.0,2.84,70.817,28.8,58.8,0.371,50,1039,981,733,833,false,Semi Hit
1040,1040,Kuch Khatti Kuch Meethi,2001,19 Jan 2001,false,,A,5.04,boi_year_page,0.323,sourced,boi_year_page,0.29,0.355,0.323,hungama_footfalls,,26.66,boi_header,1077898579.0,2.99,62.017,18.1,58.8,0.259,50,1009,1218,913,1113,false,Flop
1041,1041,Ek Tha Raja,1996,12 Jan 1996,false,,A,2.66,boi_year_page,0.322,sourced,boi_year_page,0.29,0.355,,,,15.7,boi_header,979678460.0,3.29,48.462,12.2,58.7,0.187,50,951,1381,1058,1392,false,Flop
1042,1042,Deewaanapan,2001,16 Nov 2001,false,,A,5.1,boi_year_page,0.322,sourced,boi_year_page,0.29,0.354,0.322,hungama_footfalls,,26.66,boi_header,1077898579.0,2.99,62.017,18.3,58.7,0.262,50,1011,1210,906,1109,false,Flop
1043,1043,Hu Tu Tu,1999,22 Jan 1999,false,,A,4.59,boi_year_page,0.321,sourced,boi_year_page,0.289,0.353,,,,21.51,boi_header,1038225822.0,3.09,55.515,18.4,58.4,0.228,51,986,1206,971,1164,false,Flop
1044,1044,Rishtey,2002,6 Dec 2002,false,,A,6.0,boi_year_page,0.321,sourced,boi_year_page,0.289,0.353,,,,29.98,boi_header,1097600380.0,2.92,63.552,21.0,58.4,0.368,50,1024,1145,736,1032,false,Flop
1045,1045,Mr. Bechara,1996,30 Aug 1996,false,,A,,,0.32,sourced,boi_year_page,0.288,0.352,,,,15.7,boi_header,979678460.0,3.26,48.462,,58.3,,50,954,,,,false,
1046,1046,Om Jai Jagadish,2002,19 Jul 2002,false,,A,6.16,boi_year_page,0.319,sourced,boi_year_page,0.287,0.35,,,,29.98,boi_header,1097600380.0,2.9,63.552,21.5,58.1,0.378,50,1028,1131,723,1017,false,Disaster
1047,1047,Ram Shastra,1995,10 Nov 1995,false,,A,2.67,boi_year_page,0.318,sourced,boi_year_page,0.286,0.35,,,,14.37,boi_header,960301046.0,3.31,46.391,12.8,57.9,0.168,50,948,1368,1100,1389,false,Flop
1048,1048,Style,2001,28 Dec 2001,false,,A,5.36,boi_year_page,0.317,sourced,boi_year_page,0.286,0.349,0.317,hungama_footfalls,,26.66,boi_header,1077898579.0,2.94,62.017,19.2,57.8,0.275,50,1020,1185,889,1082,false,Semi Hit
1049,1049,Cheeni Kum,2007,25 May 2007,false,,A,17.3,boi_year_page,0.317,sourced,boi_year_page,0.285,0.348,1.317,hungama_footfalls,,60.73,boi_header,1190676028.0,2.66,82.242,46.8,57.7,0.317,50,1072,747,811,586,false,Semi Hit
1050,1050,Khel,2003,3 Oct 2003,false,,A,6.99,boi_year_page,0.315,sourced,boi_year_page,0.284,0.347,0.315,hungama_footfalls,,35.77,boi_header,1116803000.0,2.82,66.935,23.2,57.4,0.348,50,1040,1087,753,948,false,Flop
1051,1051,Halla Bol,2008,11 Jan 2008,false,,A,12.75,boi_year_page,0.314,sourced,boi_year_page,0.283,0.346,0.314,hungama_footfalls,,69.76,boi_header,1207930960.0,2.6,89.379,31.7,57.2,0.228,50,1082,924,970,692,false,Flop
1052,1052,Kahaani 2,2016,2 Dec 2016,false,,A,32.72,boi_year_page,0.314,sourced,boi_year_page,0.283,0.346,0.314,hungama_footfalls,,131.57,boi_header,1343944296.0,2.34,147.346,49.4,57.2,0.288,48,1120,713,857,356,false,Flop
1053,1053,Chauraha,1994,8 Apr 1994,false,,A,,,0.314,sourced,boi_year_page,0.282,0.345,,,,11.05,boi_header,941163772.0,3.33,42.277,,57.1,,49,946,,,,false,
1054,1054,Kaalia,1997,28 Mar 1997,false,,A,2.73,boi_year_page,0.312,sourced,boi_year_page,0.281,0.344,,,,17.92,boi_header,999133764.0,3.13,50.681,12.0,56.9,0.149,51,979,1388,1154,1382,false,Flop
1055,1055,Guddu,1995,11 Aug 1995,false,,A,2.55,boi_year_page,0.312,sourced,boi_year_page,0.281,0.343,,,,14.37,boi_header,960301046.0,3.25,46.391,12.2,56.9,0.16,50,959,1380,1125,1402,false,Flop
1056,1056,Zakhm,1998,25 Dec 1998,false,,A,4.22,boi_year_page,0.312,sourced,boi_year_page,0.281,0.343,,,,19.66,boi_header,1018665080.0,3.06,53.627,17.5,56.8,0.26,50,989,1232,909,1203,false,Flop
1057,1057,Naqaab,2007,13 Jul 2007,false,,A,12.69,boi_year_page,0.312,sourced,boi_year_page,0.281,0.343,0.312,hungama_footfalls,,60.73,boi_header,1190676028.0,2.62,82.242,34.3,56.8,0.233,50,1079,902,962,694,false,Disaster
1058,1058,October,2018,20 Apr 2018,false,,A,37.11,boi_year_page,0.311,sourced,boi_year_page,0.28,0.342,0.311,hungama_footfalls,,118.2,derived_boi_matched_n47,1374659067.0,2.26,158.226,52.2,56.6,0.227,50,1138,681,974,322,false,Flop
1059,1059,Rocket Singh: Salesman Of The Year,2009,11 Dec 2009,false,,A,20.19,boi_year_page,0.311,sourced,boi_year_page,0.28,0.342,0.311,hungama_footfalls,,78.63,boi_header,1225524764.0,2.53,91.27,49.2,56.6,0.424,50,1093,717,651,529,false,Below Average
1060,1060,Hate Story 2,2014,18 Jul 2014,false,,A,22.91,boi_year_page,0.31,sourced,boi_year_page,0.279,0.34,0.31,hungama_footfalls,,117.89,boi_header,1312277184.0,2.36,133.849,38.1,56.4,0.181,50,1118,853,1068,476,false,Average
1061,1061,Daanveer,1996,20 Sep 1996,false,,A,2.52,boi_year_page,0.309,sourced,boi_year_page,0.278,0.339,,,,15.7,boi_header,979678460.0,3.15,48.462,11.6,56.2,0.177,50,978,1406,1077,1407,false,Flop
1062,1062,Lootera,2013,5 Jul 2013,false,,A,27.86,boi_year_page,0.308,sourced,boi_year_page,0.277,0.339,,,,109.75,boi_header,1295829507.0,2.38,125.531,49.4,56.1,0.251,50,1115,714,931,411,false,Flop
1063,1063,1920 - Evil Returns,2012,2 Nov 2012,false,,A,20.54,boi_year_page,0.308,sourced,boi_year_page,0.277,0.338,0.308,hungama_footfalls,,101.74,boi_header,1278674501.0,2.41,118.092,38.7,56.1,0.189,50,1109,846,1053,518,false,Semi Hit
1064,1064,We Are Family,2010,2 Sep 2010,false,,A,21.78,boi_year_page,0.308,sourced,boi_year_page,0.277,0.338,0.308,hungama_footfalls,,88.6,boi_header,1243481565.0,2.47,100.0,48.4,56.0,0.328,50,1100,726,791,496,false,Flop
1065,1065,Chaand Kaa Tukda,1994,19 Aug 1994,false,,A,,,0.305,sourced,boi_year_page,0.275,0.336,,,,11.05,boi_header,941163772.0,3.24,42.277,,55.6,,49,960,,,,false,
1066,1066,Bareilly Ki Barfi,2017,18 Aug 2017,false,,A,34.02,boi_year_page,0.305,sourced,boi_year_page,0.275,0.336,0.305,hungama_footfalls,,134.38,boi_header,1359657398.0,2.24,152.254,49.7,55.6,0.261,50,1140,710,908,341,false,Average
1067,1067,Pehla Pehla Pyar,1994,6 May 1994,false,,A,1.76,boi_year_page,0.305,sourced,boi_year_page,0.274,0.335,,,,11.05,boi_header,941163772.0,3.24,42.277,9.2,55.5,0.233,49,961,1492,960,1497,false,Flop
1068,1068,Raaz Reboot,2016,16 Sep 2016,false,,A,24.82,boi_year_page,0.304,sourced,boi_year_page,0.274,0.335,0.304,hungama_footfalls,,131.57,boi_header,1343944296.0,2.26,147.346,37.5,55.4,0.218,48,1135,866,989,447,false,Flop
1069,1069,Dastak,1996,29 Nov 1996,false,,A,3.01,boi_year_page,0.303,sourced,boi_year_page,0.273,0.334,,,,15.7,boi_header,979678460.0,3.09,48.462,13.8,55.2,0.211,50,984,1338,1006,1344,false,Flop
1070,1070,Aatank Hi Aatank,1995,4 Aug 1995,false,,A,2.55,boi_year_page,0.303,sourced,boi_year_page,0.273,0.333,,,,14.37,boi_header,960301046.0,3.16,46.391,12.2,55.2,0.16,50,976,1379,1124,1401,false,Flop
1071,1071,Pitaah,2002,4 Jan 2002,false,,A,4.79,boi_year_page,0.303,sourced,boi_year_page,0.272,0.333,,,,29.98,boi_header,1097600380.0,2.76,63.552,16.8,55.2,0.294,50,1050,1250,849,1145,false,Flop
1072,1072,Kyaa Kool Hain Hum 3,2016,22 Jan 2016,false,,A,23.2,boi_year_page,0.303,sourced,boi_year_page,0.272,0.333,0.303,hungama_footfalls,,131.57,boi_header,1343944296.0,2.25,147.346,35.0,55.1,0.204,48,1139,897,1017,466,false,Flop
1073,1073,Band Baaja Baaraat,2010,10 Dec 2010,false,,A,23.17,boi_year_page,0.302,sourced,boi_year_page,0.272,0.333,0.302,hungama_footfalls,,88.6,boi_header,1243481565.0,2.43,100.0,51.5,55.1,0.349,50,1105,686,752,468,false,Average
1074,1074,Batti Gul Meter Chalu,2018,21 Sep 2018,false,,A,36.77,boi_year_page,0.302,sourced,boi_year_page,0.271,0.332,0.302,hungama_footfalls,,118.2,derived_boi_matched_n47,1374659067.0,2.19,158.226,51.7,54.9,0.225,50,1151,685,980,323,false,Flop
1075,1075,Tum Bin,2001,13 Jul 2001,false,,A,4.43,boi_year_page,0.302,sourced,boi_year_page,0.271,0.332,,,,26.66,boi_header,1077898579.0,2.8,62.017,15.9,54.9,0.228,50,1045,1273,973,1180,false,Average
1076,1076,Jurmana,1996,5 Jan 1996,false,,A,2.33,boi_year_page,0.301,sourced,boi_year_page,0.271,0.332,,,,15.7,boi_header,979678460.0,3.08,48.462,10.7,54.9,0.164,50,987,1438,1114,1433,false,Flop
1077,1077,Ishq Vishk,2003,9 May 2003,false,,A,7.74,boi_year_page,0.301,sourced,boi_year_page,0.271,0.331,0.301,hungama_footfalls,,35.77,boi_header,1116803000.0,2.7,66.935,25.7,54.8,0.386,50,1061,1042,709,906,false,Average
1078,1078,Yeh Hai Jalwa,2002,26 Jul 2002,false,,A,5.49,boi_year_page,0.301,sourced,boi_year_page,0.271,0.331,,,,29.98,boi_header,1097600380.0,2.74,63.552,19.2,54.8,0.337,50,1054,1184,774,1074,false,Flop
1079,1079,Singh Saab The Great,2013,22 Nov 2013,false,,A,21.16,boi_year_page,0.301,sourced,boi_year_page,0.271,0.331,,,,109.75,boi_header,1295829507.0,2.32,125.531,37.5,54.8,0.19,50,1125,865,1048,509,false,Flop
1080,1080,Angaara,1996,13 Sep 1996,false,,A,2.42,boi_year_page,0.297,sourced,boi_year_page,0.267,0.327,,,,15.7,boi_header,979678460.0,3.03,48.462,11.1,54.1,0.17,50,994,1419,1095,1423,false,Flop
1081,1081,Zinda,2006,13 Jan 2006,false,,A,10.17,boi_year_page,0.296,sourced,boi_year_page,0.266,0.325,0.296,hungama_footfalls,,53.91,boi_header,1172878888.0,2.52,78.334,28.9,53.9,0.199,50,1095,979,1029,793,false,Flop
1082,1082,NH10,2015,13-Mar-2015,false,,A,,,0.295,sourced,hungama_footfalls,0.266,0.325,,,,125.97,boi_header,1328024494.0,2.22,140.363,,53.8,,50,1144,,,,false,
1083,1083,NH 10,2015,13 Mar 2015,false,,A,31.53,boi_year_page,0.295,sourced,boi_year_page,0.265,0.324,,,,125.97,boi_header,1328024494.0,2.22,140.363,50.0,53.7,0.243,50,1146,705,940,368,false,Semi Hit
1084,1084,Ab Tak Chhappan,2004,27 Feb 2004,false,,A,8.68,boi_year_page,0.294,sourced,boi_year_page,0.265,0.324,0.294,hungama_footfalls,,42.14,boi_header,1135991509.0,2.59,70.817,27.3,53.6,0.352,50,1084,1008,748,859,false,Semi Hit
1085,1085,Maidaan,2024,10 Apr 2024,false,,B,51.16,boi_year_page,0.294,derived_nett_over_atp,,0.25,0.338,,,,173.97,interpolated,1451098474.0,2.03,217.735,52.3,53.6,0.218,17,1182,679,990,245,false,
1086,1086,Dosti - Friends Forever,2005,23 Dec 2005,false,,A,8.77,boi_year_page,0.294,sourced,boi_year_page,0.265,0.323,0.294,hungama_footfalls,,49.16,boi_header,1154676321.0,2.55,73.99,26.4,53.6,0.338,50,1092,1027,769,854,false,Flop
1087,1087,Romeo Akbar Walter,2019,5 Apr 2019,false,,A,38.89,boi_year_page,0.294,sourced,boi_year_page,0.264,0.323,,,,133.83,derived_boi_matched_n48,1389030307.0,2.11,164.163,52.7,53.5,0.198,50,1168,675,1031,311,false,Flop
1088,1088,Jugjugg Jeeyo,2022,24 Jun 2022,false,,A,78.03,boi_year_page,0.293,sourced,hungama_footfalls,0.264,0.322,,,,158.47,ormax_nett,1425423209.0,2.06,196.317,88.4,53.4,0.339,47,1180,370,765,154,false,Average
1089,1089,Jhoot Bole Kauwa Kaate,1998,4 Dec 1998,false,,A,4.05,boi_year_page,0.292,sourced,boi_year_page,0.263,0.322,,,,19.66,boi_header,1018665080.0,2.87,53.627,16.8,53.3,0.25,50,1036,1248,934,1219,false,Flop
1090,1090,Gangs Of Wasseypur 2,2012,8 Aug 2012,false,,A,22.96,boi_year_page,0.291,sourced,boi_year_page,0.262,0.32,,,,101.74,boi_header,1278674501.0,2.28,118.092,43.3,53.1,0.211,50,1130,788,1003,473,false,Flop
1091,1091,Hathyar,2002,18 Oct 2002,false,,A,5.35,boi_year_page,0.291,sourced,boi_year_page,0.262,0.32,,,,29.98,boi_header,1097600380.0,2.65,63.552,18.7,53.1,0.328,50,1073,1197,792,1083,false,Flop
1092,1092,Shaadi Se Pehle,2006,7 Apr 2006,false,,A,10.2,boi_year_page,0.29,sourced,boi_year_page,0.261,0.319,0.29,hungama_footfalls,,53.91,boi_header,1172878888.0,2.47,78.334,29.0,52.9,0.199,50,1099,978,1026,790,false,Flop
1093,1093,Daadagiri,1997,8 Aug 1997,false,,A,2.66,boi_year_page,0.29,sourced,boi_year_page,0.261,0.319,,,,17.92,boi_header,999133764.0,2.9,50.681,11.7,52.8,0.145,51,1029,1402,1165,1391,false,Flop
1094,1094,Jawab,1995,27 Jan 1995,false,,A,1.89,boi_year_page,0.288,sourced,boi_year_page,0.259,0.316,,,,14.37,boi_header,960301046.0,2.99,46.391,9.0,52.4,0.119,50,1008,1496,1241,1481,false,Flop
1095,1095,Highway,2014,21 Feb 2014,false,,A,28.43,boi_year_page,0.287,sourced,boi_year_page,0.258,0.316,0.287,hungama_footfalls,,117.89,boi_header,1312277184.0,2.19,133.849,47.3,52.3,0.225,50,1152,743,979,403,false,Below Average
1096,1096,Aaja Nachle,2007,30 Nov 2007,false,,A,14.07,boi_year_page,0.287,sourced,boi_year_page,0.258,0.316,0.287,hungama_footfalls,,60.73,boi_header,1190676028.0,2.41,82.242,38.1,52.3,0.258,50,1108,854,915,660,false,Flop
1097,1097,Mere Sapno Ki Rani,1997,15 Aug 1997,false,,A,2.92,boi_year_page,0.287,sourced,boi_year_page,0.258,0.315,,,,17.92,boi_header,999133764.0,2.87,50.681,12.8,52.3,0.159,51,1034,1367,1129,1357,false,Flop
1098,1098,Dhan Dhana Dhan Goal,2007,23 Nov 2007,false,,A,13.87,boi_year_page,0.286,sourced,boi_year_page,0.257,0.314,0.286,hungama_footfalls,,60.73,boi_header,1190676028.0,2.4,82.242,37.5,52.1,0.254,50,1111,863,923,666,false,Flop
1099,1099,Do Knot Disturb,2009,2 Oct 2009,false,,A,16.93,boi_year_page,0.285,sourced,boi_year_page,0.257,0.314,0.285,hungama_footfalls,,78.63,boi_header,1225524764.0,2.33,91.27,41.3,52.0,0.356,50,1122,818,742,597,false,Flop
1100,1100,Beqabu,1996,12 Jan 1996,false,,A,2.4,boi_year_page,0.285,sourced,boi_year_page,0.257,0.314,,,,15.7,boi_header,979678460.0,2.91,48.462,11.0,52.0,0.168,50,1026,1425,1099,1429,false,Flop
1101,1101,Family - Ties of Blood,2006,13 Jan 2006,false,,A,8.59,boi_year_page,0.284,sourced,boi_year_page,0.255,0.312,0.284,hungama_footfalls,,53.91,boi_header,1172878888.0,2.42,78.334,24.4,51.7,0.168,50,1107,1061,1101,861,false,Disaster
1102,1102,Baar Baar Dekho,2016,9 Sep 2016,false,,A,30.62,boi_year_page,0.283,sourced,boi_year_page,0.254,0.311,0.283,hungama_footfalls,,131.57,boi_header,1343944296.0,2.1,147.346,46.2,51.5,0.27,48,1169,758,900,381,false,Flop
1103,1103,Bal Bramhachari,1996,6 Sep 1996,false,,A,2.63,boi_year_page,0.282,sourced,boi_year_page,0.254,0.31,,,,15.7,boi_header,979678460.0,2.88,48.462,12.1,51.4,0.185,50,1033,1386,1062,1393,false,Flop
1104,1104,Mom,2017,7 Jul 2017,false,,A,31.28,boi_year_page,0.282,sourced,boi_year_page,0.254,0.31,0.282,hungama_footfalls,,134.38,boi_header,1359657398.0,2.07,152.254,45.7,51.3,0.24,50,1176,769,945,371,false,Flop
1105,1105,Suraj,1997,27 Jun 1997,false,,A,2.51,boi_year_page,0.281,sourced,boi_year_page,0.253,0.309,,,,17.92,boi_header,999133764.0,2.82,50.681,11.0,51.3,0.137,51,1041,1424,1188,1408,false,Flop
1106,1106,Joker,2012,31 Aug 2012,false,,A,20.23,boi_year_page,0.281,sourced,boi_year_page,0.253,0.309,,,,101.74,boi_header,1278674501.0,2.2,118.092,38.1,51.2,0.186,50,1149,852,1059,527,false,Disaster
1107,1107,Tumhari Sulu,2017,17 Nov 2017,false,,A,32.99,boi_year_page,0.28,sourced,boi_year_page,0.252,0.308,0.28,hungama_footfalls,,134.38,boi_header,1359657398.0,2.06,152.254,48.2,51.1,0.253,50,1178,731,926,350,false,Average
1108,1108,God Tussi Great Ho,2008,15 Aug 2008,false,,A,12.51,boi_year_page,0.28,sourced,boi_year_page,0.252,0.308,0.28,hungama_footfalls,,69.76,boi_header,1207930960.0,2.31,89.379,31.1,50.9,0.224,50,1126,938,982,705,false,Flop
1109,1109,Heroes,2008,24 Oct 2008,false,,A,12.63,boi_year_page,0.28,sourced,boi_year_page,0.252,0.307,0.28,hungama_footfalls,,69.76,boi_header,1207930960.0,2.31,89.379,31.4,50.9,0.226,50,1127,933,977,697,false,Flop
1110,1110,Dedh Ishqiya,2014,10 Jan 2014,false,,A,25.27,boi_year_page,0.279,sourced,boi_year_page,0.251,0.307,0.279,hungama_footfalls,,117.89,boi_header,1312277184.0,2.13,133.849,42.0,50.9,0.2,50,1162,807,1025,441,false,Flop
1111,1111,Gair,1999,7 Nov 1999,false,,A,3.3,boi_year_page,0.279,sourced,boi_year_page,0.251,0.306,,,,21.51,boi_header,1038225822.0,2.68,55.515,13.2,50.8,0.164,51,1066,1353,1115,1298,false,Flop
1112,1112,Yamraaj,1998,31 Jul 1998,false,,A,2.84,boi_year_page,0.278,sourced,boi_year_page,0.25,0.306,,,,19.66,boi_header,1018665080.0,2.73,53.627,11.8,50.6,0.175,50,1056,1400,1082,1364,false,Flop
1113,1113,Akira,2016,2 Sep 2016,false,,A,26.14,boi_year_page,0.277,sourced,boi_year_page,0.249,0.305,0.277,hungama_footfalls,,131.57,boi_header,1343944296.0,2.06,147.346,39.5,50.5,0.23,48,1179,837,967,426,false,Flop
1114,1114,Aurangzeb,2013,17 May 2013,false,,A,22.74,boi_year_page,0.277,sourced,boi_year_page,0.249,0.305,,,,109.75,boi_header,1295829507.0,2.14,125.531,40.3,50.5,0.205,50,1161,831,1015,480,false,Flop
1115,1115,Commando 3,2019,29 Nov 2019,false,,A,32.3,boi_year_page,0.277,sourced,boi_year_page,0.249,0.305,0.277,hungama_footfalls,,133.83,derived_boi_matched_n48,1389030307.0,1.99,164.163,43.8,50.5,0.164,50,1186,784,1113,360,false,Flop
1116,1116,Betaabi,1997,5 Sep 1997,false,,A,2.83,boi_year_page,0.277,sourced,boi_year_page,0.249,0.304,,,,17.92,boi_header,999133764.0,2.77,50.681,12.4,50.4,0.154,51,1049,1377,1146,1367,false,Flop
1117,1117,Baaghi,2000,7 Apr 2000,false,,A,3.65,boi_year_page,0.276,sourced,boi_year_page,0.248,0.303,,,,24.07,boi_header,1057922731.0,2.61,58.975,13.8,50.2,0.209,50,1080,1340,1011,1262,false,Flop
1118,1118,Viruddh... Family Comes First,2005,22 Jul 2005,false,,A,10.07,boi_year_page,0.275,sourced,boi_year_page,0.248,0.303,,,,49.16,boi_header,1154676321.0,2.38,73.99,30.3,50.1,0.388,50,1113,956,706,796,false,Below Average
1119,1119,Viruddh,2005,22-Jul-2005,false,,A,,,0.275,sourced,hungama_footfalls,0.248,0.303,,,,49.16,boi_header,1154676321.0,2.38,73.99,,50.1,,50,1114,,,,false,
1120,1120,Go Goa Gone,2013,10 May 2013,false,,A,24.24,boi_year_page,0.275,sourced,boi_year_page,0.247,0.302,,,,109.75,boi_header,1295829507.0,2.12,125.531,43.0,50.1,0.218,50,1166,789,991,452,false,Flop
1121,1121,Thakshak,1999,3 Dec 1999,false,,A,,,0.274,sourced,boi_year_page,0.247,0.302,,,,21.51,boi_header,1038225822.0,2.64,55.515,,50.0,,51,1075,,,,false,
1122,1122,Aastha,1997,3 Jan 1997,false,,A,3.16,boi_year_page,0.273,sourced,boi_year_page,0.246,0.3,,,,17.92,boi_header,999133764.0,2.73,50.681,13.9,49.8,0.173,51,1055,1333,1087,1316,false,Semi Hit
1123,1123,Jo Bole So Nihaal,2005,13 May 2005,false,,A,,,0.273,sourced,boi_year_page,0.245,0.3,0.273,hungama_footfalls,,49.16,boi_header,1154676321.0,2.36,73.99,,49.7,,50,1117,,,,false,
1124,1124,Dil Ka Rishta,2003,17 Jan 2003,false,,A,5.53,boi_year_page,0.272,sourced,boi_year_page,0.245,0.3,0.272,hungama_footfalls,,35.77,boi_header,1116803000.0,2.44,66.935,18.4,49.6,0.276,50,1104,1207,888,1068,false,Flop
1125,1125,Plan,2004,9 Jan 2004,false,,A,6.41,boi_year_page,0.272,sourced,boi_year_page,0.245,0.299,0.272,hungama_footfalls,,42.14,boi_header,1135991509.0,2.4,70.817,20.1,49.6,0.26,50,1112,1161,911,990,false,Flop
1126,1126,Shanghai,2012,8 Jun 2012,false,,A,23.6,boi_year_page,0.272,sourced,boi_year_page,0.245,0.299,,,,101.74,boi_header,1278674501.0,2.13,118.092,44.5,49.5,0.217,50,1163,780,992,458,false,Flop
1127,1127,Commando,2013,12 Apr 2013,false,,A,19.89,boi_year_page,0.272,sourced,boi_year_page,0.245,0.299,,,,109.75,boi_header,1295829507.0,2.1,125.531,35.3,49.5,0.179,50,1170,895,1070,535,false,Below Average
1128,1128,Tere Naal Love Ho Gaya,2012,24 Feb 2012,false,,A,19.45,boi_year_page,0.272,sourced,boi_year_page,0.245,0.299,,,,101.74,boi_header,1278674501.0,2.13,118.092,36.6,49.5,0.179,50,1164,878,1071,542,false,Below Average
1129,1129,Aakrosh,1998,3 Apr 1998,false,,A,2.89,boi_year_page,0.271,sourced,boi_year_page,0.244,0.299,,,,19.66,boi_header,1018665080.0,2.66,53.627,12.0,49.4,0.178,50,1071,1390,1075,1361,false,Flop
1130,1130,Karthik Calling Karthik,2010,26 Feb 2010,false,,A,18.01,boi_year_page,0.27,sourced,boi_year_page,0.243,0.297,0.27,hungama_footfalls,,88.6,boi_header,1243481565.0,2.17,100.0,40.1,49.3,0.271,50,1154,834,896,570,false,Flop
1131,1131,Commando 2,2017,3 Mar 2017,false,,A,21.62,boi_year_page,0.269,sourced,boi_year_page,0.242,0.296,0.269,hungama_footfalls,,134.38,boi_header,1359657398.0,1.98,152.254,31.6,49.1,0.166,50,1191,929,1109,501,false,Flop
1132,1132,Nishana,1995,17 Feb 1995,false,,A,1.81,boi_year_page,0.269,sourced,boi_year_page,0.242,0.296,,,,14.37,boi_header,960301046.0,2.8,46.391,8.7,49.1,0.114,50,1044,1505,1261,1491,false,Flop
1133,1133,Dhaal,1997,28 Nov 1997,false,,A,2.69,boi_year_page,0.268,sourced,boi_year_page,0.242,0.295,,,,17.92,boi_header,999133764.0,2.69,50.681,11.8,48.9,0.147,51,1064,1399,1161,1387,false,Flop
1134,1134,Bhai Bhai,1997,14 Nov 1997,false,,A,2.69,boi_year_page,0.268,sourced,boi_year_page,0.241,0.295,,,,17.92,boi_header,999133764.0,2.69,50.681,11.8,48.9,0.147,51,1065,1398,1160,1386,false,Average
1135,1135,Bachchhan Paandey,2022,18 Mar 2022,false,,A,49.0,boi_year_page,0.268,sourced,hungama_footfalls,0.241,0.295,,,,158.47,ormax_nett,1425423209.0,1.88,196.317,55.5,48.8,0.238,47,1215,651,950,253,false,Disaster
1136,1136,Life In A Metro,2007,11 May 2007,false,,A,15.83,boi_year_page,0.267,sourced,boi_year_page,0.24,0.293,0.267,hungama_footfalls,,60.73,boi_header,1190676028.0,2.24,82.242,42.8,48.6,0.29,50,1143,790,851,617,false,Semi Hit
1137,1137,Soorma,2018,13 Jul 2018,false,,A,32.12,boi_year_page,0.266,sourced,boi_year_page,0.239,0.292,0.266,hungama_footfalls,,118.2,derived_boi_matched_n47,1374659067.0,1.93,158.226,45.2,48.4,0.197,50,1198,775,1035,361,false,Flop
1138,1138,Raja Natwarlal,2014,29 Aug 2014,false,,A,,,0.266,sourced,boi_year_page,0.239,0.292,,,,117.89,boi_header,1312277184.0,2.03,133.849,,48.4,,50,1183,,,,false,
1139,1139,Officer,2001,2 Mar 2001,false,,A,3.71,boi_year_page,0.264,sourced,boi_year_page,0.238,0.291,,,,26.66,boi_header,1077898579.0,2.45,62.017,13.3,48.1,0.19,50,1102,1349,1049,1258,false,Flop
1140,1140,Aksar,2006,3 Feb 2006,false,,A,8.58,boi_year_page,0.263,sourced,boi_year_page,0.237,0.29,0.263,hungama_footfalls,,53.91,boi_header,1172878888.0,2.24,78.334,24.4,48.0,0.168,50,1141,1062,1102,862,false,Semi Hit
1141,1141,Hello,2008,10 Oct 2008,false,,A,12.11,boi_year_page,0.262,sourced,boi_year_page,0.236,0.289,0.262,hungama_footfalls,,69.76,boi_header,1207930960.0,2.17,89.379,30.1,47.8,0.217,50,1155,958,995,713,false,Flop
1142,1142,Kisna,2005,21 Jan 2005,false,,A,,,0.262,sourced,boi_year_page,0.236,0.288,0.262,hungama_footfalls,,49.16,boi_header,1154676321.0,2.27,73.99,,47.8,,50,1133,,,,false,
1143,1143,Loha,1997,17 Oct 1997,false,,A,2.3,boi_year_page,0.262,sourced,boi_year_page,0.236,0.288,1.262,hungama_footfalls,,17.92,boi_header,999133764.0,2.62,50.681,10.1,47.7,0.126,51,1077,1463,1222,1437,false,Below Average
1144,1144,Panipat,2019,6 Dec 2019,false,,A,34.39,boi_year_page,0.262,sourced,boi_year_page,0.236,0.288,0.262,hungama_footfalls,,133.83,derived_boi_matched_n48,1389030307.0,1.88,164.163,46.6,47.7,0.175,50,1214,750,1083,337,false,Disaster
1145,1145,Sanam Re,2016,12 Feb 2016,false,,A,21.56,boi_year_page,0.262,sourced,boi_year_page,0.235,0.288,,,,131.57,boi_header,1343944296.0,1.95,147.346,32.5,47.7,0.19,48,1194,918,1051,502,false,Flop
1146,1146,Daawat E Ishq,2014,19 Sep 2014,false,,A,25.58,boi_year_page,0.261,sourced,boi_year_page,0.235,0.288,,,,117.89,boi_header,1312277184.0,1.99,133.849,42.5,47.6,0.203,50,1187,798,1020,434,false,Flop
1147,1147,Military Raaj,1998,27 Feb 1998,false,,A,2.56,boi_year_page,0.261,sourced,boi_year_page,0.235,0.287,,,,19.66,boi_header,1018665080.0,2.56,53.627,10.6,47.6,0.158,50,1090,1441,1130,1399,false,Flop
1148,1148,God And Gun,1995,5 May 1995,false,,A,1.86,boi_year_page,0.261,sourced,boi_year_page,0.235,0.287,,,,14.37,boi_header,960301046.0,2.72,46.391,8.9,47.6,0.117,50,1060,1498,1250,1485,false,Flop
1149,1149,Rocky Handsome,2016,24 Mar 2016,false,,A,22.04,boi_year_page,0.261,sourced,boi_year_page,0.234,0.287,,,,131.57,boi_header,1343944296.0,1.94,147.346,33.3,47.5,0.194,48,1196,912,1040,493,false,Flop
1150,1150,Armaan,2003,16 May 2003,false,,A,6.82,boi_year_page,0.26,sourced,boi_year_page,0.234,0.286,0.26,hungama_footfalls,,35.77,boi_header,1116803000.0,2.33,66.935,22.7,47.4,0.34,50,1123,1098,763,959,false,Flop
1151,1151,8 x 10 Tasveer,2009,3 Apr 2009,false,,A,15.41,boi_year_page,0.26,sourced,boi_year_page,0.234,0.286,0.26,hungama_footfalls,,78.63,boi_header,1225524764.0,2.12,91.27,37.6,47.3,0.324,50,1167,861,800,624,false,Disaster
1152,1152,Vishwasghaat,1996,19 Jan 1996,false,,A,2.09,boi_year_page,0.259,sourced,boi_year_page,0.233,0.285,,,,15.7,boi_header,979678460.0,2.64,48.462,9.6,47.2,0.147,50,1074,1476,1159,1463,false,Flop
1153,1153,Paandav,1995,3 Mar 1995,false,,A,1.73,boi_year_page,0.259,sourced,boi_year_page,0.233,0.284,,,,14.37,boi_header,960301046.0,2.69,46.391,8.3,47.1,0.109,50,1062,1514,1271,1506,false,Flop
1154,1154,Dum Laga Ke Haisha,2015,27 Feb 2015,false,,A,30.26,boi_year_page,0.258,sourced,boi_year_page,0.232,0.284,0.258,hungama_footfalls,,125.97,boi_header,1328024494.0,1.94,140.363,48.0,47.0,0.234,50,1195,735,959,385,false,Semi Hit
1155,1155,Happy Bhaag Jayegi,2016,19 Aug 2016,false,,A,28.19,boi_year_page,0.258,sourced,boi_year_page,0.232,0.283,,,,131.57,boi_header,1343944296.0,1.92,147.346,42.6,46.9,0.248,48,1206,797,935,406,false,Average
1156,1156,Tom Dick and Harry,2006,12 May 2006,false,,A,9.22,boi_year_page,0.257,sourced,boi_year_page,0.232,0.283,0.257,hungama_footfalls,,53.91,boi_header,1172878888.0,2.19,78.334,26.2,46.9,0.18,50,1150,1034,1069,829,false,Average
1157,1157,Gunehgar,1995,6 Jan 1995,false,,A,,,0.257,sourced,boi_year_page,0.231,0.283,,,,14.37,boi_header,960301046.0,2.68,46.391,,46.8,,50,1068,,,,false,
1158,1158,Gundagardi,1997,6 Jun 1997,false,,A,2.25,boi_year_page,0.257,sourced,boi_year_page,0.231,0.283,,,,17.92,boi_header,999133764.0,2.57,50.681,9.9,46.8,0.123,51,1088,1467,1231,1443,false,Flop
1159,1159,Aazmayish,1995,21 Apr 1995,false,,A,1.85,boi_year_page,0.257,sourced,boi_year_page,0.231,0.283,,,,14.37,boi_header,960301046.0,2.68,46.391,8.8,46.8,0.116,50,1069,1501,1255,1487,false,Flop
1160,1160,Elaan,2005,14 Jan 2005,false,,A,,,0.256,sourced,boi_year_page,0.231,0.282,0.256,hungama_footfalls,,49.16,boi_header,1154676321.0,2.22,73.99,,46.7,,50,1145,,,,false,
1161,1161,Dum,2003,24 Jan 2003,false,,A,5.03,boi_year_page,0.255,sourced,boi_year_page,0.23,0.281,0.255,hungama_footfalls,,35.77,boi_header,1116803000.0,2.29,66.935,16.7,46.5,0.251,50,1129,1254,929,1114,false,Flop
1162,1162,Pagalpanti,2019,22 Nov 2019,false,,A,33.93,boi_year_page,0.255,sourced,boi_year_page,0.229,0.28,0.255,hungama_footfalls,,133.83,derived_boi_matched_n48,1389030307.0,1.83,164.163,46.0,46.4,0.172,50,1224,764,1090,344,false,Disaster
1163,1163,Angaaray,1998,24 Jul 1998,false,,A,2.83,boi_year_page,0.253,sourced,boi_year_page,0.227,0.278,,,,19.66,boi_header,1018665080.0,2.48,53.627,11.7,46.0,0.175,50,1098,1401,1084,1366,false,Flop
1164,1164,Talvar,2015,2 Oct 2015,false,,A,30.36,boi_year_page,0.252,sourced,boi_year_page,0.227,0.277,0.252,hungama_footfalls,,125.97,boi_header,1328024494.0,1.9,140.363,48.1,45.9,0.234,50,1208,734,957,383,false,Semi Hit
1165,1165,Kaun?,1999,26 Feb 1999,false,,A,3.95,boi_year_page,0.252,sourced,boi_year_page,0.227,0.277,,,,21.51,boi_header,1038225822.0,2.42,55.515,15.8,45.9,0.196,51,1106,1277,1036,1231,false,Below Average
1166,1166,Rangbaaz,1996,25 Oct 1996,false,,A,2.1,boi_year_page,0.252,sourced,boi_year_page,0.227,0.277,,,,15.7,boi_header,979678460.0,2.57,48.462,9.6,45.9,0.147,50,1089,1475,1158,1462,false,Flop
1167,1167,7 Khoon Maaf,2011,18 Feb 2011,false,,A,19.26,boi_year_page,0.251,sourced,boi_year_page,0.226,0.276,0.251,hungama_footfalls,,95.48,boi_header,1261224956.0,1.99,109.803,39.0,45.7,0.205,50,1190,839,1016,548,false,Flop
1168,1168,Saheb Biwi Aur Gangster Returns,2013,8 Mar 2013,false,,A,21.27,boi_year_page,0.251,sourced,boi_year_page,0.226,0.276,,,,109.75,boi_header,1295829507.0,1.93,125.531,37.7,45.7,0.191,50,1197,858,1045,508,false,Below Average
1169,1169,2001 - Do Hazaar Ek,1998,20 Feb 1998,false,,A,2.54,boi_year_page,0.251,sourced,boi_year_page,0.226,0.276,,,,19.66,boi_header,1018665080.0,2.46,53.627,10.5,45.7,0.157,50,1101,1446,1136,1403,false,Flop
1170,1170,Finding Fanny,2014,12 Sep 2014,false,,A,28.23,boi_year_page,0.25,sourced,boi_year_page,0.225,0.275,,,,117.89,boi_header,1312277184.0,1.91,133.849,46.9,45.6,0.224,50,1207,746,983,404,false,Flop
1171,1171,Phillauri,2017,24 Mar 2017,false,,A,25.03,boi_year_page,0.25,sourced,boi_year_page,0.225,0.274,0.25,hungama_footfalls,,134.38,boi_header,1359657398.0,1.84,152.254,36.6,45.5,0.192,50,1222,879,1044,443,false,Flop
1172,1172,Yugpurush,1998,27 Mar 1998,false,,A,,,0.249,sourced,boi_year_page,0.224,0.274,,,,19.66,boi_header,1018665080.0,2.45,53.627,,45.4,,50,1103,,,,false,
1173,1173,Do Aankhen Barah Haath,1997,11 Jul 1997,false,,A,2.39,boi_year_page,0.248,sourced,boi_year_page,0.223,0.273,,,,17.92,boi_header,999133764.0,2.48,50.681,10.5,45.2,0.13,51,1097,1450,1206,1430,false,Flop
1174,1174,Tango Charlie,2005,25 Mar 2005,false,,A,,,0.248,sourced,boi_year_page,0.223,0.273,0.248,hungama_footfalls,,49.16,boi_header,1154676321.0,2.15,73.99,,45.2,,50,1159,,,,false,
1175,1175,Rudraksh,2004,13 Feb 2004,false,,A,5.9,boi_year_page,0.247,sourced,boi_year_page,0.222,0.272,0.247,hungama_footfalls,,42.14,boi_header,1135991509.0,2.18,70.817,18.5,45.0,0.239,50,1153,1203,946,1041,false,Disaster
1176,1176,Antim - The Final Truth,2021,26 Nov 2021,false,,A,38.08,boi_year_page,0.247,sourced,hungama_footfalls,0.222,0.272,,,,145.27,interpolated,1414203896.0,1.75,184.029,46.0,45.0,1.501,12,1240,761,78,320,false,Flop
1177,1177,Judgementall Hai Kya,2019,26 Jul 2019,false,,A,33.95,boi_year_page,0.247,sourced,boi_year_page,0.222,0.271,,,,133.83,derived_boi_matched_n48,1389030307.0,1.78,164.163,46.0,44.9,0.172,50,1234,763,1088,343,false,Flop
1178,1178,Kyun! Ho Gaya Na....,2004,13 Aug 2004,false,,A,7.88,boi_year_page,0.246,sourced,boi_year_page,0.222,0.271,0.246,hungama_footfalls,,42.14,boi_header,1135991509.0,2.17,70.817,24.8,44.9,0.319,50,1156,1054,809,899,false,Flop
1179,1179,Sarabjit,2016,20 May 2016,false,,A,25.7,boi_year_page,0.246,sourced,boi_year_page,0.222,0.271,,,,131.57,boi_header,1343944296.0,1.83,147.346,38.8,44.9,0.226,48,1225,843,976,430,false,Flop
1180,1180,Shera,1999,5 Feb 1999,false,,A,2.62,boi_year_page,0.246,sourced,boi_year_page,0.221,0.271,,,,21.51,boi_header,1038225822.0,2.37,55.515,10.5,44.8,0.13,51,1116,1451,1207,1395,false,Flop
1181,1181,Insan,2005,14 Jan 2005,false,,A,,,0.245,sourced,boi_year_page,0.22,0.269,0.245,hungama_footfalls,,49.16,boi_header,1154676321.0,2.12,73.99,,44.6,,50,1165,,,,false,
1182,1182,Dil Ne Jise Apna Kahaa,2004,10 Sep 2004,false,,A,6.85,boi_year_page,0.245,sourced,boi_year_page,0.22,0.269,0.245,hungama_footfalls,,42.14,boi_header,1135991509.0,2.15,70.817,21.5,44.6,0.278,50,1157,1133,881,956,false,Flop
1183,1183,Bhoot Part One - The Haunted Ship,2020,21 Feb 2020,false,,A,30.69,boi_year_page,0.245,sourced,boi_year_page,0.22,0.269,0.24,hungama_footfalls,,133.16,derived_boi_matched_n41,1402617694.0,1.74,175.025,39.0,44.6,0.521,44,1241,840,546,379,false,Flop
1184,1184,Murder 3,2013,15 Feb 2013,false,,A,18.51,boi_year_page,0.245,sourced,boi_year_page,0.22,0.269,,,,109.75,boi_header,1295829507.0,1.89,125.531,32.8,44.5,0.167,50,1211,916,1104,562,false,Flop
1185,1185,Silsila Hai Pyar Ka,1999,16 Apr 1999,false,,A,,,0.245,sourced,boi_year_page,0.22,0.269,,,,21.51,boi_header,1038225822.0,2.35,55.515,,44.5,,51,1119,,,,false,
1186,1186,Love Story 2050,2008,4 Jul 2008,false,,A,11.01,boi_year_page,0.244,sourced,boi_year_page,0.219,0.268,0.244,hungama_footfalls,,69.76,boi_header,1207930960.0,2.02,89.379,27.4,44.4,0.197,50,1184,1006,1033,750,false,Disaster
1187,1187,Nautanki Saala,2013,12 Apr 2013,false,,A,22.32,boi_year_page,0.243,sourced,boi_year_page,0.219,0.267,,,,109.75,boi_header,1295829507.0,1.88,125.531,39.6,44.3,0.201,50,1217,836,1023,489,false,Below Average
1188,1188,Gunaah,2002,20 Sep 2002,false,,A,4.49,boi_year_page,0.243,sourced,boi_year_page,0.219,0.267,,,,29.98,boi_header,1097600380.0,2.21,63.552,15.7,44.2,0.275,50,1148,1279,891,1177,false,Flop
1189,1189,Yeh Teraa Ghar Yeh Meraa Ghar,2001,12 Oct 2001,false,,A,3.87,boi_year_page,0.242,sourced,boi_year_page,0.218,0.266,,,,26.66,boi_header,1077898579.0,2.24,62.017,13.9,44.1,0.199,50,1142,1332,1030,1241,false,Flop
1190,1190,Jazbaa,2015,9 Oct 2015,false,,A,22.48,boi_year_page,0.242,sourced,boi_year_page,0.217,0.266,0.242,hungama_footfalls,,125.97,boi_header,1328024494.0,1.82,140.363,35.6,44.0,0.173,50,1228,890,1086,483,false,Flop
1191,1191,Khoobsurat,2014,19 Sep 2014,false,,A,25.34,boi_year_page,0.241,sourced,boi_year_page,0.217,0.265,0.6,hungama_footfalls,,117.89,boi_header,1312277184.0,1.83,133.849,42.1,43.9,0.201,50,1223,803,1024,438,false,Below Average
1192,1192,Alone,2015,16 Jan 2015,false,,A,18.71,boi_year_page,0.241,sourced,boi_year_page,0.216,0.265,,,,125.97,boi_header,1328024494.0,1.81,140.363,29.7,43.8,0.144,50,1229,967,1169,559,false,Flop
1193,1193,Chakravyuh,2012,24 Oct 2012,false,,A,17.03,boi_year_page,0.24,sourced,boi_year_page,0.216,0.264,,,,101.74,boi_header,1278674501.0,1.88,118.092,32.1,43.8,0.157,50,1216,922,1137,593,false,Flop
1194,1194,Boom,2003,19 Sep 2003,false,,A,6.23,boi_year_page,0.24,sourced,boi_year_page,0.216,0.264,0.24,hungama_footfalls,,35.77,boi_header,1116803000.0,2.15,66.935,20.7,43.7,0.311,50,1158,1150,821,1008,false,Flop
1195,1195,Zeher,2005,25 Mar 2005,false,,A,7.34,boi_year_page,0.239,sourced,boi_year_page,0.215,0.263,,,,49.16,boi_header,1154676321.0,2.07,73.99,22.1,43.6,0.283,50,1175,1115,869,925,false,Average
1196,1196,Ek Paheli Leela,2015,10 Apr 2015,false,,A,18.52,boi_year_page,0.239,sourced,boi_year_page,0.215,0.263,,,,125.97,boi_header,1328024494.0,1.8,140.363,29.3,43.6,0.143,50,1232,969,1170,561,false,Flop
1197,1197,D Day,2013,19 Jul 2013,false,,A,18.42,boi_year_page,0.237,sourced,boi_year_page,0.213,0.261,,,,109.75,boi_header,1295829507.0,1.83,125.531,32.6,43.2,0.166,50,1226,917,1108,563,false,Flop
1198,1198,Zulmi,1999,16 Apr 1999,false,,A,2.74,boi_year_page,0.236,sourced,boi_year_page,0.213,0.26,,,,21.51,boi_header,1038225822.0,2.28,55.515,11.0,43.1,0.136,51,1131,1427,1189,1381,false,Flop
1199,1199,Dev,2004,11 Jun 2004,false,,A,6.83,boi_year_page,0.236,sourced,boi_year_page,0.212,0.26,0.236,hungama_footfalls,,42.14,boi_header,1135991509.0,2.08,70.817,21.5,43.0,0.277,50,1174,1136,883,957,false,Flop
1200,1200,1947 Earth,1999,10 Sep 1999,false,,A,,,0.236,sourced,boi_year_page,0.212,0.259,,,,21.51,boi_header,1038225822.0,2.27,55.515,,43.0,,51,1132,,,,false,
1201,1201,Break Ke Baad,2010,26 Nov 2010,false,,A,16.86,boi_year_page,0.236,sourced,boi_year_page,0.212,0.259,0.236,hungama_footfalls,,88.6,boi_header,1243481565.0,1.9,100.0,37.5,42.9,0.254,50,1209,864,924,599,false,Flop
1202,1202,Dev D,2009,6 Feb 2009,false,,A,15.3,boi_year_page,0.236,sourced,boi_year_page,0.212,0.259,0.236,hungama_footfalls,,78.63,boi_header,1225524764.0,1.92,91.27,37.3,42.9,0.321,50,1201,869,804,629,false,Average
1203,1203,Mard,1998,22 May 1998,false,,A,2.29,boi_year_page,0.235,sourced,boi_year_page,0.212,0.259,,,,19.66,boi_header,1018665080.0,2.31,53.627,9.5,42.8,0.141,50,1128,1479,1177,1440,false,Flop
1204,1204,Gayab,2004,16 Jul 2004,false,,A,7.11,boi_year_page,0.235,sourced,boi_year_page,0.212,0.259,0.235,hungama_footfalls,,42.14,boi_header,1135991509.0,2.07,70.817,22.3,42.8,0.288,50,1177,1108,856,939,false,Below Average
1205,1205,Ittefaq,2017,3 Nov 2017,false,,A,27.52,boi_year_page,0.234,sourced,boi_year_page,0.211,0.258,0.234,hungama_footfalls,,134.38,boi_header,1359657398.0,1.72,152.254,40.2,42.7,0.211,50,1248,832,1007,414,false,Flop
1206,1206,Zilla Ghaziabad,2013,22 Feb 2013,false,,A,15.66,boi_year_page,0.234,sourced,boi_year_page,0.211,0.257,,,,109.75,boi_header,1295829507.0,1.81,125.531,27.7,42.6,0.141,50,1231,998,1178,620,false,Flop
1207,1207,Mrityudand,1997,11 Jul 1997,false,,A,2.6,boi_year_page,0.234,sourced,boi_year_page,0.21,0.257,,,,17.92,boi_header,999133764.0,2.34,50.681,11.4,42.5,0.142,51,1121,1408,1174,1397,false,Flop
1208,1208,1920,2008,12 Sep 2008,false,,A,10.48,boi_year_page,0.232,sourced,boi_year_page,0.208,0.255,0.232,hungama_footfalls,,69.76,boi_header,1207930960.0,1.92,89.379,26.1,42.2,0.188,50,1204,1038,1055,777,false,Average
1209,1209,Jurassic World Dominion (English),2022,10-Jun-2022,false,,A,,,0.23,sourced,hungama_footfalls,0.207,0.253,,,,158.47,ormax_nett,1425423209.0,1.61,196.317,,41.9,,47,1270,,,,false,
1210,1210,Phoonk,2008,22 Aug 2008,false,,A,9.8,boi_year_page,0.229,sourced,boi_year_page,0.206,0.251,,,,69.76,boi_header,1207930960.0,1.89,89.379,24.4,41.6,0.176,50,1210,1060,1080,807,false,Hit
1211,1211,Kyaa Dil Ne Kahaa,2002,28 Jun 2002,false,,A,4.24,boi_year_page,0.229,sourced,boi_year_page,0.206,0.251,,,,29.98,boi_header,1097600380.0,2.08,63.552,14.8,41.6,0.26,50,1172,1302,910,1200,false,Flop
1212,1212,Love Aaj Kal,2020,14 Feb 2020,false,,A,33.4,boi_year_page,0.228,sourced,boi_year_page,0.205,0.251,0.24,hungama_footfalls,,133.16,derived_boi_matched_n41,1402617694.0,1.63,175.025,42.5,41.6,0.567,44,1267,799,497,348,false,Flop
1213,1213,Pari,2018,2 Mar 2018,false,,A,27.57,boi_year_page,0.228,sourced,boi_year_page,0.205,0.25,0.228,hungama_footfalls,,118.2,derived_boi_matched_n47,1374659067.0,1.65,158.226,38.8,41.5,0.169,50,1259,844,1098,413,false,Below Average
1214,1214,Jodidar,1997,5 Sep 1997,false,,A,1.94,boi_year_page,0.226,sourced,boi_year_page,0.204,0.249,,,,17.92,boi_header,999133764.0,2.26,50.681,8.5,41.2,0.106,51,1134,1508,1279,1477,false,Flop
1215,1215,Cirkus,2022,23 Dec 2022,false,,B,35.79,boi_year_page,0.226,derived_nett_over_atp,,0.192,0.26,,,,158.47,ormax_nett,1425423209.0,1.58,196.317,40.6,41.1,0.174,47,1276,824,1085,331,false,
1216,1216,Tezz,2012,27 Apr 2012,false,,A,15.92,boi_year_page,0.226,sourced,boi_year_page,0.203,0.248,,,,101.74,boi_header,1278674501.0,1.77,118.092,30.0,41.1,0.146,50,1236,961,1163,615,false,Disaster
1217,1217,Mehndi,1998,13 Nov 1998,false,,A,2.56,boi_year_page,0.226,sourced,boi_year_page,0.203,0.248,,,,19.66,boi_header,1018665080.0,2.22,53.627,10.6,41.1,0.158,50,1147,1444,1131,1400,false,Below Average
1218,1218,Corporate,2006,7 Jul 2006,false,,A,10.32,boi_year_page,0.226,sourced,boi_year_page,0.203,0.248,0.226,hungama_footfalls,,53.91,boi_header,1172878888.0,1.92,78.334,29.3,41.1,0.202,50,1199,970,1022,786,false,Average
1219,1219,Bbuddah Hoga Terra Baap,2011,1 Jul 2011,false,,A,15.17,boi_year_page,0.225,sourced,boi_year_page,0.203,0.248,0.225,hungama_footfalls,,95.48,boi_header,1261224956.0,1.79,109.803,30.7,41.0,0.161,50,1233,942,1122,634,false,Flop
1220,1220,Kabul Express,2006,15 Dec 2006,false,,A,11.7,boi_year_page,0.225,sourced,boi_year_page,0.202,0.247,0.225,hungama_footfalls,,53.91,boi_header,1172878888.0,1.92,78.334,33.2,41.0,0.229,50,1203,913,968,727,false,Flop
1221,1221,Karzzzz,2008,17 Oct 2008,false,,A,10.34,boi_year_page,0.224,sourced,boi_year_page,0.202,0.247,,,,69.76,boi_header,1207930960.0,1.86,89.379,25.7,40.9,0.185,50,1219,1043,1061,785,false,Disaster
1222,1222,Detective Byomkesh Bakshy,2015,3 Apr 2015,false,,A,26.22,boi_year_page,0.224,sourced,boi_year_page,0.202,0.247,,,,125.97,boi_header,1328024494.0,1.69,140.363,41.6,40.9,0.202,50,1254,812,1021,424,false,Flop
1223,1223,Mastizaade,2016,29 Jan 2016,false,,A,17.72,boi_year_page,0.224,sourced,boi_year_page,0.202,0.247,,,,131.57,boi_header,1343944296.0,1.67,147.346,26.7,40.9,0.156,48,1257,1019,1141,577,false,Flop
1224,1224,Bombay Velvet,2015,15 May 2015,false,,A,22.8,boi_year_page,0.222,sourced,boi_year_page,0.2,0.245,,,,125.97,boi_header,1328024494.0,1.67,140.363,36.1,40.5,0.176,50,1255,883,1078,478,false,Disaster
1225,1225,Kuch Naa Kaho,2003,5 Sep 2003,false,,A,6.46,boi_year_page,0.222,sourced,boi_year_page,0.2,0.245,0.222,hungama_footfalls,,35.77,boi_header,1116803000.0,1.99,66.935,21.5,40.5,0.322,50,1189,1137,802,985,false,Flop
1226,1226,Apne Dam Par,1996,15 Mar 1996,false,,A,1.76,boi_year_page,0.222,sourced,boi_year_page,0.2,0.244,,,,15.7,boi_header,979678460.0,2.26,48.462,8.1,40.4,0.124,50,1136,1516,1229,1496,false,Flop
1227,1227,Muqadama,1996,19 Jul 1996,false,,A,1.82,boi_year_page,0.222,sourced,boi_year_page,0.199,0.244,,,,15.7,boi_header,979678460.0,2.26,48.462,8.4,40.4,0.128,50,1137,1511,1215,1490,false,Flop
1228,1228,Vaastu Shastra,2004,22 Oct 2004,false,,A,6.95,boi_year_page,0.221,sourced,boi_year_page,0.199,0.243,0.221,hungama_footfalls,,42.14,boi_header,1135991509.0,1.95,70.817,21.8,40.3,0.281,50,1193,1120,873,950,false,Below Average
1229,1229,Chandni Bar,2001,28 Sep 2001,false,,A,4.09,boi_year_page,0.221,sourced,boi_year_page,0.199,0.243,,,,26.66,boi_header,1077898579.0,2.05,62.017,14.7,40.2,0.21,50,1181,1308,1008,1211,false,Semi Hit
1230,1230,Katti Batti,2015,18 Sep 2015,false,,A,23.76,boi_year_page,0.219,sourced,boi_year_page,0.197,0.241,,,,125.97,boi_header,1328024494.0,1.65,140.363,37.7,40.0,0.183,50,1260,860,1064,457,false,Flop
1231,1231,Ek Chhotisi Love Story,2002,6 Sep 2002,false,,A,4.84,boi_year_page,0.219,sourced,boi_year_page,0.197,0.241,,,,29.98,boi_header,1097600380.0,2.0,63.552,16.9,40.0,0.297,50,1185,1244,841,1137,false,Hit
1232,1232,Aakrosh,2010,15 Oct 2010,false,,A,13.08,boi_year_page,0.219,sourced,boi_year_page,0.197,0.24,0.271,hungama_footfalls,,88.6,boi_header,1243481565.0,1.76,100.0,29.1,39.8,0.197,50,1239,975,1034,684,false,Disaster
1233,1233,Mr. X,2015,17 Apr 2015,false,,A,19.35,boi_year_page,0.219,sourced,boi_year_page,0.197,0.24,,,,125.97,boi_header,1328024494.0,1.65,140.363,30.7,39.8,0.149,50,1264,943,1153,545,false,Disaster
1234,1234,Koi Mere Dil Se Poochhe,2002,11 Jan 2002,false,,A,3.8,boi_year_page,0.219,sourced,boi_year_page,0.197,0.24,,,,29.98,boi_header,1097600380.0,1.99,63.552,13.3,39.8,0.233,50,1188,1348,961,1245,false,Disaster
1235,1235,Humse Badhkar Kaun,1998,12 Jun 1998,false,,A,2.3,boi_year_page,0.218,sourced,boi_year_page,0.196,0.24,,,,19.66,boi_header,1018665080.0,2.14,53.627,9.5,39.7,0.142,50,1160,1478,1175,1436,false,Flop
1236,1236,Aashiq Banaye Aapne,2005,2 Sep 2005,false,,A,6.38,boi_year_page,0.218,sourced,boi_year_page,0.196,0.24,,,,49.16,boi_header,1154676321.0,1.89,73.99,19.2,39.7,0.246,50,1212,1186,937,994,false,Below Average
1237,1237,Baazaar,2018,26 Oct 2018,false,,A,25.7,boi_year_page,0.217,sourced,boi_year_page,0.195,0.239,0.217,hungama_footfalls,,118.2,derived_boi_matched_n47,1374659067.0,1.58,158.226,36.1,39.6,0.157,50,1280,884,1134,429,false,Flop
1238,1238,Policegiri,2013,5 Jul 2013,false,,A,14.87,boi_year_page,0.216,sourced,boi_year_page,0.195,0.238,,,,109.75,boi_header,1295829507.0,1.67,125.531,26.3,39.4,0.134,50,1256,1028,1196,642,false,Flop
1239,1239,Raabta,2017,9 Jun 2017,false,,A,21.68,boi_year_page,0.216,sourced,boi_year_page,0.194,0.237,0.216,hungama_footfalls,,134.38,boi_header,1359657398.0,1.59,152.254,31.7,39.3,0.166,50,1274,926,1106,498,false,Disaster
1240,1240,Laawaris,1999,5 Mar 1999,false,,A,2.6,boi_year_page,0.216,sourced,boi_year_page,0.194,0.237,,,,21.51,boi_header,1038225822.0,2.08,55.515,10.4,39.3,0.129,51,1173,1453,1211,1396,false,Flop
1241,1241,Parwana,2003,12 Sep 2003,false,,A,4.35,boi_year_page,0.215,sourced,boi_year_page,0.193,0.236,,,,35.77,boi_header,1116803000.0,1.92,66.935,14.5,39.1,0.217,50,1200,1317,993,1185,false,Flop
1242,1242,Ok Jaanu,2017,13 Jan 2017,false,,A,21.32,boi_year_page,0.214,sourced,boi_year_page,0.193,0.236,0.214,hungama_footfalls,,134.38,boi_header,1359657398.0,1.58,152.254,31.2,39.0,0.163,50,1281,937,1116,507,false,Flop
1243,1243,Chhapaak,2020,10 Jan 2020,false,,A,32.55,boi_year_page,0.214,sourced,boi_year_page,0.192,0.235,0.214,hungama_footfalls,,133.16,derived_boi_matched_n41,1402617694.0,1.52,175.025,41.4,38.9,0.552,44,1290,816,507,358,false,Flop
1244,1244,Aisha,2010,6 Aug 2010,false,,A,15.78,boi_year_page,0.214,sourced,boi_year_page,0.192,0.235,0.214,hungama_footfalls,,88.6,boi_header,1243481565.0,1.72,100.0,35.1,38.9,0.238,50,1250,896,952,618,false,Flop
1245,1245,Kismat,2004,20 Feb 2004,false,,A,4.91,boi_year_page,0.213,sourced,boi_year_page,0.191,0.234,0.338,hungama_footfalls,,42.14,boi_header,1135991509.0,1.87,70.817,15.4,38.7,0.199,50,1218,1285,1028,1131,false,Disaster
1246,1246,Gunda,1998,4 Sep 1998,false,,A,2.13,boi_year_page,0.213,sourced,boi_year_page,0.191,0.234,,,,19.66,boi_header,1018665080.0,2.09,53.627,8.9,38.7,0.132,50,1171,1500,1204,1459,false,Flop
1247,1247,Shamitabh,2015,6 Feb 2015,false,,A,21.75,boi_year_page,0.211,sourced,boi_year_page,0.189,0.232,,,,125.97,boi_header,1328024494.0,1.59,140.363,34.5,38.4,0.168,50,1275,900,1103,497,false,Disaster
1248,1248,Kalyug,2005,9 Dec 2005,false,,A,7.21,boi_year_page,0.21,sourced,boi_year_page,0.189,0.231,,,,49.16,boi_header,1154676321.0,1.82,73.99,21.7,38.3,0.278,50,1227,1128,880,932,false,Semi Hit
1249,1249,Samrat Prithviraj,2022,3 Jun 2022,false,,A,68.07,boi_year_page,0.21,sourced,hungama_footfalls,0.189,0.231,,,,158.47,ormax_nett,1425423209.0,1.47,196.317,77.1,38.3,0.331,47,1299,458,783,183,false,Disaster
1250,1250,Pyaar Ishq Aur Mohabbat,2001,3 Aug 2001,false,,A,3.32,boi_year_page,0.21,sourced,boi_year_page,0.189,0.231,,,,26.66,boi_header,1077898579.0,1.95,62.017,11.9,38.2,0.17,50,1192,1393,1094,1297,false,Disaster
1251,1251,Thank God,2022,25 Oct 2022,false,,B,32.99,boi_year_page,0.208,derived_nett_over_atp,,0.177,0.239,,,,158.47,ormax_nett,1425423209.0,1.46,196.317,37.4,37.9,0.16,47,1303,867,1126,352,false,
1252,1252,Happy Ending,2014,21 Nov 2014,false,,A,,,0.208,sourced,boi_year_page,0.187,0.228,,,,117.89,boi_header,1312277184.0,1.58,133.849,,37.8,,50,1278,,,,false,
1253,1253,Mission Raniganj,2023,6 Oct 2023,false,,B,34.33,boi_year_page,0.207,derived_nett_over_atp,,0.176,0.238,,,,166.1,ormax_nett,1438069597.0,1.44,207.414,36.8,37.7,0.143,29,1304,876,1171,338,false,
1254,1254,Honeymoon Travels Pvt. Ltd.,2007,23 Feb 2007,false,,A,11.62,boi_year_page,0.206,sourced,boi_year_page,0.185,0.226,0.206,hungama_footfalls,,60.73,boi_header,1190676028.0,1.73,82.242,31.4,37.5,0.213,50,1246,932,1001,730,false,Average
1255,1255,Madgaon Express,2024,22 Mar 2024,false,,B,35.73,boi_year_page,0.205,derived_nett_over_atp,,0.175,0.236,,,,173.97,interpolated,1451098474.0,1.42,217.735,36.5,37.4,0.153,17,1314,881,1151,332,false,
1256,1256,Rangoon,2017,24 Feb 2017,false,,A,20.87,boi_year_page,0.205,sourced,boi_year_page,0.184,0.225,,,,134.38,boi_header,1359657398.0,1.51,152.254,30.5,37.3,0.16,50,1295,947,1127,513,false,Disaster
1257,1257,Badhaai Ho Badhaai,2002,14 Jun 2002,false,,A,3.79,boi_year_page,0.204,sourced,boi_year_page,0.183,0.224,,,,29.98,boi_header,1097600380.0,1.85,63.552,13.3,37.1,0.232,50,1220,1350,963,1247,false,Disaster
1258,1258,Ek Ajnabee,2005,9 Dec 2005,false,,A,6.94,boi_year_page,0.204,sourced,boi_year_page,0.183,0.224,,,,49.16,boi_header,1154676321.0,1.76,73.99,20.9,37.1,0.267,50,1238,1147,903,951,false,Flop
1259,1259,Zubeidaa,2001,19 Jan 2001,false,,A,3.48,boi_year_page,0.203,sourced,boi_year_page,0.183,0.224,,,,26.66,boi_header,1077898579.0,1.89,62.017,12.5,37.0,0.179,50,1213,1375,1072,1285,false,Disaster
1260,1260,The Attacks Of 26/11,2013,1 Mar 2013,false,,A,15.42,boi_year_page,0.202,sourced,boi_year_page,0.182,0.222,,,,109.75,boi_header,1295829507.0,1.56,125.531,27.3,36.8,0.139,50,1283,1007,1186,622,false,Flop
1261,1261,The Lunchbox,2013,20 Sep 2013,false,,A,20.85,boi_year_page,0.201,sourced,boi_year_page,0.181,0.222,,,,109.75,boi_header,1295829507.0,1.55,125.531,37.0,36.7,0.188,50,1284,872,1056,514,false,Average
1262,1262,Begum Jaan,2017,14 Apr 2017,false,,A,20.05,boi_year_page,0.199,sourced,boi_year_page,0.179,0.219,,,,134.38,boi_header,1359657398.0,1.47,152.254,29.3,36.3,0.154,50,1301,971,1150,533,false,Flop
1263,1263,Rakht,2004,3 Sep 2004,false,,A,5.34,boi_year_page,0.198,sourced,boi_year_page,0.178,0.218,0.198,hungama_footfalls,,42.14,boi_header,1135991509.0,1.74,70.817,16.8,36.1,0.216,50,1242,1249,996,1085,false,Disaster
1264,1264,Lakeer,2004,14 May 2004,false,,A,4.8,boi_year_page,0.198,sourced,boi_year_page,0.178,0.218,0.198,hungama_footfalls,,42.14,boi_header,1135991509.0,1.74,70.817,15.1,36.1,0.194,50,1243,1291,1039,1144,false,Disaster
1265,1265,Chocolate,2005,23 Sep 2005,false,,A,6.64,boi_year_page,0.198,sourced,boi_year_page,0.178,0.217,,,,49.16,boi_header,1154676321.0,1.71,73.99,20.0,36.0,0.256,50,1252,1167,921,973,false,Flop
1266,1266,Junglee,2019,29 Mar 2019,false,,A,22.93,boi_year_page,0.197,sourced,boi_year_page,0.178,0.217,0.197,hungama_footfalls,,133.83,derived_boi_matched_n48,1389030307.0,1.42,164.163,31.1,35.9,0.116,50,1310,939,1252,474,false,Flop
1267,1267,Darna Mana Hai,2003,25 Jul 2003,false,,A,5.15,boi_year_page,0.197,sourced,boi_year_page,0.177,0.217,,,,35.77,boi_header,1116803000.0,1.76,66.935,17.1,35.9,0.257,50,1237,1237,920,1107,false,Flop
1268,1268,Hitler,1998,15 May 1998,false,,A,,,0.196,sourced,boi_year_page,0.176,0.215,,,,19.66,boi_header,1018665080.0,1.92,53.627,,35.6,,50,1202,,,,false,
1269,1269,Manmarziyan,2018,14 Sep 2018,false,,A,25.58,boi_year_page,0.195,sourced,boi_year_page,0.176,0.215,0.195,hungama_footfalls,,118.2,derived_boi_matched_n47,1374659067.0,1.42,158.226,36.0,35.6,0.156,50,1311,887,1139,435,false,Flop
1270,1270,The Ghazi Attack,2017,17 Feb 2017,false,,A,20.14,boi_year_page,0.195,sourced,boi_year_page,0.176,0.215,,,,134.38,boi_header,1359657398.0,1.44,152.254,29.4,35.6,0.154,50,1305,968,1147,531,false,Average
1271,1271,Tirchhi Topiwale,1998,11 Sep 1998,false,,A,2.26,boi_year_page,0.195,sourced,boi_year_page,0.176,0.215,,,,19.66,boi_header,1018665080.0,1.92,53.627,9.4,35.6,0.139,50,1205,1481,1184,1441,false,Flop
1272,1272,PM Narendra Modi,2019,24 May 2019,false,,A,22.42,boi_year_page,0.195,sourced,boi_year_page,0.176,0.215,,,,133.83,derived_boi_matched_n48,1389030307.0,1.4,164.163,30.4,35.5,0.114,50,1318,952,1263,487,false,Flop
1273,1273,Thappad,2020,28 Feb 2020,false,,A,29.7,boi_year_page,0.195,sourced,boi_year_page,0.176,0.215,0.195,hungama_footfalls,,133.16,derived_boi_matched_n41,1402617694.0,1.39,175.025,37.8,35.5,0.504,44,1325,857,557,390,false,Flop
1274,1274,Hate Story 4,2018,9 Mar 2018,false,,A,19.6,boi_year_page,0.195,sourced,boi_year_page,0.175,0.214,,,,118.2,derived_boi_matched_n47,1374659067.0,1.42,158.226,27.6,35.5,0.12,50,1313,1003,1238,537,false,Below Average
1275,1275,Tera Mera Saath Rahen,2001,16 Nov 2001,false,,A,3.04,boi_year_page,0.195,sourced,boi_year_page,0.175,0.214,,,,26.66,boi_header,1077898579.0,1.81,62.017,10.9,35.5,0.156,50,1230,1430,1140,1340,false,Disaster
1276,1276,Ab Ke Baras,2002,10 May 2002,false,,A,3.09,boi_year_page,0.194,sourced,boi_year_page,0.175,0.214,,,,29.98,boi_header,1097600380.0,1.77,63.552,10.8,35.4,0.189,50,1235,1436,1052,1332,false,Flop
1277,1277,Run,2004,14 May 2004,false,,A,4.75,boi_year_page,0.194,sourced,boi_year_page,0.174,0.213,,,,42.14,boi_header,1135991509.0,1.7,70.817,14.9,35.3,0.192,50,1253,1298,1043,1152,false,Flop
1278,1278,Awarapan,2007,29 Jun 2007,false,,A,7.76,boi_year_page,0.192,sourced,boi_year_page,0.173,0.211,0.192,hungama_footfalls,,60.73,boi_header,1190676028.0,1.61,82.242,21.0,35.0,0.142,50,1271,1146,1173,903,false,Disaster
1279,1279,Naksha,2006,8 Sep 2006,false,,A,6.61,boi_year_page,0.192,sourced,boi_year_page,0.173,0.211,0.192,hungama_footfalls,,53.91,boi_header,1172878888.0,1.64,78.334,18.8,34.9,0.129,50,1265,1195,1210,977,false,Disaster
1280,1280,D,2005,3 Jun 2005,false,,A,5.94,boi_year_page,0.191,sourced,boi_year_page,0.172,0.211,,,,49.16,boi_header,1154676321.0,1.66,73.99,17.8,34.9,0.229,50,1258,1225,969,1035,false,Flop
1281,1281,Out Of Control,2003,21 Nov 2003,false,,A,4.77,boi_year_page,0.191,sourced,boi_year_page,0.172,0.21,,,,35.77,boi_header,1116803000.0,1.71,66.935,15.9,34.9,0.238,50,1251,1275,949,1146,false,Flop
1282,1282,Drona,2008,2 Oct 2008,false,,A,8.97,boi_year_page,0.191,sourced,boi_year_page,0.172,0.21,,,,69.76,boi_header,1207930960.0,1.58,89.379,22.3,34.8,0.161,50,1279,1109,1123,844,false,Disaster
1283,1283,Vaada,2005,7 Jan 2005,false,,A,5.41,boi_year_page,0.191,sourced,boi_year_page,0.172,0.21,,,,49.16,boi_header,1154676321.0,1.65,73.99,16.3,34.7,0.209,50,1261,1262,1012,1079,false,Flop
1284,1284,Luck By Chance,2009,30 Jan 2009,false,,A,12.25,boi_year_page,0.19,sourced,boi_year_page,0.171,0.209,0.19,hungama_footfalls,,78.63,boi_header,1225524764.0,1.55,91.27,29.9,34.6,0.257,50,1285,963,918,710,false,Flop
1285,1285,1920 London,2016,6 May 2016,false,,A,15.35,boi_year_page,0.189,sourced,boi_year_page,0.17,0.208,,,,131.57,boi_header,1343944296.0,1.4,147.346,23.2,34.4,0.135,48,1319,1089,1192,626,false,Flop
1286,1286,Ram Gopal Varma Ki Aag,2007,31 Aug 2007,false,,A,7.39,boi_year_page,0.188,sourced,boi_year_page,0.169,0.207,0.188,hungama_footfalls,,60.73,boi_header,1190676028.0,1.58,82.242,20.0,34.3,0.135,50,1277,1165,1191,922,false,Disaster
1287,1287,The Shaukeens,2014,7 Nov 2014,false,,A,18.35,boi_year_page,0.188,sourced,boi_year_page,0.169,0.207,,,,117.89,boi_header,1312277184.0,1.43,133.849,30.5,34.2,0.145,50,1306,948,1167,566,false,Flop
1288,1288,Ustadon Ke Ustad,1998,20 Mar 1998,false,,A,,,0.188,sourced,boi_year_page,0.169,0.206,,,,19.66,boi_header,1018665080.0,1.84,53.627,,34.2,,50,1221,,,,false,
1289,1289,Hum Ho Gaye Aapke,2001,3 Aug 2001,false,,A,2.89,boi_year_page,0.187,sourced,boi_year_page,0.168,0.206,,,,26.66,boi_header,1077898579.0,1.74,62.017,10.4,34.1,0.149,50,1244,1455,1156,1360,false,Disaster
1290,1290,Hate Story,2012,20 Apr 2012,false,,A,12.02,boi_year_page,0.187,sourced,boi_year_page,0.168,0.205,,,,101.74,boi_header,1278674501.0,1.46,118.092,22.6,34.0,0.111,50,1302,1099,1268,716,false,Average
1291,1291,Creature 3D,2014,12 Sep 2014,false,,A,14.51,boi_year_page,0.185,sourced,boi_year_page,0.167,0.204,,,,117.89,boi_header,1312277184.0,1.41,133.849,24.1,33.8,0.115,50,1316,1069,1259,648,false,Flop
1292,1292,Shikhar,2005,30 Dec 2005,false,,A,,,0.185,sourced,boi_year_page,0.167,0.204,,,,49.16,boi_header,1154676321.0,1.6,73.99,,33.7,,50,1273,,,,false,
1293,1293,Ungli,2014,28 Nov 2014,false,,A,,,0.185,sourced,boi_year_page,0.167,0.204,,,,117.89,boi_header,1312277184.0,1.41,133.849,,33.7,,50,1317,,,,false,
1294,1294,Shehzada,2023,17 Feb 2023,false,,B,30.63,boi_year_page,0.184,derived_nett_over_atp,,0.157,0.212,,,,166.1,ormax_nett,1438069597.0,1.28,207.414,32.9,33.6,0.127,29,1353,914,1218,380,false,
1295,1295,Footpath,2003,15 Aug 2003,false,,A,4.14,boi_year_page,0.184,sourced,boi_year_page,0.166,0.203,,,,35.77,boi_header,1116803000.0,1.65,66.935,13.8,33.6,0.207,50,1262,1339,1014,1207,false,Flop
1296,1296,Zanjeer,2013,6 Sep 2013,false,,A,,,0.184,sourced,boi_year_page,0.166,0.202,,,,109.75,boi_header,1295829507.0,1.42,125.531,,33.5,,50,1312,,,,false,
1297,1297,Paan Singh Tomar,2012,2 Mar 2012,false,,A,14.62,boi_year_page,0.183,sourced,boi_year_page,0.165,0.201,,,,101.74,boi_header,1278674501.0,1.43,118.092,27.5,33.3,0.134,50,1307,1004,1194,646,false,Semi Hit
1298,1298,Newton,2017,22 Sep 2017,false,,A,22.19,boi_year_page,0.183,sourced,boi_year_page,0.164,0.201,,,,134.38,boi_header,1359657398.0,1.34,152.254,32.4,33.3,0.17,50,1337,921,1096,490,false,Semi Hit
1299,1299,Department,2012,18 May 2012,false,,A,11.89,boi_year_page,0.183,sourced,boi_year_page,0.164,0.201,,,,101.74,boi_header,1278674501.0,1.43,118.092,22.4,33.3,0.109,50,1309,1105,1270,721,false,Disaster
1300,1300,Hawa,2003,4 Jul 2003,false,,A,3.76,boi_year_page,0.182,sourced,boi_year_page,0.164,0.2,,,,35.77,boi_header,1116803000.0,1.63,66.935,12.5,33.2,0.187,50,1266,1374,1057,1251,false,Below Average
1301,1301,Uunchai,2022,11 Nov 2022,false,,B,28.7,boi_year_page,0.181,derived_nett_over_atp,,0.154,0.208,,,,158.47,ormax_nett,1425423209.0,1.27,196.317,32.5,33.0,0.139,47,1356,920,1185,401,false,
1302,1302,Traffic Signal,2007,2 Feb 2007,false,,A,8.48,boi_year_page,0.18,sourced,boi_year_page,0.162,0.198,0.18,hungama_footfalls,,60.73,boi_header,1190676028.0,1.51,82.242,22.9,32.7,0.155,50,1293,1095,1142,872,false,Average
1303,1303,Shaka Laka Boom Boom,2007,6 Apr 2007,false,,A,6.78,boi_year_page,0.18,sourced,boi_year_page,0.162,0.198,,,,60.73,boi_header,1190676028.0,1.51,82.242,18.3,32.7,0.124,50,1294,1209,1228,965,false,Flop
1304,1304,Anthony Kaun Hai?,2006,4 Aug 2006,false,,A,6.17,boi_year_page,0.179,sourced,boi_year_page,0.161,0.197,0.179,hungama_footfalls,,53.91,boi_header,1172878888.0,1.53,78.334,17.5,32.6,0.121,50,1289,1231,1235,1015,false,Disaster
1305,1305,Good Boy Bad Boy,2007,11 May 2007,false,,A,7.25,boi_year_page,0.179,sourced,boi_year_page,0.161,0.197,,,,60.73,boi_header,1190676028.0,1.5,82.242,19.6,32.6,0.133,50,1296,1180,1199,929,false,Flop
1306,1306,De Taali,2008,20 Jun 2008,false,,A,8.49,boi_year_page,0.179,sourced,boi_year_page,0.161,0.196,,,,69.76,boi_header,1207930960.0,1.48,89.379,21.1,32.5,0.152,50,1298,1141,1152,871,false,Flop
1307,1307,Madaari,2016,22 Jul 2016,false,,A,17.79,boi_year_page,0.177,sourced,boi_year_page,0.16,0.195,,,,131.57,boi_header,1343944296.0,1.32,147.346,26.9,32.3,0.157,48,1343,1015,1138,574,false,Flop
1308,1308,Srikanth,2024,3 May 2024,false,,B,30.69,boi_year_page,0.176,derived_nett_over_atp,,0.15,0.203,,,,173.97,interpolated,1451098474.0,1.22,217.735,31.4,32.1,0.131,17,1370,934,1205,378,false,
1309,1309,Sham Ghansham,1998,29 May 1998,false,,A,,,0.176,sourced,boi_year_page,0.158,0.194,,,,19.66,boi_header,1018665080.0,1.73,53.627,,32.1,,50,1245,,,,false,
1310,1310,Do Numri,1998,17 Jul 1998,false,,A,,,0.176,sourced,boi_year_page,0.158,0.193,,,,19.66,boi_header,1018665080.0,1.72,53.627,,32.0,,50,1247,,,,false,
1311,1311,Doli Saja Ke Rakhna,1998,27 Nov 1998,false,,A,,,0.175,sourced,boi_year_page,0.158,0.193,,,,19.66,boi_header,1018665080.0,1.72,53.627,,31.9,,50,1249,,,,false,
1312,1312,Bas Itna Sa Khwaab Hai...,2001,6 Jul 2001,false,,A,2.73,boi_year_page,0.175,sourced,boi_year_page,0.158,0.193,,,,26.66,boi_header,1077898579.0,1.63,62.017,9.8,31.9,0.14,50,1268,1472,1181,1383,false,Disaster
1313,1313,Vaah! Life Ho Toh Aisi!,2005,23 Dec 2005,false,,A,5.84,boi_year_page,0.175,sourced,boi_year_page,0.157,0.192,,,,49.16,boi_header,1154676321.0,1.51,73.99,17.6,31.8,0.225,50,1292,1230,978,1045,false,Flop
1314,1314,Umrao Jaan,2006,3 Nov 2006,false,,A,7.43,boi_year_page,0.174,sourced,boi_year_page,0.156,0.191,,,,53.91,boi_header,1172878888.0,1.48,78.334,21.1,31.6,0.145,50,1297,1143,1166,919,false,Disaster
1315,1315,Khwahish,2003,6 Jun 2003,false,,A,3.34,boi_year_page,0.173,sourced,boi_year_page,0.156,0.19,,,,35.77,boi_header,1116803000.0,1.55,66.935,11.1,31.5,0.166,50,1286,1422,1105,1295,false,Average
1316,1316,Darna Zaroori Hai,2006,28 Apr 2006,false,,A,6.43,boi_year_page,0.173,sourced,boi_year_page,0.155,0.19,,,,53.91,boi_header,1172878888.0,1.47,78.334,18.2,31.5,0.126,50,1300,1211,1221,988,false,Flop
1317,1317,Akhiyon Se Goli Maare,2002,2 Aug 2002,false,,A,3.1,boi_year_page,0.172,sourced,boi_year_page,0.155,0.19,,,,29.98,boi_header,1097600380.0,1.57,63.552,10.9,31.4,0.19,50,1282,1433,1050,1325,false,Flop
1318,1318,TE3N,2016,10 Jun 2016,false,,A,18.85,boi_year_page,0.172,sourced,boi_year_page,0.155,0.189,,,,131.57,boi_header,1343944296.0,1.28,147.346,28.5,31.4,0.166,48,1354,986,1107,557,false,Flop
1319,1319,Mulk,2018,3 Aug 2018,false,,A,21.89,boi_year_page,0.171,sourced,boi_year_page,0.154,0.188,,,,118.2,derived_boi_matched_n47,1374659067.0,1.24,158.226,30.8,31.1,0.134,50,1366,941,1195,495,false,Flop
1320,1320,Paathshaala,2010,16 Apr 2010,false,,A,10.95,boi_year_page,0.171,sourced,boi_year_page,0.154,0.188,0.171,hungama_footfalls,,88.6,boi_header,1243481565.0,1.37,100.0,24.4,31.1,0.165,50,1327,1064,1111,752,false,Flop
1321,1321,Gang,2000,14 Apr 2000,false,,A,,,0.171,sourced,boi_year_page,0.153,0.188,,,,24.07,boi_header,1057922731.0,1.61,58.975,,31.1,,50,1272,,,,false,
1322,1322,Shaadi Mein Zaroor Aana,2017,10 Nov 2017,false,,A,15.34,boi_year_page,0.169,sourced,boi_year_page,0.152,0.186,,,,134.38,boi_header,1359657398.0,1.25,152.254,22.4,30.9,0.118,50,1365,1104,1249,628,false,Flop
1323,1323,Crook,2010,8 Oct 2010,false,,A,10.45,boi_year_page,0.169,sourced,boi_year_page,0.152,0.186,,,,88.6,boi_header,1243481565.0,1.36,100.0,23.2,30.8,0.157,50,1330,1085,1133,781,false,Flop
1324,1324,Crook: It's Good To Be Bad,2010,08-Oct-2010,false,,A,,,0.169,sourced,hungama_footfalls,0.152,0.186,,,,88.6,boi_header,1243481565.0,1.36,100.0,,30.8,,50,1332,,,,false,
1325,1325,Fitoor,2016,12 Feb 2016,false,,A,,,0.169,sourced,boi_year_page,0.152,0.185,,,,131.57,boi_header,1343944296.0,1.25,147.346,,30.7,,48,1362,,,,false,
1326,1326,Great Grand Masti,2016,15 Jul 2016,false,,A,,,0.169,sourced,boi_year_page,0.152,0.185,,,,131.57,boi_header,1343944296.0,1.25,147.346,,30.7,,48,1363,,,,false,
1327,1327,Annarth,2002,1 Nov 2002,false,,A,,,0.168,sourced,boi_year_page,0.151,0.185,,,,29.98,boi_header,1097600380.0,1.53,63.552,,30.7,,50,1287,,,,false,
1328,1328,A Wednesday!,2008,6 Sep 2008,false,,A,11.73,boi_year_page,0.168,sourced,boi_year_page,0.151,0.185,,,,69.76,boi_header,1207930960.0,1.39,89.379,29.2,30.6,0.21,50,1326,973,1009,724,false,Hit
1329,1329,Sanyasi Mera Naam,1999,1 Oct 1999,false,,A,1.78,boi_year_page,0.168,sourced,boi_year_page,0.151,0.184,,,,21.51,boi_header,1038225822.0,1.62,55.515,7.1,30.6,0.088,51,1269,1532,1327,1495,false,Flop
1330,1330,99,2009,15 May 2009,false,,A,10.78,boi_year_page,0.167,sourced,boi_year_page,0.15,0.184,0.167,hungama_footfalls,,78.63,boi_header,1225524764.0,1.36,91.27,26.3,30.4,0.226,50,1329,1031,975,755,false,Average
1331,1331,Jawaani Jaaneman,2020,31 Jan 2020,false,,A,24.58,boi_year_page,0.165,sourced,boi_year_page,0.149,0.182,0.16,hungama_footfalls,,133.16,derived_boi_matched_n41,1402617694.0,1.18,175.025,31.2,30.1,0.421,44,1380,936,659,449,false,Flop
1332,1332,1921,2018,12 Jan 2018,false,,A,15.41,boi_year_page,0.165,sourced,boi_year_page,0.149,0.182,,,,118.2,derived_boi_matched_n47,1374659067.0,1.2,158.226,21.7,30.1,0.094,50,1373,1130,1304,623,false,Below Average
1333,1333,Vishwaroop,2013,1 Feb 2013,false,,A,13.11,boi_year_page,0.165,sourced,boi_year_page,0.149,0.182,,,,109.75,boi_header,1295829507.0,1.27,125.531,23.2,30.1,0.118,50,1355,1086,1246,682,false,Flop
1334,1334,Fight Club,2006,17 Feb 2006,false,,A,5.48,boi_year_page,0.164,sourced,boi_year_page,0.148,0.18,,,,53.91,boi_header,1172878888.0,1.4,78.334,15.6,29.9,0.107,50,1321,1283,1276,1075,false,Flop
1335,1335,The Accidental Prime Minister,2019,11 Jan 2019,false,,A,23.25,boi_year_page,0.162,sourced,boi_year_page,0.146,0.178,0.162,hungama_footfalls,,133.83,derived_boi_matched_n48,1389030307.0,1.17,164.163,31.5,29.6,0.118,50,1383,931,1245,464,false,Below Average
1336,1336,Ghaath,2000,8 Dec 2000,false,,A,,,0.162,sourced,boi_year_page,0.146,0.178,,,,24.07,boi_header,1057922731.0,1.53,58.975,,29.5,,50,1288,,,,false,
1337,1337,Big Brother,2007,13 Apr 2007,false,,A,4.94,boi_year_page,0.162,sourced,boi_year_page,0.146,0.178,,,,60.73,boi_header,1190676028.0,1.36,82.242,13.4,29.5,0.091,50,1331,1346,1318,1130,false,Disaster
1338,1338,Bandish,1996,23 Feb 1996,false,,B,2.53,boi_year_page,0.161,derived_nett_over_atp,,0.137,0.186,,,,15.7,boi_header,979678460.0,1.65,48.462,11.6,29.4,0.178,50,1263,1403,1076,1405,false,Flop
1339,1339,What's Your Raashee,2009,25 Sep 2009,false,,A,10.13,boi_year_page,0.161,sourced,boi_year_page,0.145,0.177,0.161,hungama_footfalls,,78.63,boi_header,1225524764.0,1.32,91.27,24.7,29.4,0.213,50,1345,1055,1002,794,false,Disaster
1340,1340,Page 3,2005,21 Jan 2005,false,,A,8.86,boi_year_page,0.161,sourced,boi_year_page,0.145,0.177,,,,49.16,boi_header,1154676321.0,1.4,73.99,26.6,29.4,0.342,50,1323,1021,761,851,false,Semi Hit
1341,1341,Shabd,2005,4 Feb 2005,false,,A,,,0.161,sourced,boi_year_page,0.145,0.177,,,,49.16,boi_header,1154676321.0,1.4,73.99,,29.4,,50,1324,,,,false,
1342,1342,Bell Bottom,2021,19 Aug 2021,false,,A,32.1,boi_year_page,0.161,sourced,hungama_footfalls,0.145,0.177,,,,145.27,interpolated,1414203896.0,1.14,184.029,38.8,29.3,1.266,12,1393,842,131,362,false,Disaster
1343,1343,Nishabd,2007,2 Mar 2007,false,,A,7.53,boi_year_page,0.161,sourced,boi_year_page,0.145,0.177,,,,60.73,boi_header,1190676028.0,1.35,82.242,20.4,29.3,0.138,50,1335,1156,1187,917,false,Flop
1344,1344,Ek Villain Returns,2022,29 Jul 2022,false,,A,39.74,boi_year_page,0.16,sourced,hungama_footfalls,0.144,0.176,,,,158.47,ormax_nett,1425423209.0,1.12,196.317,45.0,29.2,0.193,47,1396,777,1041,303,false,Below Average
1345,1345,Saand Ki Aankh,2019,25 Oct 2019,false,,A,23.36,boi_year_page,0.16,sourced,boi_year_page,0.144,0.176,0.156,hungama_footfalls,,133.83,derived_boi_matched_n48,1389030307.0,1.15,164.163,31.7,29.1,0.119,50,1389,927,1242,460,false,Flop
1346,1346,Aetbaar,2004,23 Jan 2004,false,,A,4.25,boi_year_page,0.159,sourced,boi_year_page,0.143,0.175,,,,42.14,boi_header,1135991509.0,1.4,70.817,13.4,29.0,0.172,50,1320,1347,1091,1189,false,Disaster
1347,1347,Pyaar Ka Punchnama,2011,20 May 2011,false,,A,12.58,boi_year_page,0.159,sourced,boi_year_page,0.143,0.175,0.159,hungama_footfalls,,95.48,boi_header,1261224956.0,1.26,109.803,25.5,28.9,0.134,50,1360,1044,1197,700,false,Average
1348,1348,A Gentleman - Sundar Susheel Risky,2017,25 Aug 2017,false,,A,17.73,boi_year_page,0.159,sourced,boi_year_page,0.143,0.174,,,,134.38,boi_header,1359657398.0,1.17,152.254,25.9,28.9,0.136,50,1384,1041,1190,576,false,Disaster
1349,1349,Welcome to Sajjanpur,2008,20 Sep 2008,false,,A,9.81,boi_year_page,0.159,sourced,boi_year_page,0.143,0.174,,,,69.76,boi_header,1207930960.0,1.31,89.379,24.4,28.9,0.176,50,1346,1058,1079,806,false,Average
1350,1350,Dil Maange More,2004,31 Dec 2004,false,,A,5.44,boi_year_page,0.159,sourced,boi_year_page,0.143,0.174,,,,42.14,boi_header,1135991509.0,1.4,70.817,17.1,28.9,0.22,50,1322,1239,987,1077,false,Flop
1351,1351,Karam,2005,11 Mar 2005,false,,A,4.95,boi_year_page,0.159,sourced,boi_year_page,0.143,0.174,,,,49.16,boi_header,1154676321.0,1.37,73.99,14.9,28.9,0.191,50,1328,1300,1046,1127,false,Flop
1352,1352,The Batman (English),2022,04-Mar-2022,false,,A,,,0.158,sourced,hungama_footfalls,0.142,0.174,,,,158.47,ormax_nett,1425423209.0,1.11,196.317,,28.8,,47,1399,,,,false,
1353,1353,Aiyaary,2018,16 Feb 2018,false,,A,17.52,boi_year_page,0.157,sourced,boi_year_page,0.141,0.172,,,,118.2,derived_boi_matched_n47,1374659067.0,1.14,158.226,24.6,28.6,0.107,50,1391,1056,1277,579,false,Disaster
1354,1354,Blackmail,2018,6 Apr 2018,false,,A,19.52,boi_year_page,0.156,sourced,boi_year_page,0.141,0.172,,,,118.2,derived_boi_matched_n47,1374659067.0,1.14,158.226,27.4,28.5,0.119,50,1395,1005,1239,541,false,Flop
1355,1355,Woh Lamhe,2006,29 Sep 2006,false,,A,6.8,boi_year_page,0.156,sourced,boi_year_page,0.14,0.171,,,,53.91,boi_header,1172878888.0,1.33,78.334,19.3,28.4,0.133,50,1341,1183,1198,963,false,Flop
1356,1356,Pyaar Ke Side Effects,2006,22 Sep 2006,false,,A,8.32,boi_year_page,0.155,sourced,boi_year_page,0.14,0.171,,,,53.91,boi_header,1172878888.0,1.32,78.334,23.6,28.3,0.163,50,1342,1077,1117,879,false,Below Average
1357,1357,Dhobi Ghat,2011,21 Jan 2011,false,,A,13.67,boi_year_page,0.155,sourced,boi_year_page,0.139,0.17,,,,95.48,boi_header,1261224956.0,1.23,109.803,27.7,28.2,0.145,50,1369,999,1168,670,false,Below Average
1358,1358,Krishna Cottage,2004,16 Apr 2004,false,,A,3.99,boi_year_page,0.153,sourced,boi_year_page,0.138,0.168,,,,42.14,boi_header,1135991509.0,1.35,70.817,12.5,27.8,0.162,50,1336,1371,1119,1228,false,Flop
1359,1359,Gori Tere Pyaar Mein,2013,22 Nov 2013,false,,A,,,0.152,sourced,boi_year_page,0.137,0.167,,,,109.75,boi_header,1295829507.0,1.17,125.531,,27.7,,50,1382,,,,false,
1360,1360,Baaz - A Bird in Danger,2003,7 Feb 2003,false,,A,2.81,boi_year_page,0.151,sourced,boi_year_page,0.136,0.167,,,,35.77,boi_header,1116803000.0,1.36,66.935,9.3,27.6,0.14,50,1333,1486,1183,1369,false,Disaster
1361,1361,Happy Phirr Bhag Jayegi,2018,24 Aug 2018,false,,A,19.26,boi_year_page,0.151,sourced,boi_year_page,0.136,0.166,,,,118.2,derived_boi_matched_n47,1374659067.0,1.1,158.226,27.1,27.6,0.118,50,1403,1012,1247,547,false,Flop
1362,1362,Aap Ki Khatir,2006,25 Aug 2006,false,,A,6.39,boi_year_page,0.151,sourced,boi_year_page,0.136,0.166,,,,53.91,boi_header,1172878888.0,1.29,78.334,18.1,27.5,0.125,50,1352,1215,1224,992,false,Disaster
1363,1363,Ek Hasina Thi,2004,16 Jan 2004,false,,A,4.64,boi_year_page,0.151,sourced,boi_year_page,0.136,0.166,,,,42.14,boi_header,1135991509.0,1.33,70.817,14.6,27.5,0.188,50,1340,1313,1054,1160,false,Flop
1364,1364,Karwaan,2018,3 Aug 2018,false,,A,20.18,boi_year_page,0.151,sourced,boi_year_page,0.136,0.166,,,,118.2,derived_boi_matched_n47,1374659067.0,1.1,158.226,28.4,27.4,0.123,50,1404,990,1230,530,false,Flop
1365,1365,Blackmail,2005,28 Jan 2005,false,,A,,,0.151,sourced,boi_year_page,0.136,0.166,,,,49.16,boi_header,1154676321.0,1.3,73.99,,27.4,,50,1348,,,,false,
1366,1366,Dus Kahaniyaan,2007,7 Dec 2007,false,,A,7.78,boi_year_page,0.151,sourced,boi_year_page,0.135,0.166,,,,60.73,boi_header,1190676028.0,1.26,82.242,21.0,27.4,0.143,50,1357,1144,1172,901,false,Disaster
1367,1367,Sssshhh,2003,24 Oct 2003,false,,A,3.64,boi_year_page,0.15,sourced,boi_year_page,0.135,0.165,,,,35.77,boi_header,1116803000.0,1.34,66.935,12.1,27.3,0.182,50,1338,1384,1067,1263,false,Flop
1368,1368,Bheja Fry,2007,13 Apr 2007,false,,A,8.98,boi_year_page,0.15,sourced,boi_year_page,0.135,0.164,,,,60.73,boi_header,1190676028.0,1.26,82.242,24.3,27.2,0.165,50,1361,1065,1112,843,false,Hit
1369,1369,Jurm,2005,18 Feb 2005,false,,A,,,0.149,sourced,boi_year_page,0.134,0.164,,,,49.16,boi_header,1154676321.0,1.29,73.99,,27.2,,50,1351,,,,false,
1370,1370,Ragini MMS,2011,13 May 2011,false,,A,10.71,boi_year_page,0.149,sourced,boi_year_page,0.134,0.164,,,,95.48,boi_header,1261224956.0,1.18,109.803,21.7,27.2,0.114,50,1378,1127,1264,764,false,Semi Hit
1371,1371,Shirin Farhad Ki Toh Nikal Padi,2012,24 Aug 2012,false,,A,12.49,boi_year_page,0.149,sourced,boi_year_page,0.134,0.163,,,,101.74,boi_header,1278674501.0,1.16,118.092,23.5,27.1,0.115,50,1385,1079,1258,707,false,Flop
1372,1372,Girlfriend,2004,11 Jun 2004,false,,A,3.94,boi_year_page,0.149,sourced,boi_year_page,0.134,0.163,,,,42.14,boi_header,1135991509.0,1.31,70.817,12.4,27.1,0.16,50,1347,1378,1128,1232,false,Below Average
1373,1373,Ganga Ki Kasam,1999,4 Jun 1999,false,,A,1.49,boi_year_page,0.148,sourced,boi_year_page,0.133,0.163,,,,21.51,boi_header,1038225822.0,1.43,55.515,6.0,27.0,0.074,51,1308,1559,1366,1531,false,Flop
1374,1374,Tauba Tauba,2004,1 Oct 2004,false,,A,3.62,boi_year_page,0.147,sourced,boi_year_page,0.133,0.162,,,,42.14,boi_header,1135991509.0,1.3,70.817,11.4,26.8,0.147,50,1350,1410,1162,1264,false,Average
1375,1375,Tum Mile,2009,13 Nov 2009,false,,A,9.08,boi_year_page,0.147,sourced,boi_year_page,0.132,0.162,,,,78.63,boi_header,1225524764.0,1.2,91.27,22.1,26.8,0.191,50,1374,1113,1047,836,false,Disaster
1376,1376,Chura Liyaa Hai Tumne,2003,21 Mar 2003,false,,A,3.1,boi_year_page,0.147,sourced,boi_year_page,0.132,0.162,,,,35.77,boi_header,1116803000.0,1.32,66.935,10.3,26.8,0.154,50,1344,1459,1148,1326,false,Disaster
1377,1377,Lamhaa,2010,16 Jul 2010,false,,A,8.57,boi_year_page,0.147,sourced,boi_year_page,0.132,0.161,,,,88.6,boi_header,1243481565.0,1.18,100.0,19.1,26.7,0.129,50,1379,1188,1212,863,false,Disaster
1378,1378,Bade Dilwala,1999,22 Jan 1999,false,,A,,,0.147,sourced,boi_year_page,0.132,0.161,,,,21.51,boi_header,1038225822.0,1.41,55.515,,26.7,,51,1315,,,,false,
1379,1379,Thackeray,2019,25 Jan 2019,false,,A,19.82,boi_year_page,0.147,sourced,boi_year_page,0.132,0.161,,,,133.83,derived_boi_matched_n48,1389030307.0,1.06,164.163,26.9,26.7,0.101,50,1410,1016,1290,536,false,Flop
1380,1380,Chance Pe Dance,2010,15 Jan 2010,false,,A,9.34,boi_year_page,0.146,sourced,boi_year_page,0.131,0.161,,,,88.6,boi_header,1243481565.0,1.17,100.0,20.8,26.6,0.141,50,1381,1149,1179,824,false,Flop
1381,1381,Yeh Saali Zindagi,2011,4 Feb 2011,false,,A,10.95,boi_year_page,0.144,sourced,boi_year_page,0.129,0.158,,,,95.48,boi_header,1261224956.0,1.14,109.803,22.2,26.1,0.116,50,1394,1111,1254,753,false,Below Average
1382,1382,Table No. 21,2013,4 Jan 2013,false,,A,11.97,boi_year_page,0.143,sourced,boi_year_page,0.129,0.158,,,,109.75,boi_header,1295829507.0,1.11,125.531,21.2,26.1,0.108,50,1401,1140,1275,719,false,Below Average
1383,1383,Mission Istaanbul,2008,25 Jul 2008,false,,A,6.35,boi_year_page,0.143,sourced,boi_year_page,0.129,0.158,,,,69.76,boi_header,1207930960.0,1.19,89.379,15.8,26.1,0.114,50,1377,1278,1265,997,false,Disaster
1384,1384,Maha Shaktishaali,1994,15 Apr 1994,false,,B,1.58,boi_year_page,0.143,derived_nett_over_atp,,0.121,0.164,,,,11.05,boi_header,941163772.0,1.51,42.277,8.3,26.0,0.209,49,1291,1515,1010,1516,false,Flop
1385,1385,Teesri Aankh - The Hidden Camera,2006,3 Mar 2006,false,,A,4.16,boi_year_page,0.143,sourced,boi_year_page,0.128,0.157,,,,53.91,boi_header,1172878888.0,1.21,78.334,11.8,26.0,0.081,50,1371,1397,1344,1206,false,Disaster
1386,1386,Taarzan - The Wonder Car,2004,6 Aug 2004,false,,A,4.26,boi_year_page,0.142,sourced,boi_year_page,0.128,0.157,,,,42.14,boi_header,1135991509.0,1.25,70.817,13.4,25.9,0.172,50,1364,1345,1089,1188,false,Disaster
1387,1387,Rocketry - The Nambi Effect,2022,1 Jul 2022,false,,B,22.48,boi_year_page,0.142,derived_nett_over_atp,,0.121,0.163,,,,158.47,ormax_nett,1425423209.0,0.99,196.317,25.5,25.8,0.109,47,1424,1045,1272,484,false,Below Average
1388,1388,Shaapit,2010,19 Mar 2010,false,,A,7.6,boi_year_page,0.142,sourced,boi_year_page,0.128,0.156,,,,88.6,boi_header,1243481565.0,1.14,100.0,16.9,25.8,0.114,50,1392,1246,1260,912,false,Flop
1389,1389,Qarib Qarib Singlle,2017,10 Nov 2017,false,,A,16.33,boi_year_page,0.141,sourced,boi_year_page,0.127,0.155,,,,134.38,boi_header,1359657398.0,1.04,152.254,23.9,25.7,0.125,50,1416,1073,1223,605,false,Flop
1390,1390,Ek - The Power Of One,2009,27 Mar 2009,false,,A,6.31,boi_year_page,0.141,sourced,boi_year_page,0.127,0.155,,,,78.63,boi_header,1225524764.0,1.15,91.27,15.4,25.7,0.132,50,1388,1286,1201,1000,false,Disaster
1391,1391,Saaya,2003,4 Jul 2003,false,,A,3.24,boi_year_page,0.141,sourced,boi_year_page,0.127,0.155,,,,35.77,boi_header,1116803000.0,1.26,66.935,10.8,25.7,0.161,50,1359,1437,1121,1305,false,Flop
1392,1392,Swatantrya Veer Savarkar,2024,22 Mar 2024,false,,B,24.49,boi_year_page,0.141,derived_nett_over_atp,,0.12,0.162,,,,173.97,interpolated,1451098474.0,0.97,217.735,25.0,25.6,0.105,17,1433,1049,1280,450,false,
1393,1393,Bewakoofiyaan,2014,14 Mar 2014,false,,A,13.94,boi_year_page,0.141,sourced,boi_year_page,0.126,0.155,,,,117.89,boi_header,1312277184.0,1.07,133.849,23.2,25.6,0.11,50,1407,1090,1269,665,false,Flop
1394,1394,Dada,1999,16 Jul 1999,false,,A,1.4,boi_year_page,0.14,sourced,boi_year_page,0.126,0.154,,,,21.51,boi_header,1038225822.0,1.35,55.515,5.6,25.6,0.07,51,1334,1567,1378,1538,false,Flop
1395,1395,Laal Singh Chaddha,2022,11 Aug 2022,false,,A,59.59,boi_year_page,0.14,sourced,hungama_footfalls,0.126,0.154,,,,158.47,ormax_nett,1425423209.0,0.98,196.317,67.5,25.5,0.289,47,1428,531,853,215,false,Disaster
1396,1396,Nayee Padosan,2003,6 Jun 2003,false,,A,3.09,boi_year_page,0.138,sourced,boi_year_page,0.124,0.152,,,,35.77,boi_header,1116803000.0,1.24,66.935,10.3,25.2,0.154,50,1367,1461,1149,1331,false,Flop
1397,1397,Rann,2010,29 Jan 2010,false,,A,8.12,boi_year_page,0.138,sourced,boi_year_page,0.124,0.152,,,,88.6,boi_header,1243481565.0,1.11,100.0,18.1,25.1,0.122,50,1398,1219,1233,887,false,Disaster
1398,1398,Rakht Charitra,2010,22 Oct 2010,false,,A,8.17,boi_year_page,0.137,sourced,boi_year_page,0.123,0.151,,,,88.6,boi_header,1243481565.0,1.1,100.0,18.2,25.0,0.123,50,1402,1214,1232,883,false,Flop
1399,1399,Panga,2020,24 Jan 2020,false,,A,22.36,boi_year_page,0.137,sourced,boi_year_page,0.123,0.15,0.137,hungama_footfalls,,133.16,derived_boi_matched_n41,1402617694.0,0.97,175.025,28.4,24.9,0.383,44,1431,988,715,488,false,Flop
1400,1400,Short Kut - The Con Is On,2009,10 Jul 2009,false,,A,7.69,boi_year_page,0.136,sourced,boi_year_page,0.123,0.15,,,,78.63,boi_header,1225524764.0,1.11,91.27,18.7,24.8,0.161,50,1397,1196,1120,908,false,Disaster
1401,1401,Ittefaq,2001,14 Sep 2001,false,,A,1.92,boi_year_page,0.136,sourced,boi_year_page,0.123,0.15,,,,26.66,boi_header,1077898579.0,1.26,62.017,6.9,24.8,0.099,50,1358,1537,1296,1478,false,Disaster
1402,1402,Yeh Kya Ho Raha Hai?,2002,11 Oct 2002,false,,A,2.91,boi_year_page,0.135,sourced,boi_year_page,0.122,0.149,,,,29.98,boi_header,1097600380.0,1.23,63.552,10.2,24.6,0.179,50,1368,1462,1073,1358,false,Flop
1403,1403,Munnibai,1999,30 Jul 1999,false,,A,1.29,boi_year_page,0.135,sourced,boi_year_page,0.122,0.149,,,,21.51,boi_header,1038225822.0,1.3,55.515,5.2,24.6,0.064,51,1349,1574,1387,1544,false,Semi Hit
1404,1404,Shamshera,2022,22 Jul 2022,false,,A,41.05,boi_year_page,0.135,sourced,hungama_footfalls,0.122,0.149,,,,158.47,ormax_nett,1425423209.0,0.95,196.317,46.5,24.6,0.199,47,1441,752,1027,296,false,Disaster
1405,1405,Jawani Diwani - A Youtful Joyride,2006,6 Jan 2006,false,,A,4.72,boi_year_page,0.135,sourced,boi_year_page,0.121,0.148,,,,53.91,boi_header,1172878888.0,1.15,78.334,13.4,24.5,0.092,50,1390,1343,1310,1154,false,Flop
1406,1406,Chori Chori,2003,1 Aug 2003,false,,A,3.15,boi_year_page,0.135,sourced,boi_year_page,0.121,0.148,,,,35.77,boi_header,1116803000.0,1.21,66.935,10.5,24.5,0.157,50,1372,1452,1135,1318,false,Disaster
1407,1407,Neal N Nikki,2005,9 Dec 2005,false,,A,6.06,boi_year_page,0.134,sourced,boi_year_page,0.12,0.147,,,,49.16,boi_header,1154676321.0,1.16,73.99,18.2,24.4,0.234,50,1386,1212,958,1022,false,Flop
1408,1408,Simran,2017,15 Sep 2017,false,,A,14.89,boi_year_page,0.134,sourced,boi_year_page,0.12,0.147,,,,134.38,boi_header,1359657398.0,0.98,152.254,21.8,24.3,0.114,50,1427,1123,1262,639,false,Flop
1409,1409,Pinjar,2003,24 Oct 2003,false,,A,3.43,boi_year_page,0.134,sourced,boi_year_page,0.12,0.147,,,,35.77,boi_header,1116803000.0,1.2,66.935,11.4,24.3,0.171,50,1375,1409,1093,1289,false,Disaster
1410,1410,Jhoota Hi Sahi,2010,22 Oct 2010,false,,A,9.83,boi_year_page,0.133,sourced,boi_year_page,0.12,0.147,,,,88.6,boi_header,1243481565.0,1.07,100.0,21.9,24.3,0.148,50,1406,1118,1157,805,false,Disaster
1411,1411,Ek Ladki Ko Dekha Toh Aisa Laga,2019,1 Feb 2019,false,,A,19.32,boi_year_page,0.133,sourced,boi_year_page,0.12,0.147,,,,133.83,derived_boi_matched_n48,1389030307.0,0.96,164.163,26.2,24.3,0.098,50,1436,1035,1297,546,false,Flop
1412,1412,The Sky Is Pink,2019,11 Oct 2019,false,,A,20.11,boi_year_page,0.133,sourced,boi_year_page,0.12,0.146,,,,133.83,derived_boi_matched_n48,1389030307.0,0.96,164.163,27.3,24.2,0.102,50,1439,1009,1286,532,false,Flop
1413,1413,The Xpose,2014,16 May 2014,false,,A,9.63,boi_year_page,0.133,sourced,boi_year_page,0.119,0.146,,,,117.89,boi_header,1312277184.0,1.01,133.849,16.0,24.2,0.076,50,1421,1272,1359,814,false,Flop
1414,1414,Gulaab Gang,2014,7 Mar 2014,false,,A,10.43,boi_year_page,0.132,sourced,boi_year_page,0.119,0.146,,,,117.89,boi_header,1312277184.0,1.01,133.849,17.3,24.1,0.083,50,1422,1236,1340,782,false,Flop
1415,1415,Mrs. Chatterjee Vs Norway,2023,17 Mar 2023,false,,B,21.92,boi_year_page,0.132,derived_nett_over_atp,,0.112,0.152,,,,166.1,ormax_nett,1438069597.0,0.92,207.414,23.5,24.0,0.091,29,1455,1080,1315,494,false,
1416,1416,Freaky Ali,2016,9 Sep 2016,false,,A,13.38,boi_year_page,0.132,sourced,boi_year_page,0.118,0.145,,,,131.57,boi_header,1343944296.0,0.98,147.346,20.2,24.0,0.118,48,1430,1158,1248,674,false,Flop
1417,1417,Manjhi - The Mountain Man,2015,21 Aug 2015,false,,A,13.54,boi_year_page,0.131,sourced,boi_year_page,0.118,0.144,,,,125.97,boi_header,1328024494.0,0.98,140.363,21.5,23.8,0.104,50,1426,1138,1282,672,false,Below Average
1418,1418,Ugly Aur Pagli,2008,1 Aug 2008,false,,A,7.13,boi_year_page,0.129,sourced,boi_year_page,0.116,0.142,,,,69.76,boi_header,1207930960.0,1.07,89.379,17.7,23.5,0.128,50,1409,1228,1217,937,false,Flop
1419,1419,Jajantaram Mamantaram,2003,30 May 2003,false,,A,3.65,boi_year_page,0.129,sourced,boi_year_page,0.116,0.142,,,,35.77,boi_header,1116803000.0,1.15,66.935,12.1,23.5,0.182,50,1387,1383,1066,1261,false,Disaster
1420,1420,Love Sex Aur Dhokha,2010,19 Mar 2010,false,,A,8.49,boi_year_page,0.129,sourced,boi_year_page,0.116,0.141,,,,88.6,boi_header,1243481565.0,1.03,100.0,18.9,23.4,0.128,50,1417,1191,1216,870,false,Semi Hit
1421,1421,Diya Aur Toofan,1995,27 Oct 1995,false,,B,1.84,boi_year_page,0.128,derived_nett_over_atp,,0.109,0.147,,,,14.37,boi_header,960301046.0,1.34,46.391,8.8,23.4,0.116,50,1339,1502,1256,1488,false,Flop
1422,1422,Sarkar 3,2017,12 May 2017,false,,A,,,0.128,sourced,boi_year_page,0.115,0.14,,,,134.38,boi_header,1359657398.0,0.94,152.254,,23.2,,50,1447,,,,false,
1423,1423,The Train,2007,8 Jun 2007,false,,A,5.11,boi_year_page,0.127,sourced,boi_year_page,0.115,0.14,,,,60.73,boi_header,1190676028.0,1.07,82.242,13.8,23.2,0.094,50,1408,1334,1306,1108,false,Flop
1424,1424,All Is Well,2015,21 Aug 2015,false,,A,12.53,boi_year_page,0.127,sourced,boi_year_page,0.114,0.14,,,,125.97,boi_header,1328024494.0,0.96,140.363,19.9,23.2,0.097,50,1437,1171,1300,704,false,Disaster
1425,1425,Phoonk 2,2010,16 Apr 2010,false,,A,6.72,boi_year_page,0.127,sourced,boi_year_page,0.114,0.14,,,,88.6,boi_header,1243481565.0,1.02,100.0,15.0,23.1,0.101,50,1419,1295,1288,969,false,Flop
1426,1426,Sultaan,2000,17 Mar 2000,false,,A,1.38,boi_year_page,0.126,sourced,boi_year_page,0.113,0.139,,,,24.07,boi_header,1057922731.0,1.19,58.975,5.2,23.0,0.079,50,1376,1572,1352,1541,false,Flop
1427,1427,Chalo Dilli,2011,29 Apr 2011,false,,A,9.84,boi_year_page,0.126,sourced,boi_year_page,0.113,0.138,,,,95.48,boi_header,1261224956.0,1.0,109.803,19.9,22.9,0.104,50,1423,1170,1281,804,false,Below Average
1428,1428,Lipstick Under My Burkha,2017,21 Jul 2017,false,,A,16.52,boi_year_page,0.126,sourced,boi_year_page,0.113,0.138,,,,134.38,boi_header,1359657398.0,0.92,152.254,24.1,22.9,0.127,50,1451,1068,1219,604,false,Average
1429,1429,Runway 34,2022,29 Apr 2022,false,,A,33.52,boi_year_page,0.125,sourced,hungama_footfalls,0.113,0.138,,,,158.47,ormax_nett,1425423209.0,0.88,196.317,38.0,22.8,0.163,47,1468,855,1118,347,false,Disaster
1430,1430,Main Aurr Mrs. Khanna,2009,16 Oct 2009,false,,A,7.4,boi_year_page,0.124,sourced,boi_year_page,0.112,0.137,,,,78.63,boi_header,1225524764.0,1.02,91.27,18.0,22.7,0.155,50,1420,1220,1143,921,false,Disaster
1431,1431,Ek Khiladi Ek Haseena,2005,18 Nov 2005,false,,A,4.74,boi_year_page,0.124,sourced,boi_year_page,0.112,0.137,,,,49.16,boi_header,1154676321.0,1.08,73.99,14.2,22.6,0.183,50,1405,1325,1065,1153,false,Flop
1432,1432,Major,2022,3 Jun 2022,false,,A,12.54,boi_year_page,0.124,sourced,hungama_footfalls,0.112,0.136,,,,158.47,ormax_nett,1425423209.0,0.87,196.317,14.2,22.6,0.061,47,1471,1326,1396,703,false,Flop
1433,1433,Market,2003,12 Sep 2003,false,,A,2.81,boi_year_page,0.124,sourced,boi_year_page,0.111,0.136,,,,35.77,boi_header,1116803000.0,1.11,66.935,9.3,22.5,0.14,50,1400,1484,1182,1368,false,Below Average
1434,1434,Wajah Tum Ho,2016,16 Dec 2016,false,,A,9.71,boi_year_page,0.124,sourced,boi_year_page,0.111,0.136,,,,131.57,boi_header,1343944296.0,0.92,147.346,14.7,22.5,0.085,48,1454,1310,1335,811,false,Flop
1435,1435,Jodi Breakers,2012,24 Feb 2012,false,,A,9.65,boi_year_page,0.124,sourced,boi_year_page,0.111,0.136,,,,101.74,boi_header,1278674501.0,0.97,118.092,18.2,22.5,0.089,50,1434,1213,1324,812,false,Flop
1436,1436,Saawan... The Love Season,2006,7 Apr 2006,false,,A,3.47,boi_year_page,0.122,sourced,boi_year_page,0.11,0.134,,,,53.91,boi_header,1172878888.0,1.04,78.334,9.8,22.2,0.068,50,1415,1470,1382,1286,false,Flop
1437,1437,Naina,2005,20 May 2005,false,,A,4.83,boi_year_page,0.122,sourced,boi_year_page,0.109,0.134,,,,49.16,boi_header,1154676321.0,1.05,73.99,14.5,22.2,0.186,50,1411,1314,1060,1138,false,Flop
1438,1438,Hunterrr,2015,20 Mar 2015,false,,A,12.87,boi_year_page,0.121,sourced,boi_year_page,0.109,0.133,,,,125.97,boi_header,1328024494.0,0.91,140.363,20.4,22.0,0.099,50,1459,1155,1294,688,false,Below Average
1439,1439,Ghost,2012,13 Jan 2012,false,,A,6.91,boi_year_page,0.12,sourced,boi_year_page,0.108,0.132,,,,101.74,boi_header,1278674501.0,0.94,118.092,13.0,21.9,0.064,50,1446,1359,1390,952,false,Flop
1440,1440,Roar - Tigers Of The Sundarbans,2014,31 Oct 2014,false,,A,9.91,boi_year_page,0.12,sourced,boi_year_page,0.108,0.131,,,,117.89,boi_header,1312277184.0,0.91,133.849,16.5,21.8,0.078,50,1458,1257,1355,802,false,Flop
1441,1441,Bardaasht,2004,23 Apr 2004,false,,A,2.97,boi_year_page,0.12,sourced,boi_year_page,0.108,0.131,,,,42.14,boi_header,1135991509.0,1.05,70.817,9.3,21.8,0.12,50,1412,1487,1237,1353,false,Disaster
1442,1442,Bobby Jasoos,2014,4 Jul 2014,false,,A,11.94,boi_year_page,0.119,sourced,boi_year_page,0.107,0.131,,,,117.89,boi_header,1312277184.0,0.91,133.849,19.8,21.7,0.095,50,1461,1172,1303,720,false,Flop
1443,1443,Hanuman,2005,21 Oct 2005,false,,A,5.38,boi_year_page,0.119,sourced,boi_year_page,0.107,0.131,,,,49.16,boi_header,1154676321.0,1.03,73.99,16.2,21.7,0.207,50,1418,1267,1013,1080,false,Semi Hit
1444,1444,MSG - The Warrior Lion Heart,2016,7 Oct 2016,false,,A,13.24,boi_year_page,0.119,sourced,boi_year_page,0.107,0.131,,,,131.57,boi_header,1343944296.0,0.88,147.346,20.0,21.7,0.117,48,1466,1166,1251,678,false,Flop
1445,1445,Mumbai Saga,2021,19 Mar 2021,false,,B,17.24,boi_year_page,0.119,derived_nett_over_atp,,0.101,0.136,,,,145.27,interpolated,1414203896.0,0.84,184.029,20.8,21.6,0.537,12,1483,1148,524,588,false,Disaster
1446,1446,MSG 2 - The Messenger,2015,18 Sep 2015,false,,A,12.65,boi_year_page,0.118,sourced,boi_year_page,0.106,0.129,,,,125.97,boi_header,1328024494.0,0.89,140.363,20.1,21.4,0.098,50,1465,1164,1298,696,false,Disaster
1447,1447,Poster Boys,2017,8 Sep 2017,false,,A,11.65,boi_year_page,0.118,sourced,boi_year_page,0.106,0.129,,,,134.38,boi_header,1359657398.0,0.86,152.254,17.0,21.4,0.089,50,1476,1240,1323,729,false,Flop
1448,1448,Jabariya Jodi,2019,9 Aug 2019,false,,A,16.09,boi_year_page,0.117,sourced,boi_year_page,0.105,0.128,,,,133.83,derived_boi_matched_n48,1389030307.0,0.84,164.163,21.8,21.3,0.082,50,1482,1121,1342,609,false,Flop
1449,1449,Inkaar,2013,18 Jan 2013,false,,A,10.21,boi_year_page,0.117,sourced,boi_year_page,0.105,0.128,,,,109.75,boi_header,1295829507.0,0.9,125.531,18.1,21.3,0.092,50,1462,1217,1314,789,false,Flop
1450,1450,Om,2003,21 Mar 2003,false,,A,,,0.117,sourced,boi_year_page,0.105,0.128,,,,35.77,boi_header,1116803000.0,1.04,66.935,,21.2,,50,1414,,,,false,
1451,1451,Bheja Fry 2,2011,17 Jun 2011,false,,A,9.13,boi_year_page,0.116,sourced,boi_year_page,0.104,0.127,,,,95.48,boi_header,1261224956.0,0.92,109.803,18.5,21.1,0.097,50,1456,1204,1299,834,false,Below Average
1452,1452,13B,2009,6 Mar 2009,false,,A,7.37,boi_year_page,0.116,sourced,boi_year_page,0.104,0.127,,,,78.63,boi_header,1225524764.0,0.94,91.27,18.0,21.1,0.155,50,1443,1222,1145,923,false,Flop
1453,1453,MSG - The Messenger Of God,2015,13 Feb 2015,false,,A,12.93,boi_year_page,0.115,sourced,boi_year_page,0.104,0.127,,,,125.97,boi_header,1328024494.0,0.87,140.363,20.5,21.0,0.1,50,1473,1153,1292,687,false,Disaster
1454,1454,Fugly,2014,13 Jun 2014,false,,A,10.77,boi_year_page,0.115,sourced,boi_year_page,0.103,0.126,,,,117.89,boi_header,1312277184.0,0.87,133.849,17.9,20.9,0.085,50,1469,1224,1336,756,false,Flop
1455,1455,Tum Se Achcha Kaun Hai,2002,26 Apr 2002,false,,A,,,0.115,sourced,boi_year_page,0.103,0.126,,,,29.98,boi_header,1097600380.0,1.05,63.552,,20.9,,50,1413,,,,false,
1456,1456,Bachke Rehna Re Baba,2005,17 Jun 2005,false,,A,3.67,boi_year_page,0.114,sourced,boi_year_page,0.103,0.126,,,,49.16,boi_header,1154676321.0,0.99,73.99,11.0,20.8,0.141,50,1425,1423,1176,1260,false,Flop
1457,1457,Babumoshai Bandookbaaz,2017,25 Aug 2017,false,,A,9.79,boi_year_page,0.114,sourced,boi_year_page,0.102,0.125,,,,134.38,boi_header,1359657398.0,0.84,152.254,14.3,20.7,0.075,50,1484,1323,1362,809,false,Flop
1458,1458,Khamoshiyan,2015,30 Jan 2015,false,,A,9.63,boi_year_page,0.113,sourced,boi_year_page,0.102,0.125,,,,125.97,boi_header,1328024494.0,0.85,140.363,15.3,20.6,0.074,50,1478,1290,1363,813,false,Flop
1459,1459,Kal Kissne Dekha,2009,12 Jun 2009,false,,A,5.67,boi_year_page,0.112,sourced,boi_year_page,0.101,0.123,,,,78.63,boi_header,1225524764.0,0.91,91.27,13.8,20.4,0.119,50,1457,1335,1240,1056,false,Disaster
1460,1460,Laapataa Ladies,2024,1 Mar 2024,false,,B,19.37,boi_year_page,0.111,derived_nett_over_atp,,0.095,0.128,,,,173.97,interpolated,1451098474.0,0.77,217.735,19.8,20.3,0.083,17,1516,1175,1339,544,false,
1461,1461,Tumsa Nahin Dekha,2004,24 Sep 2004,false,,A,3.47,boi_year_page,0.111,sourced,boi_year_page,0.1,0.122,,,,42.14,boi_header,1135991509.0,0.98,70.817,10.9,20.3,0.14,50,1429,1431,1180,1287,false,Disaster
1462,1462,Loveyatri,2018,5 Oct 2018,false,,A,12.61,boi_year_page,0.111,sourced,boi_year_page,0.099,0.122,,,,118.2,derived_boi_matched_n47,1374659067.0,0.8,158.226,17.7,20.1,0.077,50,1497,1229,1356,698,false,Flop
1463,1463,Radhe Shyam,2022,18 Mar 2022,false,,B,17.41,boi_year_page,0.11,derived_nett_over_atp,,0.093,0.126,,,,158.47,ormax_nett,1425423209.0,0.77,196.317,19.7,20.0,0.085,47,1512,1177,1337,583,false,Disaster
1464,1464,Fun2shh...,2003,19 Dec 2003,false,,A,2.92,boi_year_page,0.109,sourced,boi_year_page,0.098,0.12,,,,35.77,boi_header,1116803000.0,0.97,66.935,9.7,19.8,0.146,50,1432,1473,1164,1356,false,Flop
1465,1465,Tum - A Dangerous Obsession,2004,20 Feb 2004,false,,A,2.86,boi_year_page,0.109,sourced,boi_year_page,0.098,0.12,,,,42.14,boi_header,1135991509.0,0.96,70.817,9.0,19.8,0.116,50,1438,1497,1257,1363,false,Flop
1466,1466,The Tashkent Files,2019,12 Apr 2019,false,,A,16.97,boi_year_page,0.108,sourced,boi_year_page,0.097,0.119,,,,133.83,derived_boi_matched_n48,1389030307.0,0.78,164.163,23.0,19.7,0.086,50,1510,1094,1334,596,false,Semi Hit
1467,1467,Yamla Pagla Deewana Phir Se...,2018,31 Aug 2018,false,,A,9.52,boi_year_page,0.108,sourced,boi_year_page,0.097,0.119,,,,118.2,derived_boi_matched_n47,1374659067.0,0.78,158.226,13.4,19.6,0.058,50,1504,1344,1403,816,false,Disaster
1468,1468,Lucknow Central,2017,15 Sep 2017,false,,A,11.57,boi_year_page,0.107,sourced,boi_year_page,0.096,0.118,,,,134.38,boi_header,1359657398.0,0.79,152.254,16.9,19.5,0.089,50,1502,1245,1326,731,false,Disaster
1469,1469,Nehlle Pe Dehlla,2007,2 Mar 2007,false,,A,,,0.107,sourced,boi_year_page,0.096,0.118,,,,60.73,boi_header,1190676028.0,0.9,82.242,,19.5,,50,1463,,,,false,
1470,1470,Naach,2004,12 Nov 2004,false,,A,3.16,boi_year_page,0.107,sourced,boi_year_page,0.096,0.117,,,,42.14,boi_header,1135991509.0,0.94,70.817,9.9,19.4,0.128,50,1445,1466,1214,1317,false,Disaster
1471,1471,Calcutta Mail,2003,5 Sep 2003,false,,A,,,0.107,sourced,boi_year_page,0.096,0.117,,,,35.77,boi_header,1116803000.0,0.96,66.935,,19.4,,50,1440,,,,false,
1472,1472,Yeh Dil,2003,4 Apr 2003,false,,A,,,0.106,sourced,boi_year_page,0.095,0.116,,,,35.77,boi_header,1116803000.0,0.95,66.935,,19.3,,50,1442,,,,false,
1473,1473,Game,2011,1 Apr 2011,false,,A,7.41,boi_year_page,0.106,sourced,boi_year_page,0.095,0.116,,,,95.48,boi_header,1261224956.0,0.84,109.803,15.0,19.2,0.079,50,1485,1294,1353,920,false,Disaster
1474,1474,Mumbai Se Aaya Mera Dost,2003,22 Aug 2003,false,,A,,,0.105,sourced,boi_year_page,0.095,0.116,,,,35.77,boi_header,1116803000.0,0.94,66.935,,19.2,,50,1444,,,,false,
1475,1475,Raksha Bandhan,2022,11 Aug 2022,false,,A,45.23,boi_year_page,0.105,sourced,hungama_footfalls,0.095,0.116,,,,158.47,ormax_nett,1425423209.0,0.74,196.317,51.3,19.1,0.22,47,1525,688,988,270,false,Disaster
1476,1476,Oye Lucky! Lucky Oye!,2008,28 Nov 2008,false,,A,6.72,boi_year_page,0.105,sourced,boi_year_page,0.094,0.115,,,,69.76,boi_header,1207930960.0,0.87,89.379,16.7,19.1,0.12,50,1474,1253,1236,970,false,Flop
1477,1477,Selfiee,2023,24 Feb 2023,false,,B,17.35,boi_year_page,0.104,derived_nett_over_atp,,0.089,0.12,,,,166.1,ormax_nett,1438069597.0,0.73,207.414,18.6,19.0,0.072,29,1527,1201,1368,584,false,
1478,1478,Dolly Ki Doli,2015,23 Jan 2015,false,,A,11.25,boi_year_page,0.104,sourced,boi_year_page,0.093,0.114,,,,125.97,boi_header,1328024494.0,0.78,140.363,17.8,18.9,0.087,50,1508,1227,1333,745,false,Flop
1479,1479,Tere Bin Laden,2010,16 Jul 2010,false,,A,7.23,boi_year_page,0.104,sourced,boi_year_page,0.093,0.114,,,,88.6,boi_header,1243481565.0,0.83,100.0,16.1,18.9,0.109,50,1486,1269,1274,931,false,Below Average
1480,1480,Paying Guests,2009,19 Jun 2009,false,,A,5.55,boi_year_page,0.103,sourced,boi_year_page,0.093,0.113,,,,78.63,boi_header,1225524764.0,0.84,91.27,13.5,18.8,0.116,50,1481,1341,1253,1067,false,Flop
1481,1481,Milenge Milenge,2010,9 Jul 2010,false,,A,6.58,boi_year_page,0.103,sourced,boi_year_page,0.093,0.113,,,,88.6,boi_header,1243481565.0,0.83,100.0,14.6,18.7,0.099,50,1489,1312,1295,981,false,Flop
1482,1482,Saala Khadoos,2016,29 Jan 2016,false,,A,,,0.103,sourced,boi_year_page,0.093,0.113,,,,131.57,boi_header,1343944296.0,0.76,147.346,,18.7,,48,1517,,,,false,
1483,1483,Red - The Dark Side,2007,9 Mar 2007,false,,A,3.92,boi_year_page,0.103,sourced,boi_year_page,0.092,0.113,,,,60.73,boi_header,1190676028.0,0.86,82.242,10.6,18.7,0.072,50,1477,1442,1369,1236,false,Flop
1484,1484,Waah! Tera Kya Kehna,2002,1 Nov 2002,false,,A,,,0.103,sourced,boi_year_page,0.092,0.113,,,,29.98,boi_header,1097600380.0,0.93,63.552,,18.7,,50,1449,,,,false,
1485,1485,Kitne Door... Kitne Paas,2002,29 Mar 2002,false,,A,,,0.102,sourced,boi_year_page,0.092,0.112,,,,29.98,boi_header,1097600380.0,0.93,63.552,,18.6,,50,1450,,,,false,
1486,1486,Shaitan,2011,10 Jun 2011,false,,A,8.27,boi_year_page,0.102,sourced,boi_year_page,0.092,0.112,,,,95.48,boi_header,1261224956.0,0.81,109.803,16.7,18.6,0.088,50,1495,1252,1330,880,false,Flop
1487,1487,Daddy,2017,8 Sep 2017,false,,A,10.46,boi_year_page,0.102,sourced,boi_year_page,0.092,0.112,,,,134.38,boi_header,1359657398.0,0.75,152.254,15.3,18.5,0.08,50,1521,1289,1348,779,false,Flop
1488,1488,I Proud To Be An Indian,2004,13 Feb 2004,false,,A,,,0.102,sourced,boi_year_page,0.092,0.112,,,,42.14,boi_header,1135991509.0,0.9,70.817,,18.5,,50,1464,,,,false,
1489,1489,Dil Vil Pyar Vyar,2002,18 Oct 2002,false,,A,,,0.101,sourced,boi_year_page,0.091,0.111,,,,29.98,boi_header,1097600380.0,0.92,63.552,,18.5,,50,1453,,,,false,
1490,1490,Rock On 2,2016,11 Nov 2016,false,,A,,,0.101,sourced,boi_year_page,0.091,0.111,,,,131.57,boi_header,1343944296.0,0.75,147.346,,18.4,,48,1520,,,,false,
1491,1491,Revolver Rani,2014,25 Apr 2014,false,,A,8.9,boi_year_page,0.101,sourced,boi_year_page,0.091,0.111,,,,117.89,boi_header,1312277184.0,0.77,133.849,14.8,18.4,0.07,50,1513,1303,1375,849,false,Flop
1492,1492,Saheb Biwi Aur Gangster,2011,30 Sep 2011,false,,A,7.55,boi_year_page,0.101,sourced,boi_year_page,0.091,0.111,,,,95.48,boi_header,1261224956.0,0.8,109.803,15.3,18.4,0.08,50,1498,1288,1347,916,false,Below Average
1493,1493,Jail,2009,6 Nov 2009,false,,A,6.12,boi_year_page,0.101,sourced,boi_year_page,0.091,0.111,,,,78.63,boi_header,1225524764.0,0.82,91.27,14.9,18.4,0.129,50,1490,1297,1213,1018,false,Flop
1494,1494,Kasam,2001,12 Oct 2001,false,,A,1.29,boi_year_page,0.101,sourced,boi_year_page,0.091,0.111,,,,26.66,boi_header,1077898579.0,0.94,62.017,4.6,18.4,0.066,50,1448,1582,1384,1545,false,Flop
1495,1495,Blood Money,2012,30 Mar 2012,false,,A,8.55,boi_year_page,0.101,sourced,boi_year_page,0.09,0.111,,,,101.74,boi_header,1278674501.0,0.79,118.092,16.1,18.3,0.079,50,1503,1268,1354,866,false,Flop
1496,1496,Tadap,2021,3 Dec 2021,false,,A,25.36,boi_year_page,0.1,sourced,hungama_footfalls,0.09,0.11,,,,145.27,interpolated,1414203896.0,0.71,184.029,30.7,18.2,0.79,12,1531,944,316,437,false,Flop
1497,1497,Dhoondte Reh Jaoge,2009,6 Mar 2009,false,,A,6.3,boi_year_page,0.1,sourced,boi_year_page,0.09,0.11,,,,78.63,boi_header,1225524764.0,0.82,91.27,15.4,18.2,0.132,50,1492,1287,1202,1001,false,Flop
1498,1498,Madhoshi,2004,24 Sep 2004,false,,A,3.07,boi_year_page,0.1,sourced,boi_year_page,0.09,0.11,,,,42.14,boi_header,1135991509.0,0.88,70.817,9.6,18.2,0.124,50,1467,1474,1225,1336,false,Disaster
1499,1499,Welcome 2 Karachi,2015,29 May 2015,false,,A,,,0.099,sourced,boi_year_page,0.089,0.109,,,,125.97,boi_header,1328024494.0,0.75,140.363,,18.1,,50,1522,,,,false,
1500,1500,Knock Out,2010,15 Oct 2010,false,,A,6.25,boi_year_page,0.099,sourced,boi_year_page,0.089,0.109,,,,88.6,boi_header,1243481565.0,0.8,100.0,13.9,18.1,0.094,50,1499,1331,1305,1005,false,Disaster
1501,1501,Hawas,2004,26 Mar 2004,false,,A,2.15,boi_year_page,0.099,sourced,boi_year_page,0.089,0.109,,,,42.14,boi_header,1135991509.0,0.87,70.817,6.8,18.0,0.087,50,1470,1547,1331,1457,false,Flop
1502,1502,Asambhav,2004,23 Jul 2004,false,,A,3.13,boi_year_page,0.099,sourced,boi_year_page,0.089,0.109,,,,42.14,boi_header,1135991509.0,0.87,70.817,9.8,18.0,0.127,50,1472,1471,1220,1322,false,Disaster
1503,1503,Kamaal Dhamaal Malamaal,2012,28 Sep 2012,false,,A,,,0.098,sourced,boi_year_page,0.088,0.108,,,,101.74,boi_header,1278674501.0,0.77,118.092,,17.9,,50,1514,,,,false,
1504,1504,Satyameva Jayate 2,2021,25 Nov 2021,false,,A,13.11,boi_year_page,0.098,sourced,hungama_footfalls,0.088,0.108,,,,145.27,interpolated,1414203896.0,0.69,184.029,15.8,17.9,0.408,12,1537,1276,674,681,false,Disaster
1505,1505,Daku Ramkali,2000,18 Feb 2000,false,,A,0.99,boi_year_page,0.098,sourced,boi_year_page,0.088,0.107,,,,24.07,boi_header,1057922731.0,0.92,58.975,3.7,17.8,0.057,50,1452,1594,1404,1579,false,Average
1506,1506,Aa Dekhen Zara,2009,27 Mar 2009,false,,A,6.16,boi_year_page,0.097,sourced,boi_year_page,0.087,0.106,,,,78.63,boi_header,1225524764.0,0.79,91.27,15.0,17.6,0.129,50,1500,1293,1209,1016,false,Disaster
1507,1507,Hattrick,2007,16 Mar 2007,false,,A,4.81,boi_year_page,0.096,sourced,boi_year_page,0.087,0.106,,,,60.73,boi_header,1190676028.0,0.81,82.242,13.0,17.6,0.088,50,1494,1360,1329,1141,false,Flop
1508,1508,Aladin,2009,30 Oct 2009,false,,A,5.91,boi_year_page,0.096,sourced,boi_year_page,0.086,0.106,,,,78.63,boi_header,1225524764.0,0.78,91.27,14.4,17.5,0.124,50,1505,1319,1227,1036,false,Disaster
1509,1509,Mere Dad Ki Maruti,2013,15 Mar 2013,false,,B,10.55,boi_year_page,0.096,derived_nett_over_atp,,0.082,0.11,,,,109.75,boi_header,1295829507.0,0.74,125.531,18.7,17.5,0.095,50,1523,1198,1302,772,false,Below Average
1510,1510,Agyaat,2009,7 Aug 2009,false,,A,5.33,boi_year_page,0.096,sourced,boi_year_page,0.086,0.105,,,,78.63,boi_header,1225524764.0,0.78,91.27,13.0,17.5,0.112,50,1507,1362,1267,1086,false,Flop
1511,1511,The Killer,2006,21 Jul 2006,false,,A,4.64,boi_year_page,0.095,sourced,boi_year_page,0.086,0.105,,,,53.91,boi_header,1172878888.0,0.81,78.334,13.2,17.3,0.091,50,1493,1354,1317,1159,false,Disaster
1512,1512,Sanam Teri Kasam,2016,5 Feb 2016,false,,A,8.04,boi_year_page,0.095,sourced,boi_year_page,0.085,0.104,,,,131.57,boi_header,1343944296.0,0.7,147.346,12.1,17.3,0.071,48,1535,1382,1372,889,false,Flop
1513,1513,Bhoomi,2017,22 Sep 2017,false,,A,,,0.095,sourced,boi_year_page,0.085,0.104,,,,134.38,boi_header,1359657398.0,0.7,152.254,,17.3,,50,1536,,,,false,
1514,1514,Money Hai Toh Honey Hai,2008,25 Jul 2008,false,,A,,,0.094,sourced,boi_year_page,0.085,0.104,,,,69.76,boi_header,1207930960.0,0.78,89.379,,17.2,,50,1509,,,,false,
1515,1515,Chandigah Kare Aashiqui,2021,10 Dec 2021,false,,A,22.45,boi_year_page,0.094,sourced,hungama_footfalls,0.085,0.103,,,,145.27,interpolated,1414203896.0,0.66,184.029,27.1,17.1,0.699,12,1549,1011,389,485,false,Disaster
1516,1516,Hind Ka Napak Ko Jawab - MSG Lion Heart-2,2017,10 Feb 2017,false,,A,10.72,boi_year_page,0.094,sourced,boi_year_page,0.084,0.103,,,,134.38,boi_header,1359657398.0,0.69,152.254,15.7,17.1,0.082,50,1540,1281,1341,763,false,Flop
1517,1517,EMI,2008,7 Nov 2008,false,,A,5.03,boi_year_page,0.094,sourced,boi_year_page,0.084,0.103,,,,69.76,boi_header,1207930960.0,0.78,89.379,12.5,17.1,0.09,50,1511,1373,1320,1116,false,Disaster
1518,1518,Firangi,2017,1 Dec 2017,false,,A,,,0.094,sourced,boi_year_page,0.084,0.103,,,,134.38,boi_header,1359657398.0,0.69,152.254,,17.1,,50,1541,,,,false,
1519,1519,Abhay,2001,16 Nov 2001,false,,A,2.02,boi_year_page,0.093,sourced,boi_year_page,0.084,0.103,,,,26.66,boi_header,1077898579.0,0.87,62.017,7.2,17.0,0.104,50,1475,1530,1284,1466,false,Disaster
1520,1520,Paap,2004,30 Jan 2004,false,,A,2.5,boi_year_page,0.093,sourced,boi_year_page,0.084,0.103,,,,42.14,boi_header,1135991509.0,0.82,70.817,7.8,17.0,0.101,50,1491,1520,1289,1418,false,Flop
1521,1521,Bombay Boys,1998,25 Dec 1998,false,,B,1.82,boi_year_page,0.093,derived_nett_over_atp,,0.079,0.107,,,,19.66,boi_header,1018665080.0,0.91,53.627,7.6,16.9,0.112,50,1460,1524,1266,1489,false,Average
1522,1522,Banjo,2016,23 Sep 2016,false,,A,,,0.092,sourced,boi_year_page,0.083,0.102,,,,131.57,boi_header,1343944296.0,0.69,147.346,,16.8,,48,1543,,,,false,
1523,1523,Top Gun: Maverick (English),2022,26-May-2022,false,,A,,,0.092,sourced,hungama_footfalls,0.083,0.101,,,,158.47,ormax_nett,1425423209.0,0.65,196.317,,16.8,,47,1554,,,,false,
1524,1524,Ajab Gazabb Love,2012,26 Oct 2012,false,,A,,,0.09,sourced,boi_year_page,0.081,0.099,,,,101.74,boi_header,1278674501.0,0.71,118.092,,16.5,,50,1532,,,,false,
1525,1525,Mahakaal,1994,11 Feb 1994,false,,B,1.0,boi_year_page,0.09,derived_nett_over_atp,,0.077,0.104,,,,11.05,boi_header,941163772.0,0.96,42.277,5.2,16.4,0.133,49,1435,1571,1200,1578,false,Average
1526,1526,Kaali Topi Laal Rumaal,2000,15 Sep 2000,false,,A,,,0.09,sourced,boi_year_page,0.081,0.099,,,,24.07,boi_header,1057922731.0,0.85,58.975,,16.4,,50,1479,,,,false,
1527,1527,Tumbbad,2018,12 Oct 2018,false,,A,12.15,boi_year_page,0.09,sourced,boi_year_page,0.081,0.099,,,,118.2,derived_boi_matched_n47,1374659067.0,0.65,158.226,17.1,16.4,0.074,50,1552,1238,1364,712,false,Flop
1528,1528,Attack,2022,1 Apr 2022,false,,B,14.13,boi_year_page,0.089,derived_nett_over_atp,,0.076,0.103,,,,158.47,ormax_nett,1425423209.0,0.63,196.317,16.0,16.2,0.069,47,1563,1271,1381,656,false,Disaster
1529,1529,Hisss,2010,22 Oct 2010,false,,A,5.32,boi_year_page,0.089,sourced,boi_year_page,0.08,0.098,,,,88.6,boi_header,1243481565.0,0.72,100.0,11.8,16.2,0.08,50,1528,1396,1349,1087,false,Disaster
1530,1530,Dirty Politics,2015,6 Mar 2015,false,,A,6.22,boi_year_page,0.089,sourced,boi_year_page,0.08,0.098,,,,125.97,boi_header,1328024494.0,0.67,140.363,9.9,16.2,0.048,50,1548,1469,1436,1009,false,Flop
1531,1531,Khichdi The Movie,2010,1 Oct 2010,false,,A,5.94,boi_year_page,0.089,sourced,boi_year_page,0.08,0.097,,,,88.6,boi_header,1243481565.0,0.71,100.0,13.2,16.1,0.089,50,1529,1351,1322,1034,false,Average
1532,1532,Mukkabaaz,2018,12 Jan 2018,false,,A,10.63,boi_year_page,0.089,sourced,boi_year_page,0.08,0.097,,,,118.2,derived_boi_matched_n47,1374659067.0,0.64,158.226,15.0,16.1,0.065,50,1556,1296,1385,769,false,Flop
1533,1533,Astitva,2000,6 Oct 2000,false,,A,1.46,boi_year_page,0.088,sourced,boi_year_page,0.079,0.097,,,,24.07,boi_header,1057922731.0,0.83,58.975,5.5,16.0,0.084,50,1487,1569,1338,1533,false,Flop
1534,1534,Ab Tak Chhappan 2,2015,27 Feb 2015,false,,A,,,0.088,sourced,boi_year_page,0.079,0.097,,,,125.97,boi_header,1328024494.0,0.66,140.363,,16.0,,50,1550,,,,false,
1535,1535,Godmother,1999,3 Sep 1999,false,,B,1.88,boi_year_page,0.087,derived_nett_over_atp,,0.074,0.101,,,,21.51,boi_header,1038225822.0,0.84,55.515,7.5,15.9,0.093,51,1480,1525,1307,1482,false,Flop
1536,1536,Fun... Can Be Dangerous Sometimes,2005,25 Feb 2005,false,,A,2.29,boi_year_page,0.087,sourced,boi_year_page,0.079,0.096,,,,49.16,boi_header,1154676321.0,0.76,73.99,6.9,15.9,0.088,50,1518,1538,1328,1439,false,Flop
1537,1537,Sheesha,2005,11 Feb 2005,false,,A,,,0.087,sourced,boi_year_page,0.078,0.096,,,,49.16,boi_header,1154676321.0,0.76,73.99,,15.9,,50,1519,,,,false,
1538,1538,Mere Jeevan Saathi,2006,3 Feb 2006,false,,A,2.42,boi_year_page,0.087,sourced,boi_year_page,0.078,0.096,,,,53.91,boi_header,1172878888.0,0.74,78.334,6.9,15.8,0.047,50,1524,1540,1442,1425,false,Disaster
1539,1539,Pyaar Mein Kabhi Kabhi...,1999,25 Jun 1999,false,,B,1.86,boi_year_page,0.086,derived_nett_over_atp,,0.073,0.099,,,,21.51,boi_header,1038225822.0,0.83,55.515,7.4,15.7,0.092,51,1488,1526,1311,1486,false,Flop
1540,1540,Pyaar Impossible!,2010,8 Jan 2010,false,,A,5.9,boi_year_page,0.086,sourced,boi_year_page,0.077,0.094,,,,88.6,boi_header,1243481565.0,0.69,100.0,13.1,15.6,0.089,50,1542,1356,1325,1040,false,Flop
1541,1541,Billa No.786,2000,29 Dec 2000,false,,A,0.98,boi_year_page,0.085,sourced,boi_year_page,0.077,0.094,,,,24.07,boi_header,1057922731.0,0.81,58.975,3.7,15.5,0.056,50,1496,1595,1406,1581,false,Flop
1542,1542,Dharam Sankat Mein,2015,10 Apr 2015,false,,A,9.07,boi_year_page,0.085,sourced,boi_year_page,0.077,0.094,,,,125.97,boi_header,1328024494.0,0.64,140.363,14.4,15.5,0.07,50,1557,1321,1377,837,false,Flop
1543,1543,Khatron Ke Khiladi,2001,4 May 2001,false,,A,0.99,boi_year_page,0.085,sourced,boi_year_page,0.076,0.093,,,,26.66,boi_header,1077898579.0,0.79,62.017,3.5,15.5,0.051,50,1501,1600,1428,1580,false,Disaster
1544,1544,Youngistaan,2014,28 Mar 2014,false,,A,,,0.085,sourced,boi_year_page,0.076,0.093,,,,117.89,boi_header,1312277184.0,0.64,133.849,,15.4,,50,1555,,,,false,
1545,1545,Zid,2014,28 Nov 2014,false,,A,6.03,boi_year_page,0.084,sourced,boi_year_page,0.075,0.092,,,,117.89,boi_header,1312277184.0,0.64,133.849,10.0,15.3,0.048,50,1558,1465,1437,1026,false,Flop
1546,1546,Meri Pyaari Bindu,2017,12 May 2017,false,,A,9.2,boi_year_page,0.084,sourced,boi_year_page,0.075,0.092,,,,134.38,boi_header,1359657398.0,0.61,152.254,13.4,15.2,0.071,50,1568,1342,1374,830,false,Flop
1547,1547,Black & White,2008,7 Mar 2008,false,,A,5.31,boi_year_page,0.083,sourced,boi_year_page,0.075,0.092,,,,69.76,boi_header,1207930960.0,0.69,89.379,13.2,15.2,0.095,50,1539,1352,1301,1090,false,Flop
1548,1548,Chameli,2004,9 Jan 2004,false,,A,3.2,boi_year_page,0.083,sourced,boi_year_page,0.075,0.091,,,,42.14,boi_header,1135991509.0,0.73,70.817,10.0,15.1,0.129,50,1526,1464,1208,1311,false,Flop
1549,1549,Doctor G,2022,14 Oct 2022,false,,A,24.34,boi_year_page,0.083,sourced,hungama_footfalls,0.075,0.091,,,,158.47,ormax_nett,1425423209.0,0.58,196.317,27.6,15.1,0.118,47,1582,1002,1244,451,false,
1550,1550,Agni Putra,2000,4 Feb 2000,false,,A,,,0.083,sourced,boi_year_page,0.075,0.091,,,,24.07,boi_header,1057922731.0,0.78,58.975,,15.1,,50,1506,,,,false,
1551,1551,Just Married,2007,16 Mar 2007,false,,A,4.17,boi_year_page,0.083,sourced,boi_year_page,0.074,0.091,,,,60.73,boi_header,1190676028.0,0.69,82.242,11.3,15.0,0.076,50,1538,1414,1357,1205,false,Disaster
1552,1552,India's Most Wanted,2019,24 May 2019,false,,A,10.62,boi_year_page,0.082,sourced,boi_year_page,0.074,0.09,,,,133.83,derived_boi_matched_n48,1389030307.0,0.59,164.163,14.4,14.9,0.054,50,1578,1320,1416,770,false,Disaster
1553,1553,Fanney Khan,2018,3 Aug 2018,false,,A,10.31,boi_year_page,0.081,sourced,boi_year_page,0.073,0.089,,,,118.2,derived_boi_matched_n47,1374659067.0,0.59,158.226,14.5,14.8,0.063,50,1576,1315,1392,787,false,Disaster
1554,1554,Meri Jung Ka Elaan,2000,22 Sep 2000,false,,A,0.83,boi_year_page,0.081,sourced,boi_year_page,0.073,0.089,,,,24.07,boi_header,1057922731.0,0.77,58.975,3.1,14.8,0.048,50,1515,1603,1440,1585,false,Below Average
1555,1555,Badhaai Do,2022,11 Feb 2022,false,,A,18.97,boi_year_page,0.081,sourced,hungama_footfalls,0.073,0.089,,,,158.47,ormax_nett,1425423209.0,0.57,196.317,21.5,14.8,0.092,47,1588,1134,1312,553,false,Flop
1556,1556,Johnny Gaddaar,2007,28 Sep 2007,false,,A,4.05,boi_year_page,0.08,sourced,boi_year_page,0.072,0.088,,,,60.73,boi_header,1190676028.0,0.68,82.242,11.0,14.6,0.074,50,1546,1428,1365,1218,false,Flop
1557,1557,Daddy Cool - Join The Fun,2009,28 Aug 2009,false,,A,4.44,boi_year_page,0.08,sourced,boi_year_page,0.072,0.088,,,,78.63,boi_header,1225524764.0,0.65,91.27,10.8,14.6,0.093,50,1553,1435,1308,1179,false,Flop
1558,1558,Valimai,2022,24-Feb-2022,false,,A,,,0.08,sourced,hungama_footfalls,0.072,0.088,,,,158.47,ormax_nett,1425423209.0,0.56,196.317,,14.6,,47,1591,,,,false,
1559,1559,Black Friday,2007,9 Feb 2007,false,,A,4.76,boi_year_page,0.08,sourced,boi_year_page,0.072,0.088,,,,60.73,boi_header,1190676028.0,0.67,82.242,12.9,14.6,0.087,50,1547,1366,1332,1148,false,Flop
1560,1560,Dangerous Ishhq,2012,11 May 2012,false,,A,5.76,boi_year_page,0.08,sourced,boi_year_page,0.072,0.088,,,,101.74,boi_header,1278674501.0,0.62,118.092,10.8,14.5,0.053,50,1565,1434,1419,1047,false,Flop
1561,1561,Khuda Haafiz Chapter 2 - Agni Pariksha,2022,8 Jul 2022,false,,B,12.58,boi_year_page,0.079,derived_nett_over_atp,,0.067,0.091,,,,158.47,ormax_nett,1425423209.0,0.56,196.317,14.3,14.5,0.061,47,1596,1324,1395,701,false,Disaster
1562,1562,Hawaa Hawaai,2014,9 May 2014,false,,A,8.37,boi_year_page,0.079,sourced,boi_year_page,0.071,0.087,,,,117.89,boi_header,1312277184.0,0.6,133.849,13.9,14.4,0.066,50,1572,1330,1383,877,false,Flop
1563,1563,Heropanti 2,2022,29 Apr 2022,false,,A,24.91,boi_year_page,0.079,sourced,hungama_footfalls,0.071,0.087,,,,158.47,ormax_nett,1425423209.0,0.55,196.317,28.2,14.4,0.121,47,1598,993,1234,445,false,Disaster
1564,1564,Darr @ The Mall,2014,21 Feb 2014,false,,A,,,0.079,sourced,boi_year_page,0.071,0.087,,,,117.89,boi_header,1312277184.0,0.6,133.849,,14.4,,50,1574,,,,false,
1565,1565,Aiyyaa,2012,12 Oct 2012,false,,A,,,0.079,sourced,boi_year_page,0.071,0.087,,,,101.74,boi_header,1278674501.0,0.62,118.092,,14.3,,50,1567,,,,false,
1566,1566,Iqbal,2005,26 Aug 2005,false,,B,3.86,boi_year_page,0.078,derived_nett_over_atp,,0.067,0.09,,,,49.16,boi_header,1154676321.0,0.68,73.99,11.6,14.3,0.149,50,1545,1404,1155,1242,false,Average
1567,1567,Hum Tum Aur Ghost,2010,26 Mar 2010,false,,A,4.89,boi_year_page,0.078,sourced,boi_year_page,0.07,0.086,,,,88.6,boi_header,1243481565.0,0.63,100.0,10.9,14.3,0.074,50,1562,1432,1367,1132,false,Disaster
1568,1568,Veerappan,2016,27 May 2016,false,,A,,,0.078,sourced,boi_year_page,0.07,0.086,,,,131.57,boi_header,1343944296.0,0.58,147.346,,14.3,,48,1581,,,,false,
1569,1569,London Paris New York,2012,2 Mar 2012,false,,A,6.38,boi_year_page,0.078,sourced,boi_year_page,0.07,0.086,,,,101.74,boi_header,1278674501.0,0.61,118.092,12.0,14.2,0.059,50,1570,1387,1402,993,false,Flop
1570,1570,Muskaan,2004,26 Mar 2004,false,,A,,,0.077,sourced,boi_year_page,0.07,0.085,,,,42.14,boi_header,1135991509.0,0.68,70.817,,14.1,,50,1544,,,,false,
1571,1571,Khosla Ka Ghosla,2006,22 Sep 2006,false,,A,4.59,boi_year_page,0.077,sourced,boi_year_page,0.069,0.085,,,,53.91,boi_header,1172878888.0,0.66,78.334,13.0,14.0,0.09,50,1551,1358,1321,1163,false,Below Average
1572,1572,Mithya,2008,8 Feb 2008,false,,A,5.19,boi_year_page,0.077,sourced,boi_year_page,0.069,0.084,,,,69.76,boi_header,1207930960.0,0.63,89.379,12.9,14.0,0.093,50,1560,1363,1309,1103,false,Below Average
1573,1573,B.A. Pass,2013,2 Aug 2013,false,,B,8.4,boi_year_page,0.077,derived_nett_over_atp,,0.065,0.088,,,,109.75,boi_header,1295829507.0,0.59,125.531,14.9,13.9,0.076,50,1577,1299,1360,875,false,Below Average
1574,1574,Aloo Chaat,2009,20 Mar 2009,false,,A,4.86,boi_year_page,0.077,sourced,boi_year_page,0.069,0.084,,,,78.63,boi_header,1225524764.0,0.62,91.27,11.8,13.9,0.102,50,1564,1395,1287,1135,false,Flop
1575,1575,Vatsyayana Kamsutra,2001,9 Mar 2001,false,,A,0.85,boi_year_page,0.076,sourced,boi_year_page,0.069,0.084,,,,26.66,boi_header,1077898579.0,0.71,62.017,3.0,13.9,0.044,50,1530,1607,1457,1584,false,Flop
1576,1576,Paagalpan,2001,8 Jun 2001,false,,A,1.03,boi_year_page,0.076,sourced,boi_year_page,0.068,0.084,,,,26.66,boi_header,1077898579.0,0.71,62.017,3.7,13.9,0.053,50,1533,1596,1420,1567,false,Disaster
1577,1577,Zahreela,2001,2 Mar 2001,false,,A,,,0.076,sourced,boi_year_page,0.068,0.084,,,,26.66,boi_header,1077898579.0,0.71,62.017,,13.9,,50,1534,,,,false,
1578,1578,Bank Chor,2017,16 Jun 2017,false,,A,7.11,boi_year_page,0.076,sourced,boi_year_page,0.068,0.083,,,,134.38,boi_header,1359657398.0,0.56,152.254,10.4,13.8,0.055,50,1595,1454,1412,938,false,Flop
1579,1579,Risk,2007,19 Jan 2007,false,,A,,,0.076,sourced,boi_year_page,0.068,0.083,,,,60.73,boi_header,1190676028.0,0.63,82.242,,13.8,,50,1559,,,,false,
1580,1580,Teraa Surroor,2016,11 Mar 2016,false,,A,6.18,boi_year_page,0.075,sourced,boi_year_page,0.068,0.083,,,,131.57,boi_header,1343944296.0,0.56,147.346,9.3,13.7,0.054,48,1592,1485,1413,1014,false,Flop
1581,1581,Liger,2022,25 Aug 2022,false,,A,20.63,boi_year_page,0.075,sourced,hungama_footfalls,0.068,0.083,,,,158.47,ormax_nett,1425423209.0,0.53,196.317,23.4,13.7,0.1,47,1613,1082,1291,517,false,Disaster
1582,1582,Mirzya,2016,7 Oct 2016,false,,A,,,0.074,sourced,boi_year_page,0.066,0.081,,,,131.57,boi_header,1343944296.0,0.55,147.346,,13.4,,48,1601,,,,false,
1583,1583,Teen Patti,2010,26 Feb 2010,false,,A,4.76,boi_year_page,0.074,sourced,boi_year_page,0.066,0.081,,,,88.6,boi_header,1243481565.0,0.59,100.0,10.6,13.4,0.072,50,1575,1443,1370,1147,false,Disaster
1584,1584,In Their Shoes,2015,13 Mar 2015,false,,B,9.27,boi_year_page,0.074,derived_nett_over_atp,,0.063,0.085,,,,125.97,boi_header,1328024494.0,0.55,140.363,14.7,13.4,0.072,50,1599,1307,1371,826,false,Disaster
1585,1585,Luv Shuv Tey Chicken Khurana,2012,2 Nov 2012,false,,A,6.42,boi_year_page,0.073,sourced,boi_year_page,0.066,0.081,,,,101.74,boi_header,1278674501.0,0.57,118.092,12.1,13.4,0.059,50,1586,1385,1400,989,false,Flop
1586,1586,Jattu Engineer,2017,19 May 2017,false,,A,7.18,boi_year_page,0.073,sourced,boi_year_page,0.066,0.081,,,,134.38,boi_header,1359657398.0,0.54,152.254,10.5,13.4,0.055,50,1606,1449,1409,933,false,Flop
1587,1587,Luv Ka The End,2011,6 May 2011,false,,A,5.87,boi_year_page,0.073,sourced,boi_year_page,0.066,0.08,,,,95.48,boi_header,1261224956.0,0.58,109.803,11.9,13.3,0.062,50,1584,1394,1394,1042,false,Flop
1588,1588,C Kkompany,2008,29 Aug 2008,false,,A,,,0.073,sourced,boi_year_page,0.066,0.08,,,,69.76,boi_header,1207930960.0,0.6,89.379,,13.3,,50,1571,,,,false,
1589,1589,Kaafila,2007,10 Aug 2007,false,,A,,,0.073,sourced,boi_year_page,0.066,0.08,,,,60.73,boi_header,1190676028.0,0.61,82.242,,13.3,,50,1569,,,,false,
1590,1590,An Action Hero,2022,2 Dec 2022,false,,B,11.53,boi_year_page,0.073,derived_nett_over_atp,,0.062,0.084,,,,158.47,ormax_nett,1425423209.0,0.51,196.317,13.1,13.3,0.056,47,1616,1357,1407,734,false,
1591,1591,Chaar Din Ki Chandni,2012,9 Mar 2012,false,,A,,,0.072,sourced,boi_year_page,0.065,0.08,,,,101.74,boi_header,1278674501.0,0.57,118.092,,13.2,,50,1589,,,,false,
1592,1592,Calendar Girls,2015,25 Sep 2015,false,,A,5.9,boi_year_page,0.071,sourced,boi_year_page,0.064,0.078,,,,125.97,boi_header,1328024494.0,0.54,140.363,9.3,13.0,0.045,50,1609,1483,1450,1039,false,Flop
1593,1593,Mumbai Xpress,2005,15 Apr 2005,false,,B,3.5,boi_year_page,0.071,derived_nett_over_atp,,0.061,0.082,,,,49.16,boi_header,1154676321.0,0.62,73.99,10.5,13.0,0.135,50,1566,1447,1193,1280,false,Flop
1594,1594,Mr. White Mr. Black,2008,2 May 2008,false,,A,,,0.07,sourced,boi_year_page,0.063,0.077,,,,69.76,boi_header,1207930960.0,0.58,89.379,,12.8,,50,1580,,,,false,
1595,1595,Ujda Chaman,2019,1 Nov 2019,false,,A,10.19,boi_year_page,0.07,sourced,boi_year_page,0.063,0.077,,,,133.83,derived_boi_matched_n48,1389030307.0,0.51,164.163,13.8,12.8,0.052,50,1617,1337,1424,791,false,Flop
1596,1596,Made In China,2019,25 Oct 2019,false,,A,10.37,boi_year_page,0.07,sourced,boi_year_page,0.063,0.077,,,,133.83,derived_boi_matched_n48,1389030307.0,0.5,164.163,14.1,12.8,0.053,50,1618,1329,1422,783,false,Disaster
1597,1597,Socha Na Tha,2005,4 Mar 2005,false,,B,3.43,boi_year_page,0.07,derived_nett_over_atp,,0.059,0.08,,,,49.16,boi_header,1154676321.0,0.6,73.99,10.3,12.7,0.132,50,1573,1458,1203,1290,false,Flop
1598,1598,Phone Bhoot,2022,4 Nov 2022,false,,B,11.05,boi_year_page,0.07,derived_nett_over_atp,,0.059,0.08,,,,158.47,ormax_nett,1425423209.0,0.49,196.317,12.5,12.7,0.054,47,1626,1372,1417,748,false,
1599,1599,Section 375,2019,13 Sep 2019,false,,A,10.88,boi_year_page,0.069,sourced,boi_year_page,0.062,0.076,,,,133.83,derived_boi_matched_n48,1389030307.0,0.5,164.163,14.7,12.6,0.055,50,1621,1305,1408,754,false,Flop
1600,1600,Jersey,2022,22 Apr 2022,false,,A,20.47,boi_year_page,0.069,sourced,hungama_footfalls,0.062,0.076,,,,158.47,ormax_nett,1425423209.0,0.48,196.317,23.2,12.6,0.099,47,1629,1088,1293,520,false,Disaster
1601,1601,Gulaal,2009,13 Mar 2009,false,,A,4.31,boi_year_page,0.068,sourced,boi_year_page,0.062,0.075,,,,78.63,boi_header,1225524764.0,0.56,91.27,10.5,12.5,0.09,50,1594,1448,1319,1187,false,Flop
1602,1602,Paltan,2018,7 Sep 2018,false,,A,7.77,boi_year_page,0.068,sourced,boi_year_page,0.061,0.075,,,,118.2,derived_boi_matched_n47,1374659067.0,0.5,158.226,10.9,12.4,0.048,50,1623,1429,1441,902,false,Disaster
1603,1603,Being Cyrus,2006,24 Mar 2006,false,,A,3.91,boi_year_page,0.068,sourced,boi_year_page,0.061,0.075,,,,53.91,boi_header,1172878888.0,0.58,78.334,11.1,12.4,0.076,50,1583,1421,1358,1237,false,Flop
1604,1604,Khelein Hum Jee Jaan Sey,2010,3 Dec 2010,false,,A,,,0.068,sourced,boi_year_page,0.061,0.075,,,,88.6,boi_header,1243481565.0,0.55,100.0,,12.4,,50,1603,,,,false,
1605,1605,Why Cheat India,2019,18 Jan 2019,false,,A,8.79,boi_year_page,0.067,sourced,boi_year_page,0.061,0.074,,,,133.83,derived_boi_matched_n48,1389030307.0,0.48,164.163,11.9,12.3,0.045,50,1628,1391,1455,853,false,Disaster
1606,1606,Roadside Romeo,2008,24 Oct 2008,false,,A,4.54,boi_year_page,0.067,sourced,boi_year_page,0.06,0.074,,,,69.76,boi_header,1207930960.0,0.56,89.379,11.3,12.2,0.081,50,1597,1413,1343,1166,false,Disaster
1607,1607,Stanley Ka Dabba,2011,13 May 2011,false,,A,5.56,boi_year_page,0.067,sourced,boi_year_page,0.06,0.073,,,,95.48,boi_header,1261224956.0,0.53,109.803,11.3,12.2,0.059,50,1611,1415,1401,1066,false,Flop
1608,1608,Ganapath - A Hero Is Born,2023,20 Oct 2023,false,,B,11.1,boi_year_page,0.067,derived_nett_over_atp,,0.057,0.077,,,,166.1,ormax_nett,1438069597.0,0.46,207.414,11.9,12.2,0.046,29,1637,1392,1447,747,false,
1609,1609,Dishkiyaoon,2014,28 Mar 2014,false,,A,,,0.066,sourced,boi_year_page,0.059,0.072,,,,117.89,boi_header,1312277184.0,0.5,133.849,,12.0,,50,1620,,,,false,
1610,1610,Maa Kasam,1999,5 Nov 1999,false,,B,1.42,boi_year_page,0.066,derived_nett_over_atp,,0.056,0.076,,,,21.51,boi_header,1038225822.0,0.63,55.515,5.7,12.0,0.07,51,1561,1565,1376,1537,false,Flop
1611,1611,Tathastu,2006,12 May 2006,false,,A,,,0.066,sourced,boi_year_page,0.059,0.072,,,,53.91,boi_header,1172878888.0,0.56,78.334,,12.0,,50,1593,,,,false,
1612,1612,Kya Love Story Hai,2007,20 Apr 2007,false,,A,,,0.066,sourced,boi_year_page,0.059,0.072,,,,60.73,boi_header,1190676028.0,0.55,82.242,,11.9,,50,1600,,,,false,
1613,1613,Jhund,2022,4 Mar 2022,false,,A,14.31,boi_year_page,0.065,sourced,hungama_footfalls,0.059,0.072,,,,158.47,ormax_nett,1425423209.0,0.46,196.317,16.2,11.8,0.069,47,1640,1266,1379,654,false,Flop
1614,1614,Citylights,2014,30 May 2014,false,,A,6.62,boi_year_page,0.065,sourced,boi_year_page,0.058,0.071,,,,117.89,boi_header,1312277184.0,0.49,133.849,11.0,11.8,0.052,50,1624,1426,1423,975,false,Flop
1615,1615,Darling,2007,7 Sep 2007,false,,A,,,0.065,sourced,boi_year_page,0.058,0.071,,,,60.73,boi_header,1190676028.0,0.54,82.242,,11.8,,50,1604,,,,false,
1616,1616,Jai Veeru,2009,13 Mar 2009,false,,A,,,0.065,sourced,boi_year_page,0.058,0.071,,,,78.63,boi_header,1225524764.0,0.53,91.27,,11.8,,50,1612,,,,false,
1617,1617,Guddu Rangeela,2015,3 Jul 2015,false,,A,,,0.065,sourced,boi_year_page,0.058,0.071,,,,125.97,boi_header,1328024494.0,0.49,140.363,,11.8,,50,1627,,,,false,
1618,1618,Dil Dosti Etc,2007,28 Sep 2007,false,,A,2.68,boi_year_page,0.064,sourced,boi_year_page,0.058,0.07,,,,60.73,boi_header,1190676028.0,0.54,82.242,7.2,11.7,0.049,50,1607,1529,1432,1388,false,Flop
1619,1619,Acid Factory,2009,9 Oct 2009,false,,A,3.8,boi_year_page,0.064,sourced,boi_year_page,0.057,0.07,,,,78.63,boi_header,1225524764.0,0.52,91.27,9.3,11.6,0.08,50,1614,1489,1351,1246,false,Disaster
1620,1620,Chup!,2022,23 Sep 2022,false,,B,10.01,boi_year_page,0.063,derived_nett_over_atp,,0.054,0.073,,,,158.47,ormax_nett,1425423209.0,0.44,196.317,11.3,11.5,0.049,47,1644,1411,1434,798,false,Disaster
1621,1621,Grahan,2001,16 Feb 2001,false,,A,,,0.063,sourced,boi_year_page,0.057,0.069,,,,26.66,boi_header,1077898579.0,0.58,62.017,,11.5,,50,1579,,,,false,
1622,1622,Shiva,2006,15 Nov 2006,false,,A,2.44,boi_year_page,0.063,sourced,boi_year_page,0.057,0.069,,,,53.91,boi_header,1172878888.0,0.54,78.334,6.9,11.5,0.048,50,1608,1535,1438,1422,false,Disaster
1623,1623,Angrezi Medium,2020,13 Mar 2020,false,,A,9.06,boi_year_page,0.063,sourced,boi_year_page,0.056,0.069,0.06,hungama_footfalls,,133.16,derived_boi_matched_n41,1402617694.0,0.45,175.025,11.5,11.4,0.155,44,1643,1407,1144,838,false,Disaster
1624,1624,Ehsaas,2001,30 Nov 2001,false,,A,,,0.062,sourced,boi_year_page,0.056,0.069,,,,26.66,boi_header,1077898579.0,0.58,62.017,,11.4,,50,1585,,,,false,
1625,1625,Mr Ya Miss,2005,2 Dec 2005,false,,B,3.07,boi_year_page,0.062,derived_nett_over_atp,,0.053,0.072,,,,49.16,boi_header,1154676321.0,0.54,73.99,9.2,11.4,0.118,50,1605,1493,1243,1337,false,Flop
1626,1626,Avgat,2001,1 Jun 2001,false,,A,1.0,boi_year_page,0.062,sourced,boi_year_page,0.056,0.068,,,,26.66,boi_header,1077898579.0,0.57,62.017,3.6,11.2,0.052,50,1587,1598,1427,1568,false,Disaster
1627,1627,Jhankaar Beats,2003,20 Jun 2003,false,,B,2.19,boi_year_page,0.061,derived_nett_over_atp,,0.052,0.07,,,,35.77,boi_header,1116803000.0,0.55,66.935,7.3,11.1,0.109,50,1602,1528,1273,1456,false,Flop
1628,1628,Mehbooba,2008,11 Jul 2008,false,,A,,,0.061,sourced,boi_year_page,0.055,0.067,,,,69.76,boi_header,1207930960.0,0.5,89.379,,11.1,,50,1619,,,,false,
1629,1629,Bhairav,2001,19 Jan 2001,false,,A,,,0.061,sourced,boi_year_page,0.055,0.067,,,,26.66,boi_header,1077898579.0,0.56,62.017,,11.1,,50,1590,,,,false,
1630,1630,Saheb Biwi Aur Gangster 3,2018,27 Jul 2018,false,,A,7.36,boi_year_page,0.06,sourced,boi_year_page,0.054,0.066,,,,118.2,derived_boi_matched_n47,1374659067.0,0.44,158.226,10.3,11.0,0.045,50,1645,1457,1453,924,false,Flop
1631,1631,Raincoat,2004,24 Dec 2004,false,,B,2.54,boi_year_page,0.06,derived_nett_over_atp,,0.051,0.069,,,,42.14,boi_header,1135991509.0,0.53,70.817,8.0,11.0,0.103,50,1610,1517,1285,1404,false,Disaster
1632,1632,Crakk - Jeetegaa Toh Jiyegaa,2024,23 Feb 2024,false,,B,10.45,boi_year_page,0.06,derived_nett_over_atp,,0.051,0.069,,,,173.97,interpolated,1451098474.0,0.41,217.735,10.7,10.9,0.045,17,1654,1440,1456,780,false,
1633,1633,Namaste England,2018,18 Oct 2018,false,,A,7.92,boi_year_page,0.06,sourced,boi_year_page,0.054,0.066,,,,118.2,derived_boi_matched_n47,1374659067.0,0.44,158.226,11.1,10.9,0.048,50,1648,1418,1435,897,false,Disaster
1634,1634,Hit - The First Case,2022,15 Jul 2022,false,,B,9.44,boi_year_page,0.06,derived_nett_over_atp,,0.051,0.069,,,,158.47,ormax_nett,1425423209.0,0.42,196.317,10.7,10.9,0.046,47,1651,1439,1448,819,false,Disaster
1635,1635,Mujhse Fraaandship Karoge,2011,14 Oct 2011,false,,A,4.87,boi_year_page,0.06,sourced,boi_year_page,0.054,0.065,,,,95.48,boi_header,1261224956.0,0.47,109.803,9.9,10.8,0.052,50,1634,1468,1425,1134,false,Flop
1636,1636,Jayeshbhai Jordaar,2022,13 May 2022,false,,A,16.59,boi_year_page,0.059,sourced,hungama_footfalls,0.053,0.065,,,,158.47,ormax_nett,1425423209.0,0.41,196.317,18.8,10.8,0.081,47,1655,1194,1346,602,false,Disaster
1637,1637,Pataakha,2018,28 Sep 2018,false,,A,7.96,boi_year_page,0.059,sourced,boi_year_page,0.053,0.065,,,,118.2,derived_boi_matched_n47,1374659067.0,0.43,158.226,11.2,10.7,0.049,50,1650,1417,1433,895,false,Disaster
1638,1638,Jaane Kahan Se Aayi Hai,2010,9 Apr 2010,false,,A,,,0.059,sourced,boi_year_page,0.053,0.065,,,,88.6,boi_header,1243481565.0,0.47,100.0,,10.7,,50,1631,,,,false,
1639,1639,Rocky,2006,22 Sep 2006,false,,A,,,0.058,sourced,boi_year_page,0.053,0.064,,,,53.91,boi_header,1172878888.0,0.5,78.334,,10.6,,50,1622,,,,false,
1640,1640,Toh Baat Pakki,2010,19 Feb 2010,false,,A,,,0.058,sourced,boi_year_page,0.053,0.064,,,,88.6,boi_header,1243481565.0,0.47,100.0,,10.6,,50,1635,,,,false,
1641,1641,Not A Love Story,2011,19 Aug 2011,false,,A,4.21,boi_year_page,0.058,sourced,boi_year_page,0.052,0.064,,,,95.48,boi_header,1261224956.0,0.46,109.803,8.5,10.6,0.045,50,1638,1507,1454,1204,false,Flop
1642,1642,Filmistaan,2014,6 Jun 2014,false,,B,6.76,boi_year_page,0.057,derived_nett_over_atp,,0.049,0.066,,,,117.89,boi_header,1312277184.0,0.44,133.849,11.2,10.5,0.054,50,1647,1416,1418,966,false,Flop
1643,1643,Dil Kabaddi,2008,5 Dec 2008,false,,A,3.84,boi_year_page,0.057,sourced,boi_year_page,0.051,0.063,,,,69.76,boi_header,1207930960.0,0.47,89.379,9.6,10.4,0.069,50,1632,1477,1380,1243,false,Flop
1644,1644,Danger,2002,17 May 2002,false,,B,1.7,boi_year_page,0.057,derived_nett_over_atp,,0.048,0.065,,,,29.98,boi_header,1097600380.0,0.52,63.552,6.0,10.3,0.104,50,1615,1561,1283,1508,false,Flop
1645,1645,Shaadi Karke Phas Gaya Yaar,2006,4 Aug 2006,false,,A,,,0.057,sourced,boi_year_page,0.051,0.062,,,,53.91,boi_header,1172878888.0,0.48,78.334,,10.3,,50,1630,,,,false,
1646,1646,Do Dooni Chaar,2010,8 Oct 2010,false,,A,4.23,boi_year_page,0.057,sourced,boi_year_page,0.051,0.062,,,,88.6,boi_header,1243481565.0,0.46,100.0,9.4,10.3,0.064,50,1641,1480,1389,1201,false,Flop
1647,1647,Nazar,2005,20 May 2005,false,,B,2.78,boi_year_page,0.057,derived_nett_over_atp,,0.048,0.065,,,,49.16,boi_header,1154676321.0,0.49,73.99,8.4,10.3,0.107,50,1625,1512,1278,1373,false,Flop
1648,1648,Loot,2011,4 Nov 2011,false,,A,3.2,boi_year_page,0.056,sourced,boi_year_page,0.051,0.062,,,,95.48,boi_header,1261224956.0,0.45,109.803,6.5,10.3,0.034,50,1642,1552,1482,1309,false,Disaster
1649,1649,Gandhi My Father,2007,3 Aug 2007,false,,B,3.42,boi_year_page,0.056,derived_nett_over_atp,,0.048,0.065,,,,60.73,boi_header,1190676028.0,0.47,82.242,9.2,10.3,0.063,50,1633,1490,1393,1291,false,Disaster
1650,1650,Contract,2008,18 Jul 2008,false,,A,2.66,boi_year_page,0.056,sourced,boi_year_page,0.05,0.061,,,,69.76,boi_header,1207930960.0,0.46,89.379,6.6,10.1,0.048,50,1639,1550,1439,1390,false,Flop
1651,1651,Shor In The City,2011,29 Apr 2011,false,,A,4.31,boi_year_page,0.055,sourced,boi_year_page,0.05,0.061,,,,95.48,boi_header,1261224956.0,0.44,109.803,8.7,10.1,0.046,50,1646,1504,1449,1186,false,Flop
1652,1652,Ekk Deewana Tha,2012,17 Feb 2012,false,,B,5.62,boi_year_page,0.055,derived_nett_over_atp,,0.047,0.063,,,,101.74,boi_header,1278674501.0,0.43,118.092,10.6,10.1,0.052,50,1649,1445,1426,1061,false,Flop
1653,1653,Dil Diya Hai,2006,8 Sep 2006,false,,A,2.31,boi_year_page,0.055,sourced,boi_year_page,0.049,0.06,,,,53.91,boi_header,1172878888.0,0.47,78.334,6.6,10.0,0.045,50,1636,1551,1451,1434,false,Disaster
1654,1654,Ugly,2014,26 Dec 2014,false,,B,6.24,boi_year_page,0.053,derived_nett_over_atp,,0.045,0.061,,,,117.89,boi_header,1312277184.0,0.4,133.849,10.4,9.6,0.049,50,1661,1456,1431,1007,false,Flop
1655,1655,Raman Raghav 2.0,2016,24 Jun 2016,false,,B,6.8,boi_year_page,0.052,derived_nett_over_atp,,0.044,0.059,,,,131.57,boi_header,1343944296.0,0.38,147.346,10.3,9.4,0.06,48,1664,1460,1398,962,false,Flop
1656,1656,Gumraah,2023,7 Apr 2023,false,,B,8.49,boi_year_page,0.051,derived_nett_over_atp,,0.043,0.059,,,,166.1,ormax_nett,1438069597.0,0.36,207.414,9.1,9.3,0.035,29,1670,1495,1477,869,false,
1657,1657,Pal Pal Dil Ke Paas,2019,20 Sep 2019,false,,A,6.91,boi_year_page,0.051,sourced,boi_year_page,0.046,0.056,,,,133.83,derived_boi_matched_n48,1389030307.0,0.37,164.163,9.4,9.3,0.035,50,1668,1482,1478,953,false,Disaster
1658,1658,Chillar Party,2011,8 Jul 2011,false,,A,4.11,boi_year_page,0.051,sourced,boi_year_page,0.046,0.056,,,,95.48,boi_header,1261224956.0,0.4,109.803,8.3,9.3,0.044,50,1662,1513,1459,1210,false,Flop
1659,1659,Mumbai Meri Jaan,2008,22 Aug 2008,false,,A,3.54,boi_year_page,0.05,sourced,boi_year_page,0.045,0.055,,,,69.76,boi_header,1207930960.0,0.42,89.379,8.8,9.2,0.063,50,1652,1503,1391,1269,false,Flop
1660,1660,Fox,2009,4 Sep 2009,false,,A,2.87,boi_year_page,0.05,sourced,boi_year_page,0.045,0.055,,,,78.63,boi_header,1225524764.0,0.41,91.27,7.0,9.1,0.06,50,1656,1534,1397,1362,false,Disaster
1661,1661,Jashnn,2009,17 Jul 2009,false,,A,2.84,boi_year_page,0.05,sourced,boi_year_page,0.045,0.055,,,,78.63,boi_header,1225524764.0,0.41,91.27,6.9,9.1,0.06,50,1659,1536,1399,1365,false,Disaster
1662,1662,Buddha Mar Gaya,2007,17 Aug 2007,false,,B,2.95,boi_year_page,0.049,derived_nett_over_atp,,0.041,0.056,,,,60.73,boi_header,1190676028.0,0.41,82.242,8.0,8.8,0.054,50,1657,1518,1414,1355,false,Flop
1663,1663,Main Meri Patni Aur Woh,2005,7 Oct 2005,false,,B,2.36,boi_year_page,0.048,derived_nett_over_atp,,0.041,0.055,,,,49.16,boi_header,1154676321.0,0.42,73.99,7.1,8.8,0.091,50,1653,1533,1316,1432,false,Flop
1664,1664,Aagey Se Right,2009,4 Sep 2009,false,,A,3.04,boi_year_page,0.048,sourced,boi_year_page,0.043,0.052,,,,78.63,boi_header,1225524764.0,0.39,91.27,7.4,8.7,0.064,50,1663,1527,1388,1341,false,Flop
1665,1665,Dor,2006,22 Sep 2006,false,,A,2.7,boi_year_page,0.048,sourced,boi_year_page,0.043,0.052,,,,53.91,boi_header,1172878888.0,0.41,78.334,7.7,8.7,0.053,50,1660,1521,1421,1384,false,Flop
1666,1666,Shikara,2020,7 Feb 2020,false,,A,7.27,boi_year_page,0.047,sourced,boi_year_page,0.042,0.052,0.042,hungama_footfalls,,133.16,derived_boi_matched_n41,1402617694.0,0.34,175.025,9.2,8.6,0.124,44,1676,1491,1226,926,false,Disaster
1667,1667,Main Aur Charles,2015,30 Oct 2015,false,,B,5.85,boi_year_page,0.046,derived_nett_over_atp,,0.039,0.053,,,,125.97,boi_header,1328024494.0,0.35,140.363,9.3,8.5,0.045,50,1673,1488,1452,1043,false,Flop
1668,1668,Bunty Aur Babli 2,2021,19 Nov 2021,false,,A,11.98,boi_year_page,0.046,sourced,hungama_footfalls,0.041,0.051,,,,145.27,interpolated,1414203896.0,0.33,184.029,14.5,8.4,0.417,12,1681,1316,664,718,false,Disaster
1669,1669,Prassthanam,2019,20 Sep 2019,false,,A,,,0.046,sourced,boi_year_page,0.041,0.05,,,,133.83,derived_boi_matched_n48,1389030307.0,0.33,164.163,,8.3,,50,1679,,,,false,
1670,1670,Joggers' Park,2003,12 Sep 2003,false,,B,1.63,boi_year_page,0.045,derived_nett_over_atp,,0.039,0.052,,,,35.77,boi_header,1116803000.0,0.41,66.935,5.4,8.3,0.081,50,1658,1570,1345,1512,false,Flop
1671,1671,Bhoot Returns,2012,12 Oct 2012,false,,B,4.58,boi_year_page,0.045,derived_nett_over_atp,,0.038,0.052,,,,101.74,boi_header,1278674501.0,0.35,118.092,8.6,8.2,0.042,50,1671,1506,1463,1165,false,Flop
1672,1672,Provoked,2006,7 Apr 2006,false,,B,2.41,boi_year_page,0.045,derived_nett_over_atp,,0.038,0.051,,,,53.91,boi_header,1172878888.0,0.38,78.334,6.8,8.1,0.047,50,1665,1541,1443,1426,false,Disaster
1673,1673,Margarita With A Straw,2015,17 Apr 2015,false,,B,5.6,boi_year_page,0.044,derived_nett_over_atp,,0.038,0.051,,,,125.97,boi_header,1328024494.0,0.33,140.363,8.9,8.1,0.043,50,1677,1499,1461,1062,false,Flop
1674,1674,Anek,2022,27 May 2022,false,,B,7.02,boi_year_page,0.044,derived_nett_over_atp,,0.038,0.051,,,,158.47,ormax_nett,1425423209.0,0.31,196.317,8.0,8.1,0.034,47,1688,1519,1481,945,false,Disaster
1675,1675,Arjun Patiala,2019,26 Jul 2019,false,,A,6.22,boi_year_page,0.044,sourced,boi_year_page,0.039,0.048,,,,133.83,derived_boi_matched_n48,1389030307.0,0.32,164.163,8.4,8.0,0.032,50,1686,1510,1486,1010,false,Disaster
1676,1676,Nil Battey Sannatta,2016,22 Apr 2016,false,,B,5.63,boi_year_page,0.043,derived_nett_over_atp,,0.036,0.049,,,,131.57,boi_header,1343944296.0,0.32,147.346,8.5,7.8,0.05,48,1685,1509,1430,1059,false,Flop
1677,1677,My Wife's Murder,2005,19 Aug 2005,false,,B,2.08,boi_year_page,0.042,derived_nett_over_atp,,0.036,0.049,,,,49.16,boi_header,1154676321.0,0.37,73.99,6.2,7.7,0.08,50,1667,1554,1350,1465,false,Flop
1678,1678,Satta,2003,7 Feb 2003,false,,B,1.51,boi_year_page,0.042,derived_nett_over_atp,,0.036,0.049,,,,35.77,boi_header,1116803000.0,0.38,66.935,5.0,7.7,0.075,50,1666,1576,1361,1518,false,Flop
1679,1679,Sonchiriya,2019,1 Mar 2019,false,,B,5.63,boi_year_page,0.042,derived_nett_over_atp,,0.036,0.048,,,,133.83,derived_boi_matched_n48,1389030307.0,0.3,164.163,7.6,7.7,0.029,50,1690,1523,1493,1058,false,Disaster
1680,1680,Genius,2018,24 Aug 2018,false,,A,,,0.042,sourced,boi_year_page,0.038,0.046,,,,118.2,derived_boi_matched_n47,1374659067.0,0.3,158.226,,7.6,,50,1689,,,,false,
1681,1681,Journey Bombay To Goa,2007,6 Jul 2007,false,,B,2.52,boi_year_page,0.042,derived_nett_over_atp,,0.035,0.048,,,,60.73,boi_header,1190676028.0,0.35,82.242,6.8,7.6,0.046,50,1674,1544,1445,1406,false,Flop
1682,1682,Bhaiaji Superhittt,2018,23 Nov 2018,false,,A,,,0.041,sourced,boi_year_page,0.037,0.046,,,,118.2,derived_boi_matched_n47,1374659067.0,0.3,158.226,,7.5,,50,1692,,,,false,
1683,1683,Bin Bulaye Baraati,2011,17 Jun 2011,false,,A,,,0.041,sourced,boi_year_page,0.037,0.045,,,,95.48,boi_header,1261224956.0,0.33,109.803,,7.5,,50,1680,,,,false,
1684,1684,Blank,2019,3 May 2019,false,,A,,,0.041,sourced,boi_year_page,0.036,0.045,,,,133.83,derived_boi_matched_n48,1389030307.0,0.29,164.163,,7.4,,50,1695,,,,false,
1685,1685,Suraj Pe Mangal Bhari,2020,15 Nov 2020,false,,B,5.37,boi_year_page,0.04,derived_nett_over_atp,,0.034,0.046,,,,133.16,derived_boi_matched_n41,1402617694.0,0.29,175.025,6.8,7.3,0.092,44,1697,1543,1313,1081,false,Disaster
1686,1686,Always Kabhi Kabhi,2011,17 Jun 2011,false,,A,3.08,boi_year_page,0.04,sourced,boi_year_page,0.036,0.044,,,,95.48,boi_header,1261224956.0,0.32,109.803,6.2,7.3,0.033,50,1684,1556,1483,1334,false,Disaster
1687,1687,Chhota Bheem And The Curse Of Damyaan,2012,18 May 2012,false,,B,4.06,boi_year_page,0.04,derived_nett_over_atp,,0.034,0.046,,,,101.74,boi_header,1278674501.0,0.31,118.092,7.6,7.3,0.037,50,1687,1522,1474,1217,false,Flop
1688,1688,Bawandar,2001,7 Dec 2001,false,,B,1.05,boi_year_page,0.039,derived_nett_over_atp,,0.033,0.045,,,,26.66,boi_header,1077898579.0,0.37,62.017,3.8,7.2,0.054,50,1669,1592,1415,1565,false,Flop
1689,1689,Kaalakaandi,2018,12 Jan 2018,false,,A,,,0.039,sourced,boi_year_page,0.035,0.043,,,,118.2,derived_boi_matched_n47,1374659067.0,0.28,158.226,,7.1,,50,1700,,,,false,
1690,1690,Makdee,2002,22 Nov 2002,false,,B,1.15,boi_year_page,0.038,derived_nett_over_atp,,0.033,0.044,,,,29.98,boi_header,1097600380.0,0.35,63.552,4.0,7.0,0.071,50,1672,1589,1373,1561,false,Flop
1691,1691,Chatur Singh Two Star,2011,19 Aug 2011,false,,A,,,0.038,sourced,boi_year_page,0.034,0.042,,,,95.48,boi_header,1261224956.0,0.3,109.803,,6.9,,50,1691,,,,false,
1692,1692,Goodbye,2022,7 Oct 2022,false,,B,6.02,boi_year_page,0.038,derived_nett_over_atp,,0.032,0.044,,,,158.47,ormax_nett,1425423209.0,0.27,196.317,6.8,6.9,0.029,47,1710,1545,1490,1027,false,
1693,1693,Nawabzaade,2018,27 Jul 2018,false,,A,4.25,boi_year_page,0.038,sourced,boi_year_page,0.034,0.041,,,,118.2,derived_boi_matched_n47,1374659067.0,0.27,158.226,6.0,6.9,0.026,50,1706,1560,1503,1197,false,Flop
1694,1694,Rashtra Kavach - Om,2022,1 Jul 2022,false,,B,5.9,boi_year_page,0.037,derived_nett_over_atp,,0.032,0.043,,,,158.47,ormax_nett,1425423209.0,0.26,196.317,6.7,6.8,0.029,47,1712,1549,1492,1037,false,Disaster
1695,1695,Rahul,2001,6 Apr 2001,false,,B,0.98,boi_year_page,0.037,derived_nett_over_atp,,0.031,0.042,,,,26.66,boi_header,1077898579.0,0.34,62.017,3.5,6.7,0.05,50,1675,1601,1429,1582,false,Disaster
1696,1696,Teree Sang,2009,7 Aug 2009,false,,A,1.97,boi_year_page,0.036,sourced,boi_year_page,0.033,0.04,,,,78.63,boi_header,1225524764.0,0.3,91.27,4.8,6.6,0.041,50,1693,1580,1465,1476,false,Flop
1697,1697,Kucch Luv Jaisa,2011,27 May 2011,false,,A,2.79,boi_year_page,0.036,sourced,boi_year_page,0.032,0.039,,,,95.48,boi_header,1261224956.0,0.28,109.803,5.6,6.5,0.03,50,1699,1566,1489,1372,false,Disaster
1698,1698,Tutak Tutak Tutiya,2016,7 Oct 2016,false,,B,4.72,boi_year_page,0.036,derived_nett_over_atp,,0.03,0.041,,,,131.57,boi_header,1343944296.0,0.27,147.346,7.1,6.5,0.042,48,1709,1531,1464,1155,false,Flop
1699,1699,Well Done Abba,2010,26 Mar 2010,false,,B,3.1,boi_year_page,0.035,derived_nett_over_atp,,0.03,0.04,,,,88.6,boi_header,1243481565.0,0.28,100.0,6.9,6.4,0.047,50,1702,1539,1444,1327,false,Flop
1700,1700,Indu Sarkar,2017,28 Jul 2017,false,,B,4.68,boi_year_page,0.035,derived_nett_over_atp,,0.03,0.04,,,,134.38,boi_header,1359657398.0,0.26,152.254,6.8,6.3,0.036,50,1716,1542,1476,1157,false,Flop
1701,1701,Chehre,2021,27 Aug 2021,false,,B,5.04,boi_year_page,0.035,derived_nett_over_atp,,0.029,0.04,,,,145.27,interpolated,1414203896.0,0.25,184.029,6.1,6.3,0.175,12,1719,1557,1081,1112,false,Disaster
1702,1702,Aamir,2008,6 Jun 2008,false,,B,2.42,boi_year_page,0.035,derived_nett_over_atp,,0.029,0.04,,,,69.76,boi_header,1207930960.0,0.29,89.379,6.0,6.3,0.043,50,1698,1558,1460,1424,false,Flop
1703,1703,Udaan,2010,16 Jul 2010,false,,B,3.07,boi_year_page,0.035,derived_nett_over_atp,,0.029,0.04,,,,88.6,boi_header,1243481565.0,0.28,100.0,6.8,6.3,0.046,50,1703,1546,1446,1338,false,Flop
1704,1704,Hyderabad Blues,1998,17 Jul 1998,false,,B,0.67,boi_year_page,0.034,derived_nett_over_atp,,0.029,0.039,,,,19.66,boi_header,1018665080.0,0.33,53.627,2.8,6.2,0.041,50,1678,1610,1466,1600,false,Average
1705,1705,Roohi,2021,11 Mar 2021,false,,A,23.12,boi_year_page,0.034,sourced,hungama_footfalls,0.031,0.037,,,,145.27,interpolated,1414203896.0,0.24,184.029,28.0,6.2,0.72,12,1720,994,370,470,false,Flop
1706,1706,Sins,2005,25 Feb 2005,false,,B,1.67,boi_year_page,0.034,derived_nett_over_atp,,0.029,0.039,,,,49.16,boi_header,1154676321.0,0.29,73.99,5.0,6.2,0.064,50,1694,1577,1386,1509,false,Flop
1707,1707,Kisaan,2009,28 Aug 2009,false,,A,,,0.034,sourced,boi_year_page,0.03,0.037,,,,78.63,boi_header,1225524764.0,0.28,91.27,,6.2,,50,1704,,,,false,
1708,1708,Motu Patlu King Of Kings,2016,14 Oct 2016,false,,B,4.45,boi_year_page,0.034,derived_nett_over_atp,,0.029,0.039,,,,131.57,boi_header,1343944296.0,0.25,147.346,6.7,6.2,0.039,48,1717,1548,1473,1178,false,Below Average
1709,1709,Murdaa,1998,14 Aug 1998,false,,B,0.65,boi_year_page,0.033,derived_nett_over_atp,,0.028,0.038,,,,19.66,boi_header,1018665080.0,0.32,53.627,2.7,6.0,0.04,50,1682,1611,1471,1602,false,Semi Hit
1710,1710,15 Park Avenue,2006,6 Jan 2006,false,,B,1.78,boi_year_page,0.033,derived_nett_over_atp,,0.028,0.038,,,,53.91,boi_header,1172878888.0,0.28,78.334,5.1,6.0,0.035,50,1701,1575,1479,1494,false,Flop
1711,1711,Shaurya,2008,4 May 2008,false,,B,2.3,boi_year_page,0.033,derived_nett_over_atp,,0.028,0.038,,,,69.76,boi_header,1207930960.0,0.27,89.379,5.7,6.0,0.041,50,1707,1564,1468,1438,false,Flop
1712,1712,Phas Gaye Re Obama,2010,3 Dec 2010,false,,B,2.9,boi_year_page,0.033,derived_nett_over_atp,,0.028,0.038,,,,88.6,boi_header,1243481565.0,0.26,100.0,6.5,6.0,0.044,50,1711,1553,1458,1359,false,Flop
1713,1713,Teen Thay Bhai,2011,15 Apr 2011,false,,A,2.47,boi_year_page,0.032,sourced,boi_year_page,0.029,0.036,,,,95.48,boi_header,1261224956.0,0.26,109.803,5.0,5.9,0.026,50,1715,1578,1500,1420,false,Disaster
1714,1714,Chudail,1997,9 May 1997,false,,B,0.58,boi_year_page,0.032,derived_nett_over_atp,,0.028,0.037,,,,17.92,boi_header,999133764.0,0.32,50.681,2.5,5.9,0.032,51,1683,1613,1485,1610,false,Below Average
1715,1715,Woodstock Villa,2008,30 May 2008,false,,B,2.26,boi_year_page,0.032,derived_nett_over_atp,,0.027,0.037,,,,69.76,boi_header,1207930960.0,0.27,89.379,5.6,5.9,0.04,50,1708,1568,1470,1442,false,Flop
1716,1716,Tum Bin 2,2016,18 Nov 2016,false,,B,4.13,boi_year_page,0.031,derived_nett_over_atp,,0.027,0.036,,,,131.57,boi_header,1343944296.0,0.23,147.346,6.2,5.7,0.036,48,1721,1555,1475,1208,false,Flop
1717,1717,Johrabai,2000,28 Jan 2000,false,,B,0.74,boi_year_page,0.031,derived_nett_over_atp,,0.026,0.035,,,,24.07,boi_header,1057922731.0,0.29,58.975,2.8,5.6,0.042,50,1696,1609,1462,1594,false,Below Average
1718,1718,Rules - Pyaar Ka Superhit Formula,2003,5 Sep 2003,false,,B,1.1,boi_year_page,0.031,derived_nett_over_atp,,0.026,0.035,,,,35.77,boi_header,1116803000.0,0.27,66.935,3.6,5.6,0.055,50,1705,1597,1411,1564,false,Flop
1719,1719,Laila - A Mystery,2005,1 Apr 2005,false,,B,1.47,boi_year_page,0.03,derived_nett_over_atp,,0.025,0.034,,,,49.16,boi_header,1154676321.0,0.26,73.99,4.4,5.4,0.057,50,1714,1586,1405,1532,false,Flop
1720,1720,Mastram,2014,9 May 2014,false,,B,3.51,boi_year_page,0.03,derived_nett_over_atp,,0.025,0.034,,,,117.89,boi_header,1312277184.0,0.23,133.849,5.8,5.4,0.028,50,1722,1563,1495,1271,false,Flop
1721,1721,Chhota Bheem Himalayan Adventure,2016,8 Jan 2016,false,,B,3.9,boi_year_page,0.03,derived_nett_over_atp,,0.025,0.034,,,,131.57,boi_header,1343944296.0,0.22,147.346,5.9,5.4,0.034,48,1723,1562,1480,1238,false,Flop
1722,1722,Sehar,2005,29 Jul 2005,false,,B,1.43,boi_year_page,0.029,derived_nett_over_atp,,0.025,0.033,,,,49.16,boi_header,1154676321.0,0.25,73.99,4.3,5.3,0.055,50,1718,1587,1410,1535,false,Flop
1723,1723,Speedy Singhs,2011,23 Sep 2011,false,,B,2.56,boi_year_page,0.027,derived_nett_over_atp,,0.023,0.031,,,,95.48,boi_header,1261224956.0,0.21,109.803,5.2,4.9,0.027,50,1725,1573,1496,1398,false,Disaster
1724,1724,Pihu,2018,16 Nov 2018,false,,B,3.17,boi_year_page,0.027,derived_nett_over_atp,,0.023,0.031,,,,118.2,derived_boi_matched_n47,1374659067.0,0.2,158.226,4.5,4.9,0.019,50,1732,1585,1512,1315,false,Flop
1725,1725,Janhit Meri Jaan,2022,10 Jun 2022,false,,B,4.25,boi_year_page,0.027,derived_nett_over_atp,,0.023,0.031,,,,158.47,ormax_nett,1425423209.0,0.19,196.317,4.8,4.9,0.021,47,1736,1579,1509,1193,false,Disaster
1726,1726,Hind Ki Beti,1998,11 Dec 1998,false,,B,0.52,boi_year_page,0.026,derived_nett_over_atp,,0.022,0.03,,,,19.66,boi_header,1018665080.0,0.26,53.627,2.2,4.8,0.032,50,1713,1617,1484,1617,false,Below Average
1727,1727,Kuttey,2023,13 Jan 2023,false,,B,4.36,boi_year_page,0.026,derived_nett_over_atp,,0.022,0.03,,,,166.1,ormax_nett,1438069597.0,0.18,207.414,4.7,4.8,0.018,29,1738,1581,1513,1182,false,
1728,1728,Mixed Doubles,2006,10 Feb 2006,false,,B,1.35,boi_year_page,0.025,derived_nett_over_atp,,0.021,0.029,,,,53.91,boi_header,1172878888.0,0.21,78.334,3.8,4.5,0.026,50,1726,1591,1499,1542,false,Flop
1729,1729,Ek Vivaah... Aisa Bhi,2008,7 Nov 2008,false,,B,1.72,boi_year_page,0.025,derived_nett_over_atp,,0.021,0.028,,,,69.76,boi_header,1207930960.0,0.2,89.379,4.3,4.5,0.031,50,1729,1588,1488,1507,false,Flop
1730,1730,Shaadi Ka Laddoo,2004,23 Apr 2004,false,,B,1.0,boi_year_page,0.024,derived_nett_over_atp,,0.02,0.027,,,,42.14,boi_header,1135991509.0,0.21,70.817,3.1,4.3,0.041,50,1728,1602,1469,1569,false,Flop
1731,1731,Quick Gun Murugun,2009,28 Aug 2009,false,,B,1.87,boi_year_page,0.024,derived_nett_over_atp,,0.02,0.027,,,,78.63,boi_header,1225524764.0,0.19,91.27,4.6,4.3,0.039,50,1734,1584,1472,1484,false,Flop
1732,1732,Loins Of Punjab Presents,2007,21 Sep 2007,false,,B,1.42,boi_year_page,0.023,derived_nett_over_atp,,0.02,0.027,,,,60.73,boi_header,1190676028.0,0.2,82.242,3.8,4.3,0.026,50,1731,1590,1502,1536,false,Flop
1733,1733,Poorna,2017,31 Mar 2017,false,,B,3.12,boi_year_page,0.023,derived_nett_over_atp,,0.02,0.027,,,,134.38,boi_header,1359657398.0,0.17,152.254,4.6,4.2,0.024,50,1740,1583,1506,1323,false,Flop
1734,1734,Daku Kali Bhawani,2000,27 Oct 2000,false,,B,0.54,boi_year_page,0.022,derived_nett_over_atp,,0.019,0.026,,,,24.07,boi_header,1057922731.0,0.21,58.975,2.0,4.1,0.031,50,1727,1618,1487,1616,false,Flop
1735,1735,Maut,1998,17 Jul 1998,false,,B,0.43,boi_year_page,0.022,derived_nett_over_atp,,0.019,0.025,,,,19.66,boi_header,1018665080.0,0.21,53.627,1.8,4.0,0.027,50,1724,1623,1497,1632,false,Average
1736,1736,Dalaal No.1,2000,2 Jun 2000,false,,B,0.51,boi_year_page,0.021,derived_nett_over_atp,,0.018,0.024,,,,24.07,boi_header,1057922731.0,0.2,58.975,1.9,3.8,0.029,50,1730,1620,1491,1618,false,Flop
1737,1737,Dobaaraa,2022,19 Aug 2022,false,,B,3.32,boi_year_page,0.021,derived_nett_over_atp,,0.018,0.024,,,,158.47,ormax_nett,1425423209.0,0.15,196.317,3.8,3.8,0.016,47,1743,1593,1516,1296,false,Disaster
1738,1738,Basanti,2000,28 Apr 2000,false,,B,0.49,boi_year_page,0.02,derived_nett_over_atp,,0.017,0.023,,,,24.07,boi_header,1057922731.0,0.19,58.975,1.8,3.7,0.028,50,1735,1622,1494,1626,false,Flop
1739,1739,Daayan,1998,14 Aug 1998,false,,B,0.39,boi_year_page,0.02,derived_nett_over_atp,,0.017,0.023,,,,19.66,boi_header,1018665080.0,0.19,53.627,1.6,3.6,0.024,50,1733,1627,1505,1636,false,Average
1740,1740,Dhokha - Round D Corner,2022,23 Sep 2022,false,,B,3.12,boi_year_page,0.02,derived_nett_over_atp,,0.017,0.023,,,,158.47,ormax_nett,1425423209.0,0.14,196.317,3.5,3.6,0.015,47,1744,1599,1517,1324,false,Disaster
1741,1741,Dracula,1999,11 Jun 1999,false,,B,0.42,boi_year_page,0.019,derived_nett_over_atp,,0.016,0.022,,,,21.51,boi_header,1038225822.0,0.19,55.515,1.7,3.5,0.021,51,1737,1625,1510,1633,false,Below Average
1742,1742,My Friend Ganesha,2007,6 Jul 2007,false,,B,1.16,boi_year_page,0.019,derived_nett_over_atp,,0.016,0.022,,,,60.73,boi_header,1190676028.0,0.16,82.242,3.1,3.5,0.021,50,1742,1604,1508,1560,false,Flop
1743,1743,Bhootraaj,2000,21 Apr 2000,false,,B,0.46,boi_year_page,0.019,derived_nett_over_atp,,0.016,0.022,,,,24.07,boi_header,1057922731.0,0.18,58.975,1.7,3.5,0.026,50,1739,1624,1501,1628,false,Flop
1744,1744,Jungle Ki Sherni,2001,6 Apr 2001,false,,B,0.46,boi_year_page,0.017,derived_nett_over_atp,,0.015,0.02,,,,26.66,boi_header,1077898579.0,0.16,62.017,1.7,3.1,0.024,50,1741,1626,1507,1627,false,Flop
1745,1745,Jai Mummy Di,2020,17 Jan 2020,false,,A,2.41,boi_year_page,0.016,sourced,boi_year_page,0.014,0.017,0.013,hungama_footfalls,,133.16,derived_boi_matched_n41,1402617694.0,0.11,175.025,3.1,2.9,0.041,44,1747,1606,1467,1427,false,Disaster
1746,1746,Chaar Sahibzaade,2014,7 Nov 2014,false,,B,1.87,boi_year_page,0.016,derived_nett_over_atp,,0.013,0.018,,,,117.89,boi_header,1312277184.0,0.12,133.849,3.1,2.9,0.015,50,1746,1605,1518,1483,false,Below Average
1747,1747,Little Zizou,2009,13 Mar 2009,false,,B,1.17,boi_year_page,0.015,derived_nett_over_atp,,0.013,0.017,,,,78.63,boi_header,1225524764.0,0.12,91.27,2.8,2.7,0.025,50,1745,1608,1504,1559,false,Flop
1748,1748,Dhaakad,2022,20 May 2022,false,,B,2.3,boi_year_page,0.015,derived_nett_over_atp,,0.012,0.017,,,,158.47,ormax_nett,1425423209.0,0.1,196.317,2.6,2.6,0.011,47,1748,1612,1522,1435,false,Disaster
1749,1749,Yaariyan 2,2023,20 Oct 2023,false,,B,2.22,boi_year_page,0.013,derived_nett_over_atp,,0.011,0.015,,,,166.1,ormax_nett,1438069597.0,0.09,207.414,2.4,2.4,0.009,29,1751,1615,1526,1454,false,
1750,1750,Shabaash Mithu,2022,15 Jul 2022,false,,B,2.09,boi_year_page,0.013,derived_nett_over_atp,,0.011,0.015,,,,158.47,ormax_nett,1425423209.0,0.09,196.317,2.4,2.4,0.01,47,1752,1616,1524,1464,false,Disaster
1751,1751,Hacked,2020,7 Feb 2020,false,,A,1.54,boi_year_page,0.013,sourced,boi_year_page,0.011,0.014,0.009,hungama_footfalls,,133.16,derived_boi_matched_n41,1402617694.0,0.09,175.025,2.0,2.3,0.026,44,1753,1619,1498,1517,false,Flop
1752,1752,Haraamkhor,2017,13 Jan 2017,false,,B,1.65,boi_year_page,0.012,derived_nett_over_atp,,0.01,0.014,,,,134.38,boi_header,1359657398.0,0.09,152.254,2.4,2.2,0.013,50,1754,1614,1521,1510,false,Flop
1753,1753,Tera Tota Meri Maina,2002,17 May 2002,false,,B,0.32,boi_year_page,0.011,derived_nett_over_atp,,0.009,0.012,,,,29.98,boi_header,1097600380.0,0.1,63.552,1.1,1.9,0.02,50,1749,1630,1511,1637,false,Flop
1754,1754,Nikamma,2022,17 Jun 2022,false,,B,1.63,boi_year_page,0.01,derived_nett_over_atp,,0.009,0.012,,,,158.47,ormax_nett,1425423209.0,0.07,196.317,1.9,1.9,0.008,47,1756,1621,1528,1511,false,Disaster
1755,1755,Meri Dhoti Tera Ghagra,2001,24 Aug 2001,false,,B,0.27,boi_year_page,0.01,derived_nett_over_atp,,0.009,0.012,,,,26.66,boi_header,1077898579.0,0.09,62.017,1.0,1.8,0.014,50,1750,1632,1519,1640,false,Flop
1756,1756,Duplicate Sholay,2002,26 Apr 2002,false,,B,0.27,boi_year_page,0.009,derived_nett_over_atp,,0.008,0.01,,,,29.98,boi_header,1097600380.0,0.08,63.552,0.9,1.6,0.017,50,1755,1633,1515,1639,false,Flop
1757,1757,Zwigato,2023,17 Mar 2023,false,,B,1.43,boi_year_page,0.009,derived_nett_over_atp,,0.007,0.01,,,,166.1,ormax_nett,1438069597.0,0.06,207.414,1.5,1.6,0.006,29,1758,1628,1529,1534,false,
1758,1758,Indoo Ki Jawani,2020,11 Dec 2020,false,,B,1.05,boi_year_page,0.008,derived_nett_over_atp,,0.007,0.009,,,,133.16,derived_boi_matched_n41,1402617694.0,0.06,175.025,1.3,1.4,0.018,44,1759,1629,1514,1566,false,Disaster
1759,1759,Darwaza,2002,27 Sep 2002,false,,B,0.22,boi_year_page,0.007,derived_nett_over_atp,,0.006,0.008,,,,29.98,boi_header,1097600380.0,0.07,63.552,0.8,1.3,0.013,50,1757,1637,1520,1642,false,Flop
1760,1760,Munni Metric Pass,2014,5 Sep 2014,false,,B,0.63,boi_year_page,0.005,derived_nett_over_atp,,0.005,0.006,,,,117.89,boi_header,1312277184.0,0.04,133.849,1.0,1.0,0.005,50,1760,1631,1530,1603,false,Below Average
1761,1761,Code Name Tiranga,2022,14 Oct 2022,false,,B,0.79,boi_year_page,0.005,derived_nett_over_atp,,0.004,0.006,,,,158.47,ormax_nett,1425423209.0,0.04,196.317,0.9,0.9,0.004,47,1762,1635,1533,1590,false,
1762,1762,Secrets Of Sex,2012,14 Dec 2012,false,,B,0.5,boi_year_page,0.005,derived_nett_over_atp,,0.004,0.006,,,,101.74,boi_header,1278674501.0,0.04,118.092,0.9,0.9,0.005,50,1761,1634,1531,1624,false,Flop
1763,1763,Sab Kushal Mangal,2020,3 Jan 2020,false,,A,0.59,boi_year_page,0.004,sourced,boi_year_page,0.004,0.005,0.003,hungama_footfalls,,133.16,derived_boi_matched_n41,1402617694.0,0.03,175.025,0.7,0.8,0.01,44,1763,1638,1525,1609,false,Disaster
1764,1764,Bhangra Paa Le,2020,3 Jan 2020,false,,A,0.65,boi_year_page,0.004,sourced,boi_year_page,0.004,0.005,0.003,hungama_footfalls,,133.16,derived_boi_matched_n41,1402617694.0,0.03,175.025,0.8,0.8,0.011,44,1764,1636,1523,1601,false,Disaster
1765,1765,C D Kaand,2014,10 Oct 2014,false,,B,0.4,boi_year_page,0.003,derived_nett_over_atp,,0.003,0.004,,,,117.89,boi_header,1312277184.0,0.03,133.849,0.7,0.6,0.003,50,1765,1639,1534,1635,false,Flop
1766,1766,College Girl,2011,16 Dec 2011,false,,B,0.29,boi_year_page,0.003,derived_nett_over_atp,,0.003,0.003,,,,95.48,boi_header,1261224956.0,0.02,109.803,0.6,0.6,0.003,50,1766,1641,1535,1638,false,Below Average
1767,1767,Har Kisse Ke Hisse Kaamyaab,2020,6 Mar 2020,false,,A,0.49,boi_year_page,0.003,sourced,boi_year_page,0.002,0.003,,,,133.16,derived_boi_matched_n41,1402617694.0,0.02,175.025,0.6,0.5,0.008,44,1767,1640,1527,1625,false,Disaster
1768,1768,Guns Of Banaras,2020,21 Feb 2020,false,,A,0.23,boi_year_page,0.002,sourced,boi_year_page,0.002,0.002,,,,133.16,derived_boi_matched_n41,1402617694.0,0.01,175.025,0.3,0.4,0.004,44,1768,1642,1532,1641,false,Disaster
1769,1769,Kaamyaab,2020,06-Mar-2020,false,,A,,,0.002,sourced,hungama_footfalls,0.002,0.002,,,,133.16,derived_boi_matched_n41,1402617694.0,0.01,175.025,,0.4,,44,1769,,,,false,
1770,1770,Doordarshan,2020,28 Feb 2020,false,,A,0.16,boi_year_page,0.001,sourced,boi_year_page,0.001,0.001,,,,133.16,derived_boi_matched_n41,1402617694.0,0.01,175.025,0.2,0.2,0.003,44,1770,1643,1536,1643,false,Disaster
1771,1771,Happy Hardy And Heer,2020,31 Jan 2020,false,,A,0.12,boi_year_page,0.001,sourced,boi_year_page,0.001,0.001,,,,133.16,derived_boi_matched_n41,1402617694.0,0.01,175.025,0.2,0.2,0.002,44,1771,1644,1537,1644,false,Disaster
1772,1772,Shaheed Chandrashekhar Azaad,2020,24 Jan 2020,false,,A,0.03,boi_year_page,0.001,sourced,boi_year_page,0.0,0.001,,,,133.16,derived_boi_matched_n41,1402617694.0,0.0,175.025,0.0,0.1,0.001,44,1772,1648,1541,1648,false,Disaster
1773,1773,Cookie,2020,28 Feb 2020,false,,A,0.06,boi_year_page,0.001,sourced,boi_year_page,0.0,0.001,,,,133.16,derived_boi_matched_n41,1402617694.0,0.0,175.025,0.1,0.1,0.001,44,1773,1645,1538,1645,false,Disaster
1774,1774,Haunted Hills,2020,28 Feb 2020,false,,A,0.04,boi_year_page,0.0,sourced,boi_year_page,0.0,0.0,,,,133.16,derived_boi_matched_n41,1402617694.0,0.0,175.025,0.0,0.1,0.001,44,1774,1647,1540,1647,false,Disaster
1775,1775,Gul Makai,2020,31 Jan 2020,false,,A,0.06,boi_year_page,0.0,sourced,boi_year_page,0.0,0.0,,,,133.16,derived_boi_matched_n41,1402617694.0,0.0,175.025,0.1,0.1,0.001,44,1775,1646,1539,1646,false,Disaster
1776,1776,Astounding Courage In Distress,2020,3 Jan 2020,false,,A,0.02,boi_year_page,0.0,sourced,boi_year_page,0.0,0.0,,,,133.16,derived_boi_matched_n41,1402617694.0,0.0,175.025,0.0,0.1,0.0,44,1776,1651,1544,1651,false,Disaster
1777,1777,Khunnas,2020,7 Feb 2020,false,,A,0.03,boi_year_page,0.0,sourced,boi_year_page,0.0,0.0,,,,133.16,derived_boi_matched_n41,1402617694.0,0.0,175.025,0.0,0.1,0.0,44,1777,1649,1542,1649,false,Disaster
1778,1778,Careless,2020,28 Feb 2020,false,,A,0.01,boi_year_page,0.0,sourced,boi_year_page,0.0,0.0,,,,133.16,derived_boi_matched_n41,1402617694.0,0.0,175.025,0.0,0.0,0.0,44,1778,1657,1549,1657,false,Disaster
1779,1779,Run Zindagi Run,2020,31 Jan 2020,false,,A,0.01,boi_year_page,0.0,sourced,boi_year_page,0.0,0.0,,,,133.16,derived_boi_matched_n41,1402617694.0,0.0,175.025,0.0,0.0,0.0,44,1779,1658,1550,1658,false,Disaster
1780,1780,O Pushpa I Hate Tears,2020,28 Feb 2020,false,,A,0.02,boi_year_page,0.0,sourced,boi_year_page,0.0,0.0,,,,133.16,derived_boi_matched_n41,1402617694.0,0.0,175.025,0.0,0.0,0.0,44,1780,1650,1543,1650,false,Disaster
1781,1781,A Game Called Relationship,2020,21 Feb 2020,false,,A,0.02,boi_year_page,0.0,sourced,boi_year_page,0.0,0.0,,,,133.16,derived_boi_matched_n41,1402617694.0,0.0,175.025,0.0,0.0,0.0,44,1781,1654,1546,1653,false,Disaster
1782,1782,The Hundred Bucks,2020,21 Feb 2020,false,,A,0.01,boi_year_page,0.0,sourced,boi_year_page,0.0,0.0,,,,133.16,derived_boi_matched_n41,1402617694.0,0.0,175.025,0.0,0.0,0.0,44,1782,1662,1554,1662,false,Disaster
1783,1783,Yahan Sabhi Gyani Hain,2020,7 Feb 2020,false,,A,0.02,boi_year_page,0.0,sourced,boi_year_page,0.0,0.0,,,,133.16,derived_boi_matched_n41,1402617694.0,0.0,175.025,0.0,0.0,0.0,44,1783,1655,1547,1655,false,Disaster
1784,1784,Taanashah,2020,7 Feb 2020,false,,A,0.01,boi_year_page,0.0,sourced,boi_year_page,0.0,0.0,,,,133.16,derived_boi_matched_n41,1402617694.0,0.0,175.025,0.0,0.0,0.0,44,1784,1661,1553,1661,false,Disaster
1785,1785,Karim Mohammed,2018,24 Aug 2018,false,,B,0.02,boi_year_page,0.0,derived_nett_over_atp,,0.0,0.0,,,,118.2,derived_boi_matched_n47,1374659067.0,0.0,158.226,0.0,0.0,0.0,50,1785,1653,1558,1654,false,Flop
1786,1786,Shimla Mirchi,2020,3 Jan 2020,false,,A,0.02,boi_year_page,0.0,sourced,boi_year_page,0.0,0.0,,,,133.16,derived_boi_matched_n41,1402617694.0,0.0,175.025,0.0,0.0,0.0,44,1786,1652,1545,1652,false,Disaster
1787,1787,English Ki Taay Taay Fisss,2020,3 Jan 2020,false,,A,0.01,boi_year_page,0.0,sourced,boi_year_page,0.0,0.0,,,,133.16,derived_boi_matched_n41,1402617694.0,0.0,175.025,0.0,0.0,0.0,44,1787,1663,1555,1663,false,Disaster
1788,1788,Amar Kahani Ravidas Ji Ki,2020,7 Feb 2020,false,,A,0.01,boi_year_page,0.0,sourced,boi_year_page,0.0,0.0,,,,133.16,derived_boi_matched_n41,1402617694.0,0.0,175.025,0.0,0.0,0.0,44,1788,1656,1548,1656,false,Disaster
1789,1789,Kaanchli - Life In A Slough,2020,7 Feb 2020,false,,A,0.01,boi_year_page,0.0,sourced,boi_year_page,0.0,0.0,,,,133.16,derived_boi_matched_n41,1402617694.0,0.0,175.025,0.0,0.0,0.0,44,1789,1660,1552,1660,false,Disaster
1790,1790,Khwab Sare Jhootey,2020,21 Feb 2020,false,,A,0.01,boi_year_page,0.0,sourced,boi_year_page,0.0,0.0,,,,133.16,derived_boi_matched_n41,1402617694.0,0.0,175.025,0.0,0.0,0.0,44,1790,1664,1556,1664,false,Disaster
1791,1791,Teen Muharat,2020,28 Feb 2020,false,,A,,,0.0,sourced,boi_year_page,0.0,0.0,,,,133.16,derived_boi_matched_n41,1402617694.0,0.0,175.025,,0.0,,44,1791,,,,false,
1792,1792,Pagle Aazam,2020,31 Jan 2020,false,,A,0.01,boi_year_page,0.0,sourced,boi_year_page,0.0,0.0,,,,133.16,derived_boi_matched_n41,1402617694.0,0.0,175.025,0.0,0.0,0.0,44,1792,1665,1557,1665,false,Disaster
1793,1793,Kehta Hai Yeh Dil,2020,28 Feb 2020,false,,A,,,0.0,sourced,boi_year_page,0.0,0.0,,,,133.16,derived_boi_matched_n41,1402617694.0,0.0,175.025,,0.0,,44,1793,,,,false,
1794,1794,Bunker,2020,17 Jan 2020,false,,A,0.01,boi_year_page,0.0,sourced,boi_year_page,0.0,0.0,,,,133.16,derived_boi_matched_n41,1402617694.0,0.0,175.025,0.0,0.0,0.0,44,1794,1659,1551,1659,false,Disaster
1795,1795,Rizwan,2020,28 Feb 2020,false,,A,,,0.0,sourced,boi_year_page,0.0,0.0,,,,133.16,derived_boi_matched_n41,1402617694.0,0.0,175.025,,0.0,,44,1795,,,,false,
1796,1796,Naagmani - Naag Ka Gehna,2018,24 Aug 2018,false,,B,0.01,boi_year_page,0.0,derived_nett_over_atp,,0.0,0.0,,,,118.2,derived_boi_matched_n47,1374659067.0,0.0,158.226,0.0,0.0,0.0,50,1796,1666,1559,1667,false,Flop
1797,1797,Berozgaar Leader,2019,9 Aug 2019,false,,B,0.01,boi_year_page,0.0,derived_nett_over_atp,,0.0,0.0,,,,133.83,derived_boi_matched_n48,1389030307.0,0.0,164.163,0.0,0.0,0.0,50,1797,1667,1560,1666,false,Flop
1798,1798,Adventure Kids,2020,3 Jan 2020,false,,A,,,0.0,sourced,boi_year_page,0.0,0.0,,,,133.16,derived_boi_matched_n41,1402617694.0,0.0,175.025,,0.0,,44,1798,,,,false,
1799,1799,Sabne Bana Di Jodi,2020,31 Jan 2020,false,,A,,,0.0,sourced,boi_year_page,0.0,0.0,,,,133.16,derived_boi_matched_n41,1402617694.0,0.0,175.025,,0.0,,44,1799,,,,false,
1800,1800,Awasaan,2020,17 Jan 2020,false,,A,,,0.0,sourced,boi_year_page,0.0,0.0,,,,133.16,derived_boi_matched_n41,1402617694.0,0.0,175.025,,0.0,,44,1800,,,,false,
,,Bahubali 2 - The Conclusion,2017,28 Apr 2017,true,Telugu,A,510.56,boi_year_page,5.252,sourced,boi_year_page,4.727,5.777,5.252,hungama_footfalls,10.0,134.38,boi_header,1359657398.0,38.63,152.254,746.1,957.0,3.965,50,,,,,false,All Time Blockbuster
,,Pushpa 2,2024,5 December 2024,true,Telugu,A,830.1,wiki_domnet_dubbed,3.9,sourced,boi_article,3.51,4.29,4.0,hungama_footfalls,5.5,173.97,interpolated,1451098474.0,26.88,217.735,848.2,710.6,4.15,17,,,,,false,
,,KGF Chapter 2,2022,14 Apr 2022,true,Kannada,A,427.49,boi_year_page,2.55,sourced,boi_article,2.295,2.805,2.693,hungama_footfalls,5.05,158.47,ormax_nett,1425423209.0,17.89,196.317,484.5,464.6,2.353,47,,,,,false,All Time Blockbuster
,,Kalki 2898 AD,2024,27 June 2024,true,Telugu,B,294.25,wiki_domnet_dubbed,1.691,derived_nett_over_atp,,1.438,1.945,,,,173.97,interpolated,1451098474.0,11.66,217.735,300.7,308.2,1.471,17,,,,,false,
,,2.0,2018,29 Nov 2018,true,Tamil,A,185.89,boi_year_page,1.658,sourced,boi_year_page,1.493,1.824,1.658,hungama_footfalls,4.25,118.2,derived_boi_matched_n47,1374659067.0,12.06,158.226,261.4,302.2,1.156,50,,,,,false,Super Hit
,,Bahubali - The Beginning,2015,10 Jul 2015,true,Telugu,A,119.2,boi_year_page,1.483,sourced,boi_year_page,1.335,1.632,1.483,hungama_footfalls,4.9,125.97,boi_header,1328024494.0,11.17,140.363,188.9,270.3,0.852,50,,,,,false,Blockbuster
,,RRR,2022,25 Mar 2022,true,Telugu,A,275.01,boi_year_page,1.425,sourced,hungama_footfalls,1.283,1.568,,,4.4,158.47,ormax_nett,1425423209.0,10.0,196.317,311.7,259.6,1.514,47,,,,,false,Blockbuster
,,Pushpa - The Rise,2021,17 Dec 2021,true,Telugu,A,108.33,boi_year_page,1.316,sourced,hungama_footfalls,1.184,1.448,,,,145.27,interpolated,1414203896.0,9.31,184.029,131.0,239.8,4.272,12,,,,,false,
,,Saaho,2019,30 Aug 2019,true,Telugu,A,148.84,boi_year_page,1.305,sourced,boi_year_page,1.175,1.436,,,,133.83,derived_boi_matched_n48,1389030307.0,9.4,164.163,201.7,237.8,0.754,50,,,,,false,Hit
,,Kantara: Chapter 1,2025,2 October 2025,true,Kannada,B,224.39,wiki_domnet_dubbed,1.232,derived_nett_over_atp,,1.047,1.416,,,,182.2,ormax_nett,1464245393.0,8.41,222.489,224.4,224.4,0.664,6,,,,,false,
,,Salaar,2023,22 Dec 2023,true,Telugu,B,169.09,boi_year_page,1.018,derived_nett_over_atp,,0.865,1.171,,,,166.1,ormax_nett,1438069597.0,7.08,207.414,181.4,185.5,0.65,29,,,,,false,
,,Mahavatar Narsimha,2025,25 July 2025,true,Multiple [ a ],B,182.83,wiki_domnet_dubbed,1.003,derived_nett_over_atp,,0.853,1.154,,,,182.2,ormax_nett,1464245393.0,6.85,222.489,182.8,182.8,0.541,6,,,,,false,
,,Vikrant Rona,2022,28-Jul-2022,true,Kannada,A,,,0.067,sourced,hungama_footfalls,0.06,0.074,,,,158.47,ormax_nett,1425423209.0,0.47,196.317,,12.2,,47,,,,,false,
